transaction_id,user_id,amount,transaction_type,merchant_category,country,hour,device_risk_score,ip_risk_score,is_fraud
903,42,79.89592624379631,POS,Travel,UK,23,0.2409825761766832,0.0931445499223255,0
1136,617,93.26000739532604,POS,Electronics,DE,10,0.0685426720388696,0.0549122181477787,0
3853,87,149.48996729637554,QR,Clothing,DE,11,0.1861157845561485,0.2885745631617673,0
8090,910,106.6816596594367,POS,Clothing,US,22,0.2352738512873189,0.2194024717588562,0
5325,149,146.2005528628586,POS,Travel,FR,19,0.0625720197832008,0.0259098642063737,0
7655,391,73.88458362634874,ATM,Food,UK,23,0.2829477309454562,0.2882828069418851,0
7416,301,126.476272216403,POS,Food,US,19,0.2820536812594058,0.1074364401495557,0
471,699,88.56007460928272,ATM,Clothing,FR,15,0.0163765387805832,0.0213823289630027,0
8237,573,16.07494057258812,ATM,Food,FR,11,0.2334093167451574,0.264865250969551,0
3145,956,171.23594151585235,POS,Grocery,US,11,0.013618200418862,0.297651848298769,0
1565,61,144.74937180474035,ATM,Grocery,FR,8,0.0445365953807443,0.2775760422714091,0
5680,892,44.08238869997591,Online,Electronics,FR,6,0.1382093213792291,0.1010149853801224,0
4269,764,137.4410590590389,Online,Clothing,FR,10,0.1207870327276101,0.2762357328937011,0
2947,238,109.241988218019,POS,Clothing,FR,9,0.0996570784414495,0.1810622811463671,0
5104,278,75.13129251748558,ATM,Clothing,US,7,0.2837171624463208,0.0584486602292654,0
7680,789,51.57936431449999,Online,Clothing,US,13,0.1275580214627552,0.2465519571123471,0
2653,462,136.07179536720423,POS,Clothing,DE,21,0.1533970399206423,0.1504889039148388,0
6230,579,72.7170503394284,POS,Travel,FR,12,0.1218973140208226,0.2521982789733108,0
6532,609,65.14158425918825,QR,Food,UK,23,0.2449789425659709,0.0414550504347174,0
4444,573,46.347452064676695,QR,Food,UK,19,0.1899341999018619,0.1057544733967601,0
3893,330,45.42354454819203,Online,Electronics,DE,22,0.0128762762021876,0.0647759018901101,0
377,735,81.1441063153276,POS,Travel,TR,22,0.0442553994860551,0.0187195461117625,0
9861,669,2359.975487459196,Online,Electronics,TR,16,0.9753845999128214,0.7197512041537777,1
4727,530,119.63654701909952,QR,Grocery,TR,23,0.0101727193882172,0.0997034254590181,0
7392,753,51.45075673921549,QR,Grocery,UK,16,0.1541558890987049,0.1786982942708775,0
3938,840,137.88054684631553,ATM,Electronics,TR,16,0.1511823826365276,0.2700597105162163,0
3192,794,5.300320357889177,Online,Travel,UK,22,0.0425586968714344,0.1201175931088365,0
5100,740,111.92350794572737,POS,Electronics,US,12,0.149880611434727,0.0728914373155889,0
9316,59,6.165244576953228,ATM,Travel,TR,13,0.1805216029932808,0.2021298529380646,0
5762,730,55.56448246966368,Online,Grocery,TR,12,0.0872048095545508,0.0486944030388536,0
3449,512,101.7571112310436,ATM,Electronics,FR,17,0.2142200864026189,0.1080232333501272,0
4456,960,55.27443891908632,Online,Travel,UK,6,0.2742915407057126,0.1429393467613448,0
7580,548,119.12704102475338,QR,Food,US,17,0.0129555260696748,0.0805524443685727,0
7261,475,125.3232530964044,ATM,Grocery,TR,6,0.0011964293198486,0.0681265412736063,0
6180,535,169.36251279833914,ATM,Travel,US,14,0.2879351056660507,0.0984168337065864,0
3412,499,33.444695062930194,Online,Travel,FR,6,0.0232944379372428,0.0373990782388791,0
4595,286,65.9130032942566,POS,Clothing,UK,13,0.2730534633173087,0.1313974382333001,0
5369,113,3.1104921909252283,QR,Clothing,UK,18,0.1333768275023145,0.0102793462582831,0
4272,13,95.92629134008637,QR,Travel,TR,20,0.2477964929899834,0.1994954184648762,0
4421,690,120.02514784313853,Online,Travel,US,19,0.0020652695242407,0.021322438996109,0
884,75,95.9685595775095,POS,Electronics,UK,16,0.2383098289240758,0.0677858963876305,0
7982,559,56.05039934019448,POS,Travel,TR,20,0.2288553228402792,0.0157068023716429,0
3796,125,66.98353691243132,POS,Clothing,DE,20,0.0750683718372333,0.1253727191063002,0
7715,417,139.4913035208843,QR,Grocery,UK,8,0.0144501667823395,0.0618792128491213,0
8850,574,95.70028421773434,QR,Grocery,US,12,0.1370257318890251,0.0389413256059016,0
8791,886,38.40706444640112,POS,Electronics,DE,10,0.1158422454775007,0.1832381439081584,0
186,389,66.77814089473262,ATM,Electronics,FR,9,0.0983105467149703,0.2965890699866981,0
7322,146,91.46439993717392,ATM,Travel,US,14,0.2994328807372029,0.1979541059882515,0
444,491,107.5516454527568,QR,Grocery,US,22,0.0669443876648867,0.2133114730684413,0
5327,432,224.9100058987056,QR,Grocery,TR,6,0.0354355258822989,0.1528628148469528,0
5511,744,73.7582260449615,POS,Clothing,FR,10,0.1572485058946412,0.0873080111304359,0
5439,880,81.96167934018288,POS,Electronics,FR,9,0.1410244912163344,0.1595495469028308,0
7769,913,28.823242951488425,Online,Food,DE,13,0.0968759836631885,0.1765049485188039,0
9573,4,10.0,Online,Electronics,TR,23,0.7072761753457486,0.9482055610204082,1
8773,486,93.83509767905008,ATM,Food,UK,23,0.1212439914846439,0.026808828247771,0
7396,309,103.4943997934704,POS,Food,UK,13,0.2819132340093351,0.1661318151718537,0
6862,497,113.30427105335204,Online,Grocery,UK,19,0.0695083937855929,0.0080732857512108,0
9931,677,1739.46309710285,QR,Food,FR,4,0.8046856493549818,0.847659246743333,1
9359,840,163.80494144089096,Online,Food,US,14,0.2221692162699937,0.1409251208609349,0
1431,498,94.22953309001072,POS,Clothing,UK,8,0.1127962207741141,0.2912487379724086,0
4067,593,102.35171820042515,ATM,Grocery,UK,19,0.0980763231592013,0.1352837659637552,0
9035,358,76.69547978824451,POS,Grocery,TR,7,0.0939759661489337,0.1849988394372379,0
6789,114,1.0,ATM,Travel,US,13,0.1576838716659681,0.1363441432661212,0
1617,484,1.0,POS,Electronics,TR,7,0.2601465614361886,0.0104037278954516,0
2517,967,94.25837874568894,Online,Travel,UK,17,0.0777432649284167,0.0920286513575952,0
4633,720,26.519084799685476,POS,Electronics,UK,12,0.1845854090515237,0.2584443324040676,0
6187,896,99.0646252361489,ATM,Food,DE,6,0.1545209524882043,0.0549424466247138,0
3436,721,167.3928793631245,POS,Clothing,DE,20,0.2885717828590098,0.2034325717268446,0
3087,600,57.63653615656029,POS,Grocery,TR,15,0.1179278597238545,0.0143520679359368,0
6993,436,98.97102864545676,QR,Grocery,UK,13,0.1383590368912723,0.1667000300467671,0
7432,877,1.0,QR,Travel,DE,12,0.1017149026596893,0.1935156041209338,0
5408,364,173.6451622832589,ATM,Grocery,US,21,0.1751887388305007,0.1537777733020645,0
1824,112,105.43916819269828,Online,Grocery,DE,14,0.2353069636553828,0.0550187817310825,0
7822,454,175.7739832843805,QR,Electronics,UK,19,0.1196026900551166,0.0437674265540451,0
3476,810,83.42994481518681,QR,Clothing,FR,18,0.2867455311818064,0.2350928529549865,0
7082,921,14.820891986352096,QR,Grocery,TR,10,0.2561455446685711,0.1934504509680343,0
2518,958,188.08375475969893,ATM,Electronics,UK,13,0.1785645361029071,0.1967762217587161,0
5928,836,132.5115754724773,QR,Food,TR,6,0.2802992491110208,0.1264368465739409,0
2129,421,67.31614731259711,Online,Travel,DE,18,0.116057274673384,0.1323925632156339,0
7528,427,97.15717000676165,POS,Clothing,US,11,0.0414749198578546,0.0870444484163743,0
6018,929,177.62237739641563,QR,Grocery,UK,16,0.0868021469862403,0.1814388767315039,0
1696,539,104.36207189103048,Online,Clothing,DE,13,0.2265904262082801,0.1150886232667367,0
5583,663,1.0,POS,Electronics,US,7,0.0009569881052836,0.2552814202185759,0
5167,177,82.00157892879378,POS,Electronics,UK,15,0.1545870718736494,0.2760087274950056,0
8129,864,141.2257578009298,QR,Travel,TR,11,0.0725893334306832,0.050870128049027,0
4616,208,120.54159815620751,QR,Food,DE,20,0.0636050466610528,0.2053659527114258,0
902,850,58.47438508612293,POS,Electronics,DE,6,0.1060159913814847,0.0579006198634511,0
4838,379,37.95454672450962,ATM,Electronics,UK,7,0.0565363208696912,0.0104268284103491,0
412,194,150.98882635941442,POS,Travel,US,16,0.0941070638451281,0.2803583420377669,0
4488,320,52.05519192760516,QR,Food,DE,17,0.293994166822683,0.174025485127908,0
1634,236,110.05617293507628,Online,Grocery,FR,21,0.0984967562897416,0.1103538361736947,0
3187,494,94.42331919032463,Online,Clothing,FR,14,0.0082229204117205,0.238358955037042,0
1915,627,81.77729325255292,POS,Food,TR,17,0.2194368782751761,0.1669580361174529,0
6905,527,43.74904667096795,POS,Food,DE,23,0.2223780217913717,0.2893577972742732,0
3551,758,58.34027987320633,Online,Travel,DE,17,0.0652869322312994,0.2393565437849654,0
7610,144,127.6059342622498,POS,Food,UK,8,0.0906643392675391,0.1588476826835646,0
8412,129,98.03300220363197,Online,Travel,UK,7,0.2349944786467139,0.1314491746266541,0
9484,420,166.77158644847924,POS,Electronics,UK,6,0.2981191565621718,0.1885032353242198,0
7703,112,75.98991373274815,ATM,Clothing,UK,17,0.2582424754140746,0.216210501110583,0
2048,246,123.92651570749516,POS,Travel,UK,13,0.2167916564774439,0.2482579550605145,0
6125,72,199.8750046589837,POS,Electronics,DE,18,0.2756051075677329,0.1247346693419715,0
8795,932,156.3904989978625,QR,Food,US,23,0.0110962354404173,0.0908298065777779,0
8264,544,169.538158601674,Online,Clothing,US,17,0.0036370687804414,0.2433822772380717,0
6656,225,96.46399755498938,POS,Grocery,TR,21,0.010938494739082,0.0174155877906823,0
5591,209,132.72391564550537,QR,Grocery,UK,12,0.1252082620897326,0.2110302078596874,0
5653,392,180.20491110995172,POS,Travel,US,13,0.2085719033647829,0.1488462798541279,0
4617,96,126.77976984220236,ATM,Travel,DE,11,0.000536691060136,0.1903983631105811,0
3316,550,53.71076703681892,ATM,Grocery,DE,7,0.1306370714612992,0.0091745787915316,0
5031,731,93.66695592346127,POS,Food,TR,10,0.2062291834634776,0.1414243592891194,0
2582,794,96.95341824263578,ATM,Clothing,DE,12,0.0631566425206825,0.0779618319577542,0
2324,5,75.28992254186474,POS,Grocery,UK,18,0.0457105657910053,0.0450683939679369,0
9141,432,96.460378740764,ATM,Clothing,UK,22,0.18184132958236,0.0923908233888784,0
804,378,54.31033242082393,QR,Food,TR,18,0.1360716433578544,0.0138606227352279,0
8593,227,54.20940979122377,ATM,Electronics,DE,21,0.2105547426654529,0.2803678851567803,0
4828,577,140.53633336195074,Online,Clothing,UK,15,0.014490109572001,0.0401655287271722,0
3599,143,155.65965622884886,QR,Travel,US,23,0.2582861471236544,0.0553491972164393,0
3467,290,124.73523340251116,Online,Grocery,FR,16,0.1429260916085162,0.0637310031110126,0
4844,898,158.88531771775092,ATM,Grocery,DE,6,0.040573664078498,0.2114432723773558,0
2380,587,101.83099631791114,QR,Clothing,US,17,0.0525530734773701,0.2895347893078862,0
2247,478,107.49031534705426,POS,Food,TR,16,0.1195384455774694,0.2684511404141051,0
4785,147,62.90455001775982,POS,Clothing,US,14,0.203655279104025,0.0377685486759895,0
5933,300,67.90015027733324,Online,Clothing,TR,20,0.1188593264380584,0.2616089424896448,0
8561,252,208.29398706955956,POS,Food,TR,11,0.1168248581118026,0.1122889772329398,0
9670,378,10.0,ATM,Clothing,DE,8,0.7724217599634753,0.7991448023352883,1
2673,791,63.34985404438171,QR,Clothing,DE,6,0.0314204327017326,0.0575505522098685,0
7787,292,197.10390050826004,QR,Clothing,TR,6,0.0130383601710935,0.1794128262679375,0
9052,788,95.18858857584048,QR,Grocery,US,9,0.1387786218318584,0.2172728321034892,0
8369,512,166.6834870573977,QR,Electronics,UK,6,0.0240382888490581,0.1684898607363534,0
2084,81,122.30062553642688,QR,Food,DE,17,0.0702419373547981,0.1463984384725966,0
1773,919,1.0,ATM,Food,DE,8,0.0189770094041207,0.1857748095324548,0
3615,726,34.38702033373157,QR,Travel,FR,20,0.141354378136188,0.1462150753498144,0
4622,818,19.727265048046107,POS,Grocery,US,18,0.0092284589776191,0.0869314559502301,0
8495,975,70.56576782478825,QR,Travel,US,14,0.0904023038083938,0.2480019819358309,0
2837,363,141.9274463156812,QR,Food,DE,11,0.0577824286446419,0.2388099842386666,0
2071,974,1.0,ATM,Clothing,FR,12,0.1334663164925145,0.0285771391979125,0
1492,946,154.48935071020836,POS,Grocery,UK,19,0.015377600006118,0.1319105744491163,0
2684,875,69.68570049353771,Online,Food,UK,22,0.2138806257365562,0.1405365191922077,0
6700,405,119.37333963817106,ATM,Clothing,FR,9,0.1850757826634856,0.1068358982859667,0
2068,398,89.62078274284801,Online,Travel,UK,11,0.0787978887099628,0.2566438932620105,0
1034,324,95.95375233590984,POS,Clothing,US,23,0.1667427383796247,0.1941043512576437,0
1168,376,78.51120369234897,ATM,Food,DE,10,0.0106860418232089,0.2748492610301152,0
7586,51,111.5712734156154,ATM,Clothing,US,23,0.0835413706032636,0.0725032313414699,0
8242,577,72.33607135659648,QR,Electronics,US,17,0.1263787274231961,0.1197849371952592,0
5257,677,120.13199784960018,ATM,Electronics,DE,10,0.0317075720604852,0.2352140036902847,0
2373,933,142.85651658763592,ATM,Electronics,UK,23,0.0551346987519499,0.0148587143049711,0
7669,581,88.09904597755543,Online,Electronics,TR,22,0.2967969859040555,0.2781527507039223,0
5456,677,113.3498048428854,ATM,Food,TR,14,0.2360751585945478,0.0972680257081986,0
9496,911,58.1574218256303,Online,Food,TR,23,0.188269387435584,0.0415431449919348,0
1626,266,38.562737212390566,POS,Travel,UK,21,0.2818728073616008,0.0405832799643833,0
660,113,170.36190683838817,Online,Grocery,FR,22,0.2282577922485999,0.0655918886359495,0
8423,214,137.0362841491321,QR,Electronics,TR,10,0.0135252593511669,0.0843127617811256,0
6574,71,19.125511037921328,QR,Grocery,FR,14,0.0479048840205558,0.1789491131914957,0
3660,495,158.82244126831358,POS,Travel,US,7,0.1363031094452329,0.2856437288997115,0
1452,268,121.83662777824176,Online,Travel,FR,9,0.0590672011238056,0.205381351727333,0
5733,415,198.00037594077963,ATM,Food,UK,13,0.1810158545991364,0.0821601334562005,0
2913,280,92.2409683873833,ATM,Travel,UK,11,0.0915590032719779,0.1289421801846567,0
8733,949,25.36049396856947,Online,Electronics,US,20,0.1091229837821307,0.1623661154867666,0
2575,525,31.434291194693856,Online,Food,DE,6,0.0188299006735698,0.0554545338983668,0
3333,901,158.42923075977072,QR,Electronics,FR,20,0.2920978170159826,0.1418922683477037,0
5209,670,48.37675120159487,POS,Food,TR,12,0.2339761280512388,0.2431476921430888,0
8396,456,101.1049661775468,Online,Clothing,FR,20,0.1357843035976021,0.059841061496433,0
8270,998,12.401823264720916,QR,Grocery,FR,9,0.0605054130359629,0.0013237351593282,0
5098,914,86.17743731700817,POS,Food,TR,12,0.1473883662987664,0.2617081573792501,0
202,451,96.22934095469004,ATM,Food,TR,10,0.2077524240865183,0.2696383852564061,0
6127,510,229.28953136089888,POS,Grocery,US,22,0.2430952991785862,0.2514236249630446,0
6608,645,102.07813963167776,QR,Travel,FR,18,0.1403074479354264,0.273136085387107,0
7254,6,125.4089644526164,ATM,Travel,DE,12,0.2655528696418786,0.1476687131205502,0
5233,844,61.34809087994546,ATM,Clothing,US,15,0.1407228350085286,0.0664068848012245,0
7644,426,71.8953094925907,ATM,Travel,DE,10,0.1445721153552498,0.0736832571993287,0
2304,191,103.63716643486164,POS,Travel,UK,20,0.2342819257244934,0.0252146544244788,0
2355,354,115.41821563159428,POS,Electronics,US,9,0.1327061165002658,0.1431407844856182,0
5140,971,75.56723016941334,QR,Travel,US,7,0.07628196983246,0.0159823320982195,0
8960,649,78.26284684038376,POS,Food,FR,12,0.2066863342225571,0.27482252796261,0
2841,303,184.2611755739869,POS,Clothing,UK,14,0.1377468119356312,0.0892859883752078,0
5344,559,164.18913041628866,POS,Travel,DE,14,0.2980975742911051,0.2529619953667354,0
8648,722,138.75722753057153,QR,Grocery,TR,7,0.2889904430974901,0.2886458983347969,0
1209,163,99.82471366206627,Online,Travel,FR,10,0.0443254463314998,0.262107513660321,0
7394,462,161.45918129703995,QR,Electronics,US,23,0.0239758075557,0.0866326798738648,0
7789,535,171.1795475510139,QR,Electronics,TR,21,0.1205196659338243,0.1109229480413553,0
4576,630,92.87896324562176,ATM,Travel,FR,10,0.2869905397635459,0.0843207193686657,0
4389,761,15.877198453154094,Online,Travel,UK,16,0.2982250039267956,0.28998299517021,0
1581,249,107.28245609648162,QR,Food,TR,9,0.027998787012289,0.0750246208031511,0
2848,757,157.30909515247197,ATM,Clothing,FR,18,0.0535495753851179,0.2244594270912476,0
1320,152,54.80722290238318,ATM,Food,TR,12,0.2062184485896533,0.0088032176230659,0
2798,638,147.55581536511593,POS,Grocery,US,9,0.150697351046551,0.0199588271333162,0
7852,903,118.89411411406158,QR,Food,US,12,0.2254548544068299,0.0550354859906511,0
8325,27,133.47426775873586,POS,Grocery,US,21,0.0735131541966619,0.1216322721148422,0
3657,15,58.90398337131237,QR,Travel,TR,14,0.1485992044463166,0.2800598407978024,0
4824,923,84.96779801320174,POS,Food,TR,13,0.0366932272779828,0.294330017301867,0
970,112,183.8894877372751,POS,Grocery,DE,11,0.0748281505369549,0.1721500975834172,0
9951,336,4555.012753616979,QR,Grocery,DE,23,0.8492334694746339,0.8298389600536891,1
9906,937,2879.084634049277,Online,Food,US,17,0.8724861117523716,0.9121738761873583,1
4110,499,96.43300007497984,POS,Electronics,UK,16,0.2625640681594836,0.0398571068257447,0
4632,283,109.34167363804758,POS,Grocery,TR,6,0.2744617972982605,0.0981963935100489,0
2986,606,96.42925108136733,QR,Food,FR,23,0.2061437251242192,0.1591791901207239,0
7517,89,149.67755136563284,Online,Electronics,FR,15,0.1785621866939784,0.2907865845446272,0
2325,146,25.900572943710216,POS,Clothing,DE,19,0.2128805038461209,0.0018968225419699,0
886,174,91.83460224992466,QR,Travel,DE,19,0.2207481303067132,0.1678023471417386,0
6246,258,150.03017042581342,Online,Grocery,TR,15,0.0838479537465435,0.2317184221754882,0
9547,275,787.7082004651951,QR,Electronics,FR,5,0.7894584593397798,0.7397554717647324,1
9753,188,3578.485625808308,POS,Clothing,UK,3,0.8576924264209616,0.9011539824351812,1
9665,350,10.0,ATM,Food,US,10,0.998533347436214,0.9488385204264662,1
4427,933,196.81385563222815,Online,Travel,FR,18,0.1791230154396334,0.2208394719835076,0
9894,685,432.7853914360122,POS,Electronics,US,4,0.8140896993560419,0.9570497565608104,1
6675,371,77.42046733764606,Online,Electronics,TR,10,0.0894630315752728,0.2069218250025424,0
5311,367,107.68747644042392,POS,Grocery,UK,17,0.0555711357987867,0.2365844131930826,0
4519,813,102.18958239315542,QR,Food,UK,16,0.1913188434466013,0.1583468710449964,0
3305,626,64.38990207073283,Online,Clothing,US,23,0.2199599845638824,0.0228232178123726,0
7493,869,61.43013922783028,Online,Grocery,TR,18,0.2426767328543446,0.1640333035493726,0
7276,196,139.45086259060818,QR,Electronics,TR,16,0.1599586507695785,0.216578125473777,0
1594,210,69.01817880417678,Online,Travel,US,21,0.1946248309186616,0.1814488758219585,0
1857,259,157.4568524234267,POS,Food,FR,9,0.2000309525783097,0.0339168101611925,0
3802,126,1.0,POS,Grocery,UK,17,0.1953726251322659,0.2996688210351743,0
1858,192,23.86427451047473,QR,Grocery,DE,11,0.1058343707887721,0.2365783016944171,0
9108,12,78.35070455934022,Online,Food,DE,12,0.191487372829828,0.032687144845051,0
1119,24,140.3174205537465,QR,Travel,TR,18,0.0853370975291758,0.0509807968356358,0
6749,404,110.74001878585692,POS,Food,UK,19,0.1429126187802288,0.1669625275186089,0
3230,730,40.20228299722059,QR,Food,TR,10,0.2501967610804421,0.2434069986915921,0
2154,386,163.19269199550604,Online,Grocery,TR,21,0.2049258651393475,0.2086548789186131,0
730,706,93.01005404946252,ATM,Electronics,FR,9,0.0583956898946071,0.0418052044497954,0
7449,759,85.1814053123375,QR,Travel,FR,14,0.1348666004395423,0.0622007535148578,0
7444,697,125.493799145338,ATM,Electronics,UK,12,0.1598408910628477,0.1480916700545059,0
6629,773,131.43771572639233,ATM,Electronics,FR,16,0.2379247991284574,0.1406525647309563,0
8232,124,98.92369271555918,POS,Electronics,UK,9,0.2027985825106494,0.0842469308065906,0
8330,715,98.01750869852404,ATM,Food,FR,22,0.1305241510348558,0.2736564457153704,0
3033,107,85.92356450678393,QR,Travel,TR,7,0.2379847717301056,0.161388583897637,0
9797,619,2973.2846011542683,POS,Food,US,18,0.932624543453394,0.9537457542314068,1
5858,808,55.15591892828138,POS,Travel,DE,23,0.1378684130317171,0.1624027801827042,0
933,831,145.98742394952131,POS,Electronics,US,16,0.2705785536577638,0.255535216523359,0
4060,731,88.44186123161637,ATM,Travel,TR,8,0.1872444004790696,0.2168083665739677,0
7498,79,113.36772187131264,POS,Food,UK,11,0.2822474205518153,0.1390005631067174,0
6176,661,57.45107853735231,ATM,Food,UK,20,0.1859427913970729,0.0308805111574639,0
3244,924,24.01055983240039,POS,Electronics,DE,7,0.1462936634220441,0.1834605096400766,0
1416,508,18.811582397521107,QR,Clothing,US,15,0.0368008198880506,0.1461572365004576,0
4490,896,137.02600766499975,ATM,Travel,UK,11,0.2111447832924047,0.0959315121545393,0
7931,665,1.0,POS,Clothing,UK,19,0.0380187897702057,0.1724163400001902,0
5871,556,90.61041859219308,ATM,Food,TR,6,0.1005635510826552,0.0454293335431528,0
9178,734,24.11812976067949,ATM,Clothing,UK,9,0.1928240418256595,0.0095885240110521,0
7456,238,32.00719877640488,Online,Grocery,DE,13,0.2103775423911413,0.2748682769785399,0
8895,942,149.84081447694103,POS,Food,US,13,0.0226040232729915,0.2266765792991024,0
5493,155,63.27330908259843,Online,Electronics,US,19,0.279940685806205,0.0588871379833653,0
3185,680,86.82395399204341,ATM,Grocery,UK,11,0.1516572180632866,0.2312366031069726,0
4968,308,96.37167565204048,Online,Clothing,TR,13,0.2927405449833619,0.2873961034281601,0
6786,605,99.73661116737576,ATM,Electronics,TR,21,0.2875048209916723,0.1886783821732908,0
5603,264,82.51848618866389,ATM,Grocery,DE,23,0.2388111855535543,0.0254312488689809,0
8560,330,102.852084233948,POS,Electronics,DE,23,0.180542977043178,0.1434045400143519,0
2448,142,99.08218879031315,POS,Food,UK,22,0.2887362369571711,0.0939441625421126,0
8064,286,72.11722104506738,ATM,Food,US,16,0.1201183124496258,0.0175674807048519,0
4571,889,80.6424472075088,QR,Electronics,US,9,0.1575857831304167,0.1725172991880552,0
114,912,137.31242697159496,ATM,Clothing,FR,23,0.1806754941663122,0.2967347914174333,0
4746,928,60.52231572418395,QR,Clothing,FR,12,0.0062137280905571,0.0395767600537477,0
4878,154,82.25727134628922,ATM,Electronics,US,6,0.0569755070181762,0.2610115523609362,0
2266,799,148.70616846479652,Online,Food,UK,19,0.1922751801553464,0.1654323229516727,0
2348,227,66.73422445329564,POS,Grocery,US,20,0.1765728857169652,0.1807522008479411,0
6762,505,93.25932371528008,ATM,Travel,TR,16,0.2781495931212839,0.2533010397428266,0
4504,611,129.7899737708166,QR,Clothing,DE,20,0.2017318328168769,0.0560540704043684,0
3459,729,78.86709856914392,ATM,Electronics,UK,18,0.1027842325845556,0.2867196671798879,0
8440,0,133.8501198656868,QR,Food,TR,12,0.0097558419355715,0.0254998631667294,0
9500,438,1927.7040511956247,POS,Grocery,NG,21,0.9961891088026268,0.799185119524477,1
9199,784,157.5992782923728,Online,Electronics,US,8,0.0183397115755366,0.2786709250706548,0
2137,236,99.83628104720884,Online,Electronics,US,21,0.2667397327646655,0.0444438891951902,0
6435,637,79.19802302648793,ATM,Electronics,UK,15,0.1011024691490922,0.2551850597900976,0
4791,665,61.76251498971385,Online,Food,FR,17,0.1308237640314764,0.2789866745237043,0
389,719,6.925777472225576,POS,Clothing,US,14,0.1138859202984255,0.1699689437037181,0
723,474,121.25666233568607,QR,Grocery,DE,8,0.1334978364075843,0.2921918956044216,0
2310,226,89.87385012654588,POS,Grocery,US,23,0.1019448941931112,0.2039499771299155,0
5812,443,37.52617557290496,ATM,Electronics,UK,23,0.1871999298479789,0.1785103315155841,0
6236,74,149.998803446691,ATM,Electronics,FR,19,0.0787684810034401,0.0368161100614392,0
5946,558,99.8893645020122,Online,Travel,TR,15,0.1732491055785852,0.1853188716504527,0
3868,108,156.5728898172678,Online,Food,FR,10,0.0274051123925005,0.0221309410265491,0
4876,773,80.66033310713371,ATM,Food,FR,13,0.2873580502143676,0.1709294329153685,0
6160,664,116.28422626054132,QR,Electronics,TR,10,0.2113526776823303,0.2072491226478699,0
9539,53,2792.402747694218,QR,Electronics,US,21,0.8372002570801762,0.7614200181597094,1
4171,707,117.35232287984354,Online,Grocery,UK,9,0.0865232214789197,0.0032143113876884,0
8597,520,117.92284831139273,QR,Food,DE,16,0.2953074285414794,0.0540776244290045,0
7923,675,184.30062919305155,POS,Electronics,FR,6,0.0884845433411158,0.2218404800563472,0
4512,390,121.12025414159608,POS,Electronics,TR,8,0.1629442447275151,0.2709065004217281,0
9660,598,2011.5779430232776,ATM,Electronics,NG,8,0.8016230775925294,0.9862994856801928,1
5817,83,161.02355615933612,QR,Grocery,TR,18,0.127821808966348,0.2217152434713466,0
9427,340,114.15747477592096,POS,Electronics,US,9,0.1609352761765776,0.1846293741097433,0
5086,138,151.64980395481948,ATM,Clothing,DE,17,0.0750994428025556,0.0890178535948257,0
3712,318,98.92992510454008,QR,Travel,US,9,0.2637456922837299,0.154538223612578,0
2016,959,50.00523538759499,Online,Electronics,US,23,0.1123086591898789,0.2188297683117053,0
8083,603,61.35832699818505,Online,Clothing,TR,14,0.0863702230724592,0.1503986158084979,0
9717,459,10.0,QR,Electronics,US,21,0.825030666434738,0.8745542072602706,1
7356,713,28.19697525818336,QR,Travel,TR,12,0.0719669845741901,0.191071688332389,0
7657,95,166.39855846539547,ATM,Grocery,FR,20,0.0377309738185837,0.0651887306141066,0
60,259,104.81846200299978,QR,Travel,UK,10,0.1250723325380695,0.1089980004200181,0
9270,394,235.8476517169421,Online,Travel,TR,11,0.1916120107345395,0.0324401105970036,0
4623,959,63.23626403112222,QR,Clothing,TR,17,0.0439043372859282,0.0180300531417466,0
1233,368,78.45911988059021,QR,Clothing,FR,18,0.0300342938093997,0.0645874234219322,0
8619,93,125.77578170075464,QR,Food,US,19,0.0957464150754151,0.0790826323617213,0
5081,308,130.2548916314792,QR,Clothing,TR,17,0.009925039985496,0.2508846096385083,0
8916,579,79.55004103867012,Online,Food,UK,9,0.1951667310566715,0.0512174382991818,0
1900,586,98.98801393511768,POS,Grocery,UK,9,0.2853213041128515,0.0502149098575841,0
4548,44,100.91400428794108,QR,Food,US,17,0.1214909537984706,0.0229403980446083,0
7561,889,63.469522930928605,QR,Clothing,UK,21,0.0231131527371481,0.2679215165725224,0
6977,752,141.71701105785533,POS,Travel,UK,8,0.0527670754515708,0.1108154760865759,0
4177,615,121.6289661042424,POS,Grocery,TR,7,0.2130298237056997,0.0922040932921268,0
1217,869,103.85069979918792,ATM,Grocery,UK,14,0.0798182001150929,0.1545940572004396,0
6222,270,139.9955476245402,ATM,Clothing,FR,8,0.1208783047384204,0.1025883298141881,0
2316,114,105.01448612535194,POS,Electronics,TR,19,0.2211580600691935,0.1530389487414555,0
304,487,57.68933573561325,ATM,Travel,TR,6,0.0808506017582625,0.1863245138080213,0
1141,165,84.11048930438446,Online,Travel,TR,6,0.2647837612219442,0.0087272179351651,0
1311,745,143.95691620197698,ATM,Electronics,FR,23,0.1863125697476793,0.2753174603959416,0
3083,335,5.633152428245779,ATM,Grocery,US,10,0.1619089530418345,0.1694188276155572,0
2945,581,11.31404377053785,ATM,Food,US,18,0.1837566700471464,0.286638385945857,0
7736,702,37.49556624530384,POS,Grocery,DE,23,0.0558523785900186,0.2779891965509429,0
264,973,77.77833535385415,POS,Food,TR,19,0.1639009651383376,0.0383597148494719,0
8875,388,85.49741083578915,QR,Electronics,FR,7,0.1347864643749117,0.0015865263718425,0
2395,281,137.09043707388844,POS,Travel,US,19,0.1360979589395652,0.2072898163866821,0
4511,534,46.31617522163748,POS,Food,US,6,0.0131189771681634,0.0762766890062603,0
1188,943,196.95163503989895,POS,Grocery,US,9,0.2864522471386566,0.042343103599775,0
4853,338,103.61983239091492,QR,Clothing,TR,7,0.1900044542580967,0.1801103744242676,0
3355,907,216.48087417268565,ATM,Electronics,US,9,0.1297064328312153,0.1160714833328503,0
1986,807,72.53859302523007,POS,Travel,UK,16,0.2335994804998737,0.0383470650493246,0
2009,35,125.41564780812617,QR,Food,US,17,0.1813931506553344,0.1020386326059438,0
9310,559,10.746527042676718,Online,Electronics,US,18,0.0247291386375998,0.0086532944862776,0
7100,122,5.48290988664732,ATM,Grocery,FR,15,0.045148253512718,0.1057934500591298,0
4753,48,69.57699592838696,Online,Travel,DE,13,0.1695056485813749,0.0310412474619073,0
5364,419,94.78728423417728,ATM,Clothing,TR,22,0.2382525511504674,0.2942720342776702,0
5337,246,67.38667484483427,POS,Travel,DE,13,0.0965233359075092,0.1722277483766616,0
4642,113,100.07719842061265,Online,Clothing,UK,14,0.1111057742457309,0.2916897717688701,0
9710,129,701.8997356571447,Online,Grocery,US,6,0.915489838909308,0.8749753793009547,1
4024,548,88.57173044368953,POS,Clothing,TR,14,0.1924932544884785,0.2924144569069917,0
2924,867,13.10387770171026,QR,Travel,US,11,0.0694892167053387,0.2260820816645252,0
5267,862,43.117769786536144,QR,Grocery,TR,10,0.0001901696442104,0.1547261257907248,0
7492,414,88.3934373598839,ATM,Grocery,UK,7,0.0329344505195456,0.0470723762075777,0
7557,620,8.907154911481697,Online,Electronics,FR,13,0.1497830960708004,0.2146127554720726,0
3250,557,77.15325804326285,Online,Electronics,TR,20,0.1624822660547091,0.0184628579619498,0
8150,320,27.99394354602937,ATM,Food,FR,15,0.2163627050068157,0.0732067254073686,0
5531,372,126.1975936969,QR,Travel,DE,21,0.0518664316615869,0.1350429589313675,0
5391,164,129.05727785043365,POS,Travel,FR,17,0.1010346461023241,0.0763334077717038,0
1103,153,202.1128920255396,Online,Clothing,US,15,0.2500246299655678,0.2669099563999333,0
4189,842,149.89389078971274,Online,Grocery,UK,6,0.1984928865304712,0.0656922814648987,0
1693,339,1.0,ATM,Food,UK,20,0.0998629970034142,0.1639474007590188,0
5271,803,60.45230597307929,POS,Clothing,FR,12,0.2081415817555637,0.0015954622739061,0
9631,272,307.84158833901824,Online,Travel,FR,8,0.7049791548504929,0.8927105567868033,1
7012,909,41.36158399374533,POS,Travel,FR,13,0.1803664872043894,0.1677697358077917,0
8327,445,153.00769573728755,POS,Electronics,FR,18,0.0626236353230419,0.2339625716664489,0
3653,450,79.29677835998388,POS,Clothing,DE,18,0.0820824178173808,0.1134728818216256,0
9800,595,1783.0075778543096,QR,Travel,DE,12,0.9920973880543243,0.9716293923688316,1
7328,928,1.0,Online,Food,FR,12,0.2855669383913362,0.1391332590555146,0
9364,419,58.55366854903143,ATM,Travel,FR,18,0.073480808374474,0.0621980700179968,0
2990,186,118.00956390508031,Online,Electronics,FR,14,0.1346171348244028,0.1830183531388252,0
4071,191,95.56661952529356,QR,Food,TR,18,0.2612664175149785,0.15286998622994,0
1642,394,63.51978181491671,QR,Clothing,FR,14,0.2000199143677062,0.2162990280899988,0
6061,746,130.74154838388446,POS,Clothing,UK,15,0.2405383717080051,0.2020203101540038,0
9467,888,140.29685622434252,ATM,Food,DE,10,0.0182224743868083,0.2976499905713528,0
3830,662,164.28715510665322,POS,Food,TR,23,0.2534286384667858,0.0436724719536056,0
5341,926,114.1808602752505,ATM,Clothing,UK,14,0.016823709721381,0.2150708236205043,0
2103,186,74.907420526685,QR,Food,US,7,0.1975228287670222,0.1559819881797555,0
4556,43,1.0,Online,Electronics,UK,10,0.2986456948890751,0.0186688320595877,0
8541,420,93.94170535984976,QR,Clothing,US,13,0.2080196803994096,0.1890683233937899,0
2326,183,97.4407577179786,QR,Travel,UK,9,0.1230220751999826,0.2835898322953319,0
9443,630,66.80552471934168,POS,Electronics,DE,23,0.2905633999973464,0.2554305964874843,0
9242,910,145.74541017783844,POS,Food,TR,10,0.2369938769786668,0.2330960368825025,0
355,118,80.21998133771464,QR,Electronics,TR,7,0.0772225222705812,0.0265329336676361,0
6167,325,107.46669198849006,POS,Clothing,TR,21,0.1327172961488096,0.1600573992437965,0
9676,617,2328.6052296989437,ATM,Clothing,TR,13,0.962337206020166,0.7913256414527762,1
4991,19,58.1078351988722,POS,Travel,FR,13,0.1888049013415775,0.0947802657415256,0
9333,568,152.98191103221768,QR,Clothing,US,14,0.2148121107615398,0.1474276691699247,0
7619,860,124.9265096077836,POS,Electronics,DE,7,0.1745396171164183,0.1971882542378069,0
585,595,48.37605160525639,QR,Travel,UK,8,0.037434242617639,0.1616807712984956,0
8314,441,65.07234753086412,QR,Grocery,UK,12,0.0446471378353085,0.293939739086495,0
3140,419,23.055537146070577,POS,Electronics,FR,22,0.0719400848926588,0.2744353249845866,0
6015,580,66.2756412809614,ATM,Grocery,US,7,0.2135160843399614,0.2408657370341165,0
5336,743,76.25326888893761,QR,Grocery,UK,21,0.0311010623135174,0.0483521139875674,0
2185,499,32.61065123937455,QR,Clothing,US,11,0.0550045018226874,0.222036115228131,0
4662,40,131.5971118871092,POS,Food,TR,8,0.1771342264616494,0.1669027307486191,0
370,733,149.06919961375166,Online,Travel,US,18,0.2961431169616437,0.1694810322152082,0
6243,966,42.245511241599054,QR,Electronics,UK,13,0.2618908430783049,0.2491669962378116,0
2811,404,90.35230052001164,Online,Travel,UK,22,0.1670706119431833,0.1357872249419924,0
3012,326,118.7389876096402,Online,Travel,FR,15,0.0907310949118442,0.1633393629741284,0
9198,824,148.60640659500467,QR,Travel,TR,23,0.1489023749423195,0.1280506989644121,0
6116,613,151.46988090676606,POS,Electronics,UK,20,0.1265984391713343,0.2640581474927931,0
7924,5,80.92082256757898,Online,Food,US,16,0.1924573941622463,0.1548655676325782,0
7516,239,54.45409682264816,ATM,Clothing,DE,9,0.001137344601729,0.2521111218263446,0
974,330,89.23256575858618,ATM,Electronics,UK,22,0.0091087162244103,0.0839560775128344,0
3940,41,1.0,QR,Clothing,US,13,0.2670018156252177,0.1678520989132189,0
1988,295,13.871996262376513,QR,Travel,US,16,0.0717627215955723,0.0618005853550188,0
6331,864,187.77624900350435,QR,Grocery,FR,16,0.0809971709550874,0.0446202599917949,0
2429,128,86.54322242043786,ATM,Food,FR,19,0.269340948957383,0.1706279359992056,0
1353,975,176.58212330745187,POS,Food,FR,8,0.1245981610594328,0.0736056416162115,0
3511,529,111.24754222195766,ATM,Grocery,DE,6,0.0947230482072114,0.0058566151244021,0
3672,407,129.1001677214308,QR,Clothing,FR,20,0.2803424383952648,0.1494244993045232,0
7941,45,99.0410687416429,QR,Food,US,18,0.0175972358158429,0.1660319664374974,0
720,923,136.97047443082312,POS,Clothing,UK,11,0.275281910978386,0.248282333818866,0
1408,146,89.31616155650691,ATM,Food,TR,7,0.1494630945843337,0.2007786257198079,0
8702,954,119.40109026493153,Online,Grocery,TR,9,0.206042936035236,0.0498527402931676,0
9603,91,1433.789027561676,Online,Clothing,UK,6,0.9783332554502088,0.7896962018659998,1
6596,793,36.00093631871022,QR,Grocery,UK,15,0.0757175579604058,0.2477192404076688,0
22,162,14.093125481198214,QR,Food,US,19,0.2223218202330512,0.2050641829806599,0
9706,528,913.2319181788832,ATM,Grocery,UK,18,0.963203343497204,0.7684848355398062,1
4781,486,138.15310078692772,ATM,Clothing,FR,11,0.2164868287970337,0.2373766286527607,0
3246,729,117.04408297307803,Online,Grocery,FR,16,0.1448199196092652,0.224805752853975,0
2579,654,141.2591862276684,ATM,Clothing,US,21,0.0621787844809234,0.0995547119808357,0
682,579,128.4092001670199,Online,Clothing,UK,16,0.291615751359676,0.2741327029920958,0
4712,337,69.15337648529405,POS,Clothing,US,19,0.1291182164857411,0.2334725010239451,0
2176,405,72.08675620971756,POS,Travel,US,21,0.2336220915619431,0.1590024751550168,0
8949,296,160.96289945483232,QR,Electronics,DE,11,0.2304003133987986,0.1049567145123737,0
8713,812,1.0,POS,Food,UK,12,0.2259795291004107,0.1992633652901315,0
2003,539,50.70947517622636,QR,Travel,DE,7,0.0223599930216104,0.2369042354815544,0
5972,28,77.09203357033931,QR,Grocery,UK,19,0.0877641460364969,0.0143420436235852,0
9447,330,116.5054005057576,Online,Grocery,TR,10,0.091578307144902,0.0476587068302491,0
7177,479,165.72234499884985,POS,Travel,TR,6,0.2450621619094279,0.2123831620003578,0
2332,292,56.0017823988795,POS,Travel,UK,7,0.2244497741484258,0.0069453629208602,0
7589,336,135.5516990130863,POS,Clothing,US,21,0.0927356569271591,0.0450003525518508,0
2153,905,102.240122819397,ATM,Food,UK,12,0.1040477016718974,0.1350995012542162,0
7684,787,87.30358449945419,Online,Travel,TR,6,0.1386254334978651,0.289929929844042,0
6983,287,84.52644626502801,QR,Clothing,TR,11,0.0471675465918887,0.1591464161022733,0
9421,159,1.0,Online,Electronics,FR,8,0.0044994042702732,0.110365161672614,0
8521,588,61.90360779728587,QR,Food,TR,16,0.1934961539319751,0.2563985449132008,0
7546,356,107.75735093412352,ATM,Travel,FR,8,0.2470433284441717,0.1351307607369074,0
9930,638,10.0,Online,Clothing,NG,22,0.7616992821665615,0.8780168218511699,1
5427,889,85.70720219212848,Online,Food,DE,16,0.2673614214473876,0.177773996048681,0
2366,446,33.59895704378876,QR,Food,DE,8,0.1762863963754831,0.1539572973584222,0
102,214,125.29309549202966,ATM,Grocery,DE,16,0.1865880879320773,0.0205924519335629,0
1278,206,3.5659282568578874,ATM,Clothing,FR,10,0.2235609153778892,0.238608515975417,0
9836,944,2330.2898901223143,QR,Clothing,DE,13,0.8515419123979591,0.7005303802572368,1
8642,844,47.59248501099316,Online,Food,DE,9,0.035327620739083,0.0758235568249184,0
9366,784,148.15545060217295,Online,Grocery,UK,17,0.2117204257800795,0.2642038194644343,0
6708,495,134.13528238734492,QR,Grocery,TR,7,0.1195930031996446,0.0351267694499466,0
6775,392,59.77616309641999,Online,Clothing,UK,17,0.1933880638793134,0.0658761403876744,0
7534,625,77.72645566165637,POS,Food,UK,9,0.0269256247303455,0.0888708131419488,0
8723,951,1.0,QR,Grocery,DE,22,0.0548756658266963,0.2806216986790443,0
4870,50,94.12907381070204,ATM,Electronics,UK,15,0.1769689371333246,0.0851142583077282,0
4771,128,1.0,ATM,Clothing,FR,6,0.2904346977215329,0.2121405223044114,0
4141,283,199.61828319229724,POS,Clothing,FR,9,0.0313017508777661,0.1975056948693405,0
2431,600,97.96934893396596,QR,Grocery,UK,23,0.1435077752807157,0.0548964131958283,0
5017,119,55.23914279237224,ATM,Grocery,DE,14,0.2307972291308945,0.0128242650528058,0
8152,586,48.25544906554413,POS,Electronics,DE,7,0.1504496310684825,0.150329481425582,0
2531,695,88.95498745394465,POS,Electronics,FR,15,0.2439200607597698,0.2757243173543137,0
4499,679,23.017029052355586,Online,Grocery,TR,12,0.0782756825817281,0.1890734088108968,0
2374,491,84.31356384700761,POS,Clothing,TR,7,0.2730984768017416,0.2626583489955872,0
6890,324,83.24462273359862,POS,Clothing,DE,23,0.2939272074618737,0.0496427782933053,0
1710,119,146.19325079820874,QR,Electronics,TR,8,0.150049875990684,0.2505452892671632,0
8002,201,130.33923234771686,ATM,Food,DE,7,0.1289885689052443,0.1562829261431494,0
2712,619,125.96731647985668,POS,Grocery,US,21,0.2260092955337997,0.2625741627131738,0
1326,863,123.70211557561032,POS,Clothing,FR,23,0.1749793232131777,0.0025653043140252,0
4629,526,164.97942388326032,QR,Electronics,FR,13,0.0497256695980464,0.2805512214691487,0
2527,614,113.0085945168227,QR,Food,FR,17,0.1589430950592939,0.1137162438594549,0
3578,522,144.1493102730895,QR,Grocery,FR,13,0.0092408226881519,0.2263561802868611,0
3030,617,185.59034337647523,ATM,Grocery,US,17,0.0296443702741998,0.2398045830109382,0
9431,771,93.97765023194174,ATM,Grocery,DE,13,0.1844690937476748,0.1301017630368322,0
1843,939,105.38740673130336,QR,Grocery,UK,9,0.1378996012534538,0.1480090976486405,0
1865,942,53.78839923404031,POS,Food,DE,14,0.1763139923462658,0.2198338776076364,0
9252,164,137.71569843932787,POS,Food,UK,11,0.0861108578897207,0.0338510764141098,0
1657,383,81.0102878954022,QR,Travel,FR,15,0.0558607092416158,0.185587671459186,0
6294,291,100.77023407788003,POS,Food,UK,7,0.2159655613702256,0.270020417507848,0
3761,714,30.279171737054725,Online,Food,US,7,0.0642998156496879,0.2918067040360146,0
6549,551,90.31988019963003,POS,Grocery,DE,21,0.2642069896339921,0.068914301470359,0
7363,443,160.09833172591468,QR,Electronics,US,21,0.0701485279507389,0.0969587461949463,0
9699,357,3036.509845311913,Online,Electronics,NG,4,0.80390353961277,0.7755424966457459,1
6121,13,95.6511951186638,ATM,Clothing,FR,12,0.1974058546725971,0.1581305382809011,0
6284,533,76.6101268011933,ATM,Electronics,TR,21,0.0491426149212828,0.2753764212423072,0
7815,228,52.82692106528256,POS,Grocery,FR,15,0.1662913879909748,0.0370919323627441,0
7564,388,61.21503252248825,Online,Clothing,DE,15,0.196107583839875,0.2411335377530277,0
8005,891,106.58103444944663,ATM,Food,DE,15,0.0366406759583641,0.0496482181412144,0
2042,111,65.66703954133408,ATM,Grocery,TR,10,0.1359034535262828,0.0570132867731368,0
6185,208,137.67653755503414,Online,Food,FR,12,0.0505145812300801,0.1891399372969069,0
7184,976,1.0,ATM,Clothing,US,16,0.2354370259817369,0.0986032619597602,0
2149,5,11.986874970999551,Online,Clothing,FR,15,0.2263731300133532,0.1812764249350012,0
7935,160,172.97690874389707,Online,Electronics,UK,19,0.0451939693619824,0.1312483383153829,0
2451,947,62.58948425187626,QR,Electronics,US,18,0.116673809879526,0.0650279636858516,0
6542,842,180.8980571477444,POS,Clothing,FR,22,0.2646997388641147,0.2001663480523761,0
8023,872,140.84489556532802,QR,Travel,US,21,0.0665368646618694,0.1514203380219014,0
7049,226,205.87597008655175,QR,Grocery,US,14,0.0639655731150324,0.0838408761289282,0
1030,16,18.60510767089741,QR,Food,US,20,0.0873107806133472,0.0424175091164234,0
2537,856,187.6912622424874,Online,Food,US,17,0.0537309502848352,0.0295950290183664,0
2273,903,55.45978671276877,QR,Clothing,FR,6,0.2872679084845219,0.0688003813701627,0
3079,753,2.479389917129666,QR,Food,DE,9,0.1696755858683805,0.0165887056391557,0
9240,441,101.36862393466043,POS,Grocery,DE,7,0.1921970400010813,0.1493441608443018,0
2578,444,140.5665159460709,ATM,Travel,UK,23,0.0792107185603884,0.0055379697124516,0
896,543,136.5141909653482,QR,Food,US,7,0.2908250504455761,0.266447828343389,0
8411,968,108.91454705628291,POS,Grocery,FR,8,0.1329225665967388,0.0956825326196387,0
1423,194,99.23809767499569,QR,Food,DE,22,0.1590644577502392,0.1389549414163541,0
1465,528,59.37121088445959,ATM,Clothing,DE,9,0.0432357983060051,0.1325293565767049,0
6177,804,125.0374182988421,QR,Travel,TR,10,0.2707437421310283,0.1935752095375862,0
1549,58,101.74312076645828,ATM,Clothing,US,21,0.0313853988420901,0.0255384655516102,0
319,564,141.73748613216512,ATM,Food,TR,17,0.1270948875323683,0.1021871541359195,0
8095,599,118.74664342238412,QR,Electronics,UK,19,0.1013238824920748,0.0500699244542758,0
9312,497,123.93371837932617,QR,Travel,DE,14,0.0732328357657874,0.2382649996918612,0
3809,342,26.312054932830108,Online,Food,US,16,0.0825662480459901,0.0878120654630949,0
3215,250,65.08898393892103,ATM,Travel,US,8,0.2957080364508968,0.1409723497999409,0
7841,15,77.55714201626456,ATM,Clothing,UK,14,0.23683635506466,0.1598234759985843,0
2592,569,1.0,POS,Clothing,TR,7,0.0201727549158014,0.0583027400925037,0
1940,464,134.0519798022261,Online,Travel,TR,18,0.2966754143924434,0.1910524957244524,0
1910,985,127.47147537178816,POS,Electronics,UK,15,0.1230324005203715,0.053997218948539,0
5436,391,115.03963551572372,ATM,Food,TR,17,0.2505834477869068,0.0947187395389168,0
6731,194,102.49972135601534,QR,Clothing,US,6,0.1220798908820549,0.1358276826200137,0
7465,11,91.56544825089368,QR,Food,DE,23,0.0235984939325034,0.2832372367901312,0
7248,62,165.77201091124806,Online,Clothing,TR,6,0.1986009238473615,0.1802255910473656,0
8766,721,57.4826451012885,Online,Food,US,15,0.2771604872789504,0.127014685028714,0
9509,970,3236.1742404033325,Online,Clothing,NG,21,0.7820130928178396,0.7838445424055833,1
9762,217,1455.53346892374,QR,Food,TR,4,0.8936869491190578,0.9574127250875584,1
654,979,1.0,ATM,Electronics,DE,11,0.1849096759889419,0.2764745058409998,0
8429,861,59.32789719972714,Online,Clothing,US,15,0.2787253145132943,0.2319753519369137,0
4971,468,136.0421801065343,POS,Food,DE,16,0.1182308802908815,0.1807737502389846,0
9911,593,3198.1854108007137,QR,Electronics,US,19,0.7088238353671774,0.7333495197640294,1
4532,484,93.52051946629771,ATM,Electronics,DE,7,0.0897089547873043,0.1281861771679567,0
9551,951,591.5135862889354,ATM,Clothing,DE,4,0.8746828596107878,0.7202864597953379,1
5723,313,21.08548119247948,ATM,Clothing,FR,17,0.1553045098340589,0.2810482072358385,0
2594,406,42.17941781135607,Online,Clothing,DE,18,0.2113117976873889,0.0267922492311075,0
7137,479,23.85247753073881,Online,Electronics,DE,14,0.2191542963916063,0.246211874031816,0
9007,873,1.0,ATM,Grocery,TR,19,0.2995835271945832,0.0547860744566848,0
9989,517,10.0,Online,Food,NG,14,0.703891897361814,0.9978304619783582,1
4854,673,225.93570496472316,POS,Grocery,FR,14,0.2931096751864572,0.2898914815983381,0
4568,828,78.41396589552903,POS,Electronics,DE,21,0.232669491097299,0.1859213484644682,0
758,680,67.40449823071816,Online,Grocery,US,12,0.1952199518804822,0.0978209434440626,0
7772,682,111.25946123985132,POS,Travel,TR,14,0.1643667953142659,0.2379433612865841,0
8165,938,44.150984570473575,ATM,Electronics,UK,10,0.2979645044995609,0.1434595966399732,0
9218,771,67.58294079280026,Online,Electronics,FR,13,0.1006025719169062,0.098552285358201,0
224,728,141.3853999117133,Online,Travel,FR,19,0.0709728298766744,0.2564641306004372,0
2340,675,127.75448497207934,POS,Grocery,FR,22,0.101448544172955,0.1774551838326674,0
4921,118,112.2217673989509,ATM,Travel,FR,15,0.2728664973901191,0.0879898290410308,0
2049,734,27.755133851787026,POS,Food,FR,20,0.1518093848295286,0.2063639161760701,0
6318,670,48.82581068156533,ATM,Grocery,DE,10,0.1984786205415642,0.1254612352773105,0
5552,942,80.10041125553889,ATM,Clothing,UK,15,0.0556882898441045,0.2706967026104523,0
171,440,188.1063831539545,POS,Grocery,TR,6,0.0158155047260129,0.0451849522793831,0
1759,698,55.22270576413469,QR,Travel,DE,21,0.1664425673354489,0.0721003940244699,0
3908,530,114.10034933780304,Online,Electronics,US,21,0.0514817210965754,0.1944933194525628,0
8827,718,112.6328172849462,Online,Grocery,UK,6,0.0496028131415914,0.1384946699317818,0
9872,13,2924.058447639231,QR,Clothing,UK,4,0.7650532457467041,0.8689511359233801,1
3377,259,5.717102586950489,QR,Grocery,FR,18,0.0494780837790384,0.1083760854072381,0
43,900,37.07925847175396,ATM,Electronics,UK,13,0.2167249230171899,0.0810992956845748,0
8659,716,87.33893616917032,POS,Food,US,19,0.2621196936670034,0.2119239671608929,0
8480,845,188.64919260485112,ATM,Food,UK,13,0.2581476292081608,0.0499690841007405,0
5352,473,176.67504204901547,Online,Food,US,15,0.0046139562996892,0.1206243447992925,0
4325,264,143.97335934055684,QR,Grocery,UK,8,0.0062861801761356,0.2758996181183494,0
4816,780,16.873774893195375,POS,Food,DE,15,0.1191490337019668,0.0470597153107114,0
9694,251,3149.885194598952,ATM,Electronics,UK,18,0.7504855406851163,0.7310293312437235,1
6001,280,33.46799230769895,ATM,Clothing,TR,12,0.0928470818743064,0.0074151300189422,0
8336,100,93.98556442481018,ATM,Clothing,DE,7,0.1253846520541928,0.1125328177833229,0
2477,962,94.17975502694496,ATM,Travel,DE,9,0.1069090375679379,0.0387199283557339,0
8523,680,16.84722425597404,QR,Clothing,TR,23,0.0231500673975807,0.0666180114680308,0
525,332,131.19479715382883,Online,Electronics,US,21,0.1553162307782166,0.2516835077837859,0
6639,454,78.54616745147868,ATM,Electronics,FR,19,0.2601487436245411,0.2763870107701698,0
8013,154,127.72642850109042,Online,Clothing,UK,15,0.2569081395614941,0.2296799492026588,0
4929,962,151.6814167743758,QR,Food,TR,6,0.2045974767716081,0.1523927971512076,0
3557,270,89.76217204599229,Online,Clothing,UK,6,0.0586869133174035,0.1074181560600068,0
3631,338,118.40513240784064,ATM,Electronics,DE,9,0.1985709328681529,0.244567570381064,0
7448,773,19.80191242866954,POS,Food,TR,22,0.2009624527511511,0.1650669506750753,0
1336,880,166.8190901726594,QR,Electronics,UK,15,0.2782973156353484,0.2771106715584369,0
2308,232,78.7532105131238,Online,Travel,TR,14,0.2537605924701758,0.1779131721652109,0
596,612,88.34515394814254,Online,Clothing,TR,12,0.2690329806840318,0.1006547424797859,0
429,630,57.996998222909696,Online,Electronics,DE,6,0.0289509801333878,0.2000516723448872,0
8582,252,74.85144945466861,QR,Travel,FR,17,0.1351667455649468,0.2354103875551707,0
539,831,71.21111225379798,POS,Food,US,15,0.0806220523044262,0.1158265379836464,0
7193,228,93.4147577032694,Online,Travel,DE,23,0.1453656754483049,0.12509866242616,0
36,548,54.65961369865704,Online,Electronics,DE,17,0.2024173234252667,0.0993020148451366,0
10,276,191.7101017928137,QR,Electronics,DE,7,0.1929489520927691,0.290870950094892,0
4350,282,127.34448517258424,ATM,Electronics,TR,20,0.2660407741487821,0.1463983368090704,0
4503,64,102.63361049076092,ATM,Food,TR,22,0.1781666163755102,0.1425269229854346,0
7774,511,143.24791029188378,QR,Grocery,US,20,0.1616473500206392,0.2892487291061869,0
7679,45,74.70771653735223,Online,Travel,TR,15,0.1783905692293345,0.1545613133549535,0
6817,385,107.95432629219331,QR,Clothing,DE,18,0.0178385376354318,0.1717300004745396,0
7511,639,163.47253617117963,QR,Clothing,TR,9,0.2284312798836271,0.1497584179899016,0
9942,917,842.7097579660474,Online,Travel,FR,13,0.8138110295942096,0.7464852928440957,1
9453,116,89.97135835541341,ATM,Grocery,TR,14,0.0916087388831792,0.0413845063495826,0
7666,843,70.57025077188628,POS,Grocery,DE,8,0.2401675881543244,0.2694219988936408,0
9154,898,59.64433292189625,POS,Clothing,DE,6,0.1386248523484614,0.0365482936182903,0
1935,930,189.95321170118265,POS,Electronics,FR,20,0.2565358879860387,0.0362356826076458,0
8287,552,2.93134355086616,POS,Electronics,FR,14,0.1511895141699703,0.0856530981116547,0
312,226,27.917742674459333,Online,Clothing,FR,20,0.1045160900176302,0.2610715357292354,0
9175,797,217.8064481338701,QR,Food,DE,9,0.2067809882938891,0.1429336173652243,0
40,140,60.55753751293494,POS,Electronics,TR,19,0.1829793591457427,0.2052528779324351,0
8096,513,206.04164976670177,QR,Travel,DE,21,0.2969442883430504,0.210733162231196,0
5127,890,107.99230248563973,ATM,Electronics,TR,9,0.2492204606349415,0.0668254817468971,0
1283,933,61.41451564708149,QR,Travel,UK,12,0.2944080128117232,0.2411844449316502,0
8291,918,185.20232399109585,Online,Clothing,DE,16,0.2786236044858743,0.0341857201618201,0
7246,327,59.52163065770633,ATM,Food,TR,19,0.0317445198413125,0.1182419102422535,0
3998,771,104.0612751575125,QR,Clothing,US,8,0.0895864612326376,0.1355404620290096,0
7518,231,85.63969101083654,QR,Grocery,FR,6,0.2925167046644133,0.0121742772583524,0
5810,834,42.25885661368589,QR,Travel,DE,18,0.298352929951921,0.0280356602198265,0
5278,962,108.39311968033805,POS,Food,UK,10,0.1085757485201458,0.103305415750203,0
9220,45,133.60837911261743,POS,Food,DE,18,0.0773611078511722,0.2739976557416725,0
5594,343,203.6507201501761,QR,Grocery,FR,13,0.1165781634565656,0.1866125492771832,0
1658,61,76.67225155865401,QR,Food,DE,9,0.1668418679240381,0.1215207001881916,0
472,568,122.57347932818982,Online,Grocery,US,9,0.065157561416896,0.0943076201720372,0
9802,199,1624.334951754261,ATM,Grocery,NG,4,0.8448607116302844,0.8909006271889683,1
4913,630,138.49104515788932,ATM,Food,UK,14,0.0218381042427782,0.0628669041915477,0
6607,368,99.43935059088552,Online,Travel,UK,13,0.2437617836417303,0.0055105307267096,0
6020,229,3.509554355446696,Online,Food,FR,7,0.294280859030688,0.006950895681174,0
9186,481,134.94879091723834,Online,Travel,TR,15,0.1452313377405961,0.0951124197299882,0
5064,686,119.92493893642028,QR,Travel,UK,15,0.0216815179988298,0.0528472141173154,0
1564,897,113.52040671040244,POS,Clothing,TR,8,0.295419874590945,0.2692932820217248,0
5866,920,89.59036336096311,QR,Food,UK,11,0.1892613025658298,0.0726985740811251,0
751,278,74.45875905679407,Online,Electronics,DE,14,0.1273725188855239,0.006927475744266,0
5738,73,51.86125743664676,Online,Food,DE,14,0.2998161159179129,0.2289158595038821,0
7239,474,97.54672357663276,POS,Travel,FR,9,0.1826092560311942,0.2129475901478246,0
3273,363,108.7244099743868,QR,Food,US,9,0.1106451631677939,0.1750311732181376,0
8424,459,155.36471286928054,POS,Electronics,TR,6,0.0800796229909753,0.1259153052977738,0
9766,159,22.168429062989272,ATM,Clothing,UK,11,0.725095513450173,0.7855276797868873,1
8657,381,56.37914236903097,QR,Food,FR,20,0.2899963503726318,0.1514058932004546,0
417,225,46.78776440333879,Online,Clothing,DE,13,0.2277002108611752,0.0262611419671346,0
5664,157,139.403520080148,QR,Grocery,FR,7,0.2510807414372622,0.152640753439649,0
1354,962,1.0,QR,Clothing,UK,11,0.0835811354159708,0.0999071559576466,0
639,403,81.47836992947802,Online,Food,UK,16,0.1162806638214936,0.1900887372230957,0
958,374,112.0057248860931,Online,Travel,US,19,0.1913310337232547,0.1535547942387836,0
9686,888,10.0,POS,Clothing,UK,4,0.8957586767347425,0.905504867995701,1
9611,63,3079.544746066131,ATM,Electronics,TR,8,0.8534672299517456,0.8307159619715816,1
6931,588,127.87280002363372,POS,Clothing,UK,21,0.181824923451188,0.1895609511185355,0
4750,830,160.5010655722872,QR,Grocery,FR,23,0.0158787743892528,0.2045293348596692,0
2937,691,60.37922940835141,POS,Travel,DE,20,0.052850108261833,0.0438650887902219,0
5782,472,12.03252556081857,QR,Travel,TR,20,0.2343277695061895,0.1691362557278705,0
7480,823,37.47629281982565,ATM,Food,FR,12,0.0309363826502866,0.0841780646033295,0
8231,164,88.19812142232294,POS,Food,UK,23,0.015234551590087,0.0330270460305159,0
9709,418,2473.3043827231822,QR,Electronics,DE,21,0.9792427845742048,0.731864256605963,1
7263,461,116.849692004828,ATM,Food,UK,19,0.2318546018734073,0.0181448127229222,0
7606,476,55.99550063394268,QR,Travel,DE,7,0.0261921326982176,0.0337304429139358,0
1686,479,101.12564871988636,Online,Food,FR,7,0.2437135864452831,0.2500624678292832,0
2090,427,81.54363634637532,POS,Food,FR,10,0.2953667910843585,0.0478539985541144,0
4042,205,111.1920086391618,ATM,Electronics,UK,21,0.0938963042435255,0.0449544052177618,0
6158,425,143.29307791668936,QR,Grocery,US,22,0.031979111812239,0.2474531271763363,0
7860,965,131.7563546875384,ATM,Food,FR,17,0.097800595808857,0.1301601548643552,0
1434,896,72.92841774628697,QR,Grocery,TR,22,0.1144434642686837,0.1296477492517208,0
5681,677,105.49036764284664,ATM,Travel,TR,12,0.107326809230847,0.030938598885221,0
3259,705,172.76213204102322,QR,Clothing,US,16,0.2817658418811739,0.2610200008120674,0
7765,261,189.27933512380363,ATM,Clothing,FR,20,0.135274411091741,0.1028423722828076,0
23,18,39.85984026773335,Online,Travel,DE,15,0.1073630019512042,0.1899566218851927,0
5651,954,128.6183470788825,POS,Clothing,DE,8,0.1997773897280516,0.1892107799224382,0
6628,245,20.26437977285903,POS,Electronics,US,12,0.1847831872858066,0.2066732702119203,0
3114,193,80.07591774338228,QR,Travel,FR,20,0.1685174941272599,0.0094556597529257,0
4236,775,41.35911063667193,Online,Travel,DE,16,0.0938891401152225,0.0650340879641321,0
1598,570,128.37567306448068,Online,Travel,UK,10,0.1511050912606544,0.1112558659675959,0
5085,176,89.51212346227449,POS,Grocery,UK,13,0.0175652852325844,0.1321102709175604,0
4230,581,207.55513601449144,POS,Electronics,TR,9,0.2579494787344895,0.0463690026590708,0
9596,316,3191.0462556970674,Online,Travel,TR,11,0.750255933966423,0.7540140379973674,1
134,483,45.06725184389582,QR,Clothing,TR,19,0.0017159915984346,0.2024915544271888,0
9947,123,1381.2014304953234,POS,Food,US,19,0.940388711300159,0.818065285046101,1
5929,374,50.93770256996651,POS,Clothing,DE,23,0.1766579627790507,0.21693432463101,0
6676,459,129.51633122208392,Online,Travel,FR,6,0.0493977665360796,0.1717842745606184,0
4620,190,116.62707952282216,QR,Electronics,UK,9,0.1245171688953405,0.2574591749023065,0
869,417,44.424730964943805,POS,Grocery,UK,10,0.0501367152249351,0.0121219026934475,0
9045,838,135.58671839999062,QR,Clothing,FR,22,0.1847431579906796,0.2898224408560558,0
2549,489,139.99636497649584,QR,Grocery,DE,14,0.1342178457376313,0.1166966024338101,0
1364,652,61.12334380225723,QR,Travel,FR,8,0.1654014441692171,0.1966644661593837,0
4594,31,52.37728791423868,Online,Travel,US,23,0.2393038714443728,0.2257344979806797,0
3229,507,1.0,POS,Food,DE,23,0.1361250191981739,0.1203218988062196,0
6472,977,84.9289255377541,ATM,Clothing,FR,6,0.0471594983182951,0.0303126154793819,0
4063,581,144.9451604934555,ATM,Grocery,TR,7,0.0536399566356097,0.2877224984923905,0
8793,157,105.51223160595896,QR,Clothing,UK,7,0.2795529379437225,0.100097349155961,0
8052,291,102.8977584320586,QR,Grocery,FR,20,0.0858445226600939,0.185342128432342,0
9073,734,1.0,Online,Grocery,FR,6,0.0239038115620705,0.0760224824475952,0
1662,194,73.03009492330136,Online,Electronics,US,23,0.2974776776808788,0.1960605925109449,0
5378,707,146.73350790502673,Online,Food,DE,6,0.2912353971097082,0.1949382380269708,0
5856,65,111.71798453644912,QR,Electronics,UK,10,0.1305619176926739,0.2667370603640535,0
8239,956,92.92618982672016,POS,Grocery,UK,18,0.0968940962256137,0.0504218145677722,0
7722,826,4.842839701316095,Online,Electronics,DE,18,0.0444996597352727,0.10520309727568,0
6529,891,43.74754702263435,ATM,Food,UK,11,0.0529163623065993,0.1102711431288389,0
8872,442,1.0,QR,Grocery,TR,22,0.2460912524221074,0.1080540054482407,0
6363,68,73.66851935517332,QR,Clothing,UK,7,0.2802991814144031,0.2881410936351825,0
941,457,75.23519645594655,POS,Clothing,FR,23,0.1434345545964915,0.2353009870143072,0
3904,884,158.9525107769633,QR,Electronics,US,20,0.0549276600607995,0.1596808222573981,0
7836,870,50.09496698822341,QR,Food,TR,16,0.1664992478064171,0.1514304866834608,0
372,673,97.9873550789586,QR,Clothing,UK,10,0.2259153309842398,0.1419126288112762,0
4322,425,162.12046539481025,POS,Travel,TR,16,0.1635969545972103,0.1719268665987477,0
8969,752,114.0070560864442,QR,Electronics,TR,17,0.0636227815155364,0.2115484692261734,0
1447,639,88.84650941046462,Online,Food,DE,17,0.1031122936254887,0.2557528999408655,0
46,200,31.238744101889708,QR,Food,DE,18,0.1217623908761534,0.1687011886492564,0
2350,699,87.19207783892769,ATM,Food,US,23,0.2726162811099084,0.2267672250522709,0
5830,56,75.47998967134187,ATM,Travel,FR,6,0.1871629049116314,0.0553923462640078,0
8806,468,88.9996275447062,QR,Grocery,UK,8,0.2440552722340209,0.1670636118851712,0
1446,294,53.25566536433152,POS,Grocery,US,13,0.213315044417012,0.208925956963942,0
5111,545,72.72236986315565,Online,Food,US,14,0.2653629264222875,0.2628063309459248,0
6425,235,186.0584564379632,Online,Clothing,US,7,0.2202754406287049,0.1298173341162221,0
9771,584,2182.153214815457,ATM,Grocery,NG,0,0.7555986951260361,0.9049035328642436,1
5466,445,65.49803570036912,Online,Electronics,DE,6,0.2600727080750751,0.0450917609189718,0
6328,237,115.52812418521388,QR,Grocery,FR,8,0.0660437603717993,0.1343687159870022,0
2529,697,226.66695003489215,Online,Grocery,US,6,0.121657830803774,0.0827862859779556,0
1162,921,100.19806404622938,ATM,Travel,DE,7,0.0362027665968945,0.1751900644423457,0
5316,685,139.53720036199172,POS,Travel,DE,23,0.1888806952366945,0.2613130879834131,0
6645,232,114.70124798054572,QR,Grocery,UK,19,0.1751975217032105,0.2308615757031716,0
2540,438,121.85565039603662,QR,Food,US,18,0.1052254822456646,0.1624278828401565,0
4569,129,77.0550456104561,QR,Food,US,11,0.2648834222129186,0.1363518066962833,0
987,887,65.1085355873051,Online,Electronics,US,16,0.2966184737660575,0.1670549050678632,0
3925,490,62.35473022860302,POS,Clothing,FR,11,0.1990050163192544,0.098700912365205,0
7200,974,84.77595913048461,QR,Electronics,FR,11,0.0809564474698079,0.1387592872770658,0
2468,90,192.10000747672152,ATM,Grocery,US,17,0.2973441376140543,0.008404148415255,0
8768,360,62.27811950981194,ATM,Food,US,9,0.1621106428999354,0.2241935002013271,0
881,336,146.80512175984757,Online,Clothing,FR,9,0.2702710100546824,0.1762985380869926,0
8843,970,171.73493664806938,ATM,Travel,TR,7,0.2524908648353282,0.2129046201066104,0
6281,324,96.52829657603353,QR,Electronics,DE,9,0.1678250791394885,0.1157544519483568,0
5581,195,17.995312214508147,POS,Travel,DE,16,0.1428818964836607,0.1834519687128616,0
8991,157,65.98520824703529,Online,Electronics,FR,12,0.0166937162117588,0.0329127991803315,0
9094,636,66.15148544693514,ATM,Travel,DE,8,0.1713384999367566,0.2635254075306886,0
4281,567,64.99925824533562,POS,Clothing,UK,14,0.2949937260038985,0.1902907546678293,0
5469,944,173.27150771638605,QR,Grocery,DE,19,0.2973886909729152,0.2405641306373052,0
380,32,36.811546138972886,Online,Grocery,UK,20,0.1249775178356752,0.070132618967655,0
8820,190,49.96492816102255,Online,Electronics,UK,14,0.1403470309077105,0.2403639968676503,0
3231,600,113.72379007889046,POS,Clothing,DE,16,0.2071350368680581,0.222335902445308,0
3800,610,174.8378392995237,Online,Travel,US,19,0.2870600952571541,0.0495828242849672,0
8999,819,76.2102027645697,ATM,Grocery,TR,8,0.0155322905212481,0.2668492725097155,0
7420,420,128.68677411149326,QR,Grocery,DE,16,0.0798358993452006,0.0799712418465716,0
5924,908,26.586865651897654,ATM,Grocery,UK,21,0.2129910748671405,0.286544630575677,0
6123,224,62.798007948407424,ATM,Clothing,TR,19,0.2628119039420226,0.2326124087163155,0
4601,572,62.67818203863592,ATM,Travel,US,12,0.1588125525379782,0.2232172384979557,0
576,351,56.05264983760733,POS,Clothing,UK,7,0.0248745831952627,0.0671187107656575,0
153,58,139.759343082076,QR,Clothing,DE,10,0.206164436721088,0.0485944112267539,0
1287,613,101.42141318558592,Online,Grocery,DE,20,0.0013588474704742,0.1315144829971886,0
4313,659,43.90595168328743,Online,Grocery,FR,7,0.098834153287563,0.2099301350963239,0
674,889,139.91740256745538,POS,Clothing,TR,11,0.0200915103882367,0.1376676251917746,0
6838,260,180.37096735406752,ATM,Travel,TR,22,0.0418603197533769,0.0845820612867884,0
863,377,108.72715299765512,POS,Electronics,US,20,0.1835232620829174,0.1355019301739883,0
6072,216,114.6658092410237,QR,Grocery,FR,16,0.2262459419887471,0.2178842567447797,0
2957,915,126.45851834723663,Online,Electronics,UK,7,0.0366294662777047,0.1876284475562466,0
2745,900,28.25917443266725,QR,Food,FR,18,0.0241771211778849,0.1595923692951038,0
3536,541,126.58986992403112,QR,Grocery,US,6,0.1452198033302216,0.2172420433092779,0
1397,673,143.1785679567906,Online,Electronics,UK,19,0.1665091101377457,0.0580944740944136,0
6553,701,39.16784522296628,Online,Food,TR,7,0.1116739997448859,0.2332112911499127,0
9476,569,185.26645164488048,QR,Travel,DE,21,0.0231284115943343,0.2056951187104751,0
6178,403,137.9687749694726,POS,Travel,DE,20,0.0907320169312686,0.1861262282056069,0
4027,72,101.67973166634248,POS,Grocery,DE,20,0.2316142828402888,0.0894139884303629,0
4756,354,85.26444805779094,POS,Electronics,UK,19,0.1637699513439922,0.2778166988094023,0
5450,696,117.0613316346242,QR,Food,FR,19,0.230605417433966,0.2604954277976882,0
1876,58,25.006618036874144,Online,Electronics,US,22,0.176964902746538,0.0755098787309028,0
2162,254,54.328743684134864,Online,Electronics,US,15,0.137220665759925,0.1174061479226517,0
6442,473,75.89286944976504,Online,Grocery,FR,17,0.0385590962765464,0.1930325366501305,0
811,21,43.24477393921441,POS,Grocery,TR,21,0.1594961362849765,0.0975828733913405,0
724,835,44.91128185301131,Online,Electronics,US,6,0.2192686524833498,0.1059762593718076,0
1784,354,27.310072462686374,Online,Electronics,US,9,0.1714757038275395,0.0888648690980656,0
3410,749,117.64853748614338,QR,Food,FR,12,0.1065279111918914,0.0859084690208497,0
8254,36,121.64092706326612,POS,Travel,TR,9,0.1016914500293284,0.168330556157314,0
9111,50,144.7295741284615,POS,Electronics,UK,16,0.2712740705798315,0.1134447375412759,0
3794,691,77.49225400786358,QR,Food,TR,18,0.1208979073325994,0.0582717141449753,0
6853,103,17.43730784549902,POS,Travel,FR,21,0.1036381186716245,0.0558785352580474,0
8602,676,84.43889406826106,QR,Electronics,TR,15,0.2165296310525504,0.0410652241555479,0
961,783,223.66330413814052,ATM,Electronics,TR,20,0.1523433365680371,0.2177253003527893,0
369,174,99.18413938269886,QR,Grocery,DE,20,0.1188433112950457,0.183536409878845,0
1014,821,76.68946089030345,POS,Food,FR,20,0.0585786683732309,0.0129427539971481,0
3581,721,144.39554431258756,POS,Electronics,DE,16,0.0002630952545737,0.2713176441646687,0
3612,661,118.9441893901418,ATM,Travel,US,10,0.2935585036508659,0.2655632600293733,0
798,410,106.80873373739148,ATM,Grocery,UK,8,0.0212654763817286,0.0643407141547068,0
6849,467,120.60546025686187,POS,Food,US,8,0.216122855734006,0.2858238368535667,0
331,848,28.352545819145615,Online,Travel,UK,19,0.0917201773375953,0.0146296959286857,0
1052,802,184.6662817870191,POS,Electronics,TR,10,0.0362269736608634,0.2360098379089778,0
910,269,46.80031917172233,QR,Food,UK,15,0.090763214750932,0.0734321672226859,0
8312,61,124.35085782101405,Online,Food,UK,12,0.0654663428129384,0.0773839476233407,0
4378,170,59.13994652489929,QR,Electronics,UK,20,0.0910932646537369,0.0338022992108753,0
1268,771,101.4997119346588,Online,Grocery,TR,18,0.057183190402298,0.1278299001463576,0
6919,278,22.883490120532457,QR,Travel,UK,18,0.1255719814567488,0.0910049237028889,0
2338,176,44.55918393567273,Online,Grocery,TR,19,0.0548460702336421,0.1155348042365756,0
2883,174,110.81661089498344,Online,Clothing,UK,23,0.2905124216216755,0.0266274652896443,0
7864,614,1.0,Online,Clothing,UK,16,0.1471498106735341,0.2828075928435881,0
8681,720,158.90128415961442,QR,Food,US,7,0.1013124982516011,0.1473567812178377,0
3413,92,79.35389274947346,QR,Food,US,19,0.1541393027270271,0.2795782278705776,0
9011,446,168.17782721378643,Online,Grocery,UK,14,0.2929366825899717,0.0584260552938676,0
2236,623,73.43142415165109,QR,Clothing,US,19,0.1634678983463216,0.1794291786907365,0
9495,463,198.65623328932696,ATM,Electronics,DE,19,0.2962563181238485,0.0038541851206538,0
7161,94,114.40452609936624,Online,Food,FR,22,0.1842127385371398,0.1140179420056544,0
1318,51,6.504865854179386,Online,Travel,FR,23,0.0351206799090379,0.1357875881262924,0
5718,673,103.63054171181096,QR,Food,FR,20,0.0440424328039844,0.2833568831466918,0
6648,694,86.9169456978771,QR,Clothing,FR,6,0.2464923340954539,0.2068806681165391,0
461,411,145.03538595209977,POS,Clothing,DE,16,0.2861226514532218,0.293551387054765,0
7636,856,121.37191140416928,ATM,Travel,FR,11,0.041602210087193,0.026889940095924,0
3773,232,152.74032165473113,Online,Travel,US,16,0.2806660252599562,0.2646082652357737,0
175,153,137.68678185892242,Online,Grocery,FR,6,0.0262499949864777,0.0333435118368051,0
8887,13,92.21387392663289,QR,Food,UK,9,0.0123000383264847,0.0378138741983698,0
7587,602,120.71007997150284,QR,Travel,US,21,0.024791315208013,0.0973263445683626,0
8484,879,53.2537959280578,POS,Electronics,FR,19,0.2647985061944684,0.0966700613416593,0
5842,893,9.688839233005169,Online,Grocery,FR,17,0.0701878577365206,0.1256921063187086,0
1124,67,79.5288713484591,Online,Travel,UK,21,0.0377206448735749,0.1350489162850852,0
5123,796,149.9844576972678,Online,Grocery,FR,17,0.2719217715402218,0.0872449983036235,0
1541,732,213.6268220949845,ATM,Electronics,UK,9,0.0340663579174307,0.1654690273491731,0
8581,958,39.74554168181228,POS,Travel,TR,21,0.1576839578993191,0.0656531893542763,0
181,342,132.00848180615253,QR,Food,UK,20,0.0990404513898231,0.2426741127477304,0
6943,700,144.9860186514767,POS,Food,UK,20,0.1235529975188165,0.0160135094290483,0
9309,937,40.00969129755549,Online,Food,FR,6,0.1043690208794106,0.1237627554048788,0
6599,550,122.59530988166684,Online,Clothing,US,13,0.0041265598392516,0.1266117979988969,0
2110,848,134.51279645614017,Online,Electronics,US,10,0.1146280889261332,0.0493766859279968,0
2354,251,143.8106537136173,Online,Clothing,TR,23,0.0250483820908905,0.2576698980929433,0
6410,111,156.50810929295818,QR,Grocery,UK,16,0.1712899186515075,0.2250021061015841,0
6103,591,78.2041533273236,QR,Electronics,UK,15,0.065110427319101,0.0119140136853455,0
3490,30,135.73717695838536,ATM,Travel,UK,19,0.1757259913639743,0.0042277496467055,0
2755,879,84.55031158147564,QR,Clothing,US,23,0.1979840575932198,0.0669267423995467,0
6698,23,122.4488072210838,Online,Electronics,TR,21,0.1610282322248257,0.2600241635379143,0
7631,934,125.25313331417752,POS,Travel,US,6,0.2056041033354297,0.1817330906687169,0
569,929,186.37760213103408,Online,Food,FR,19,0.1412630572545018,0.1579733892348599,0
9698,233,10.0,ATM,Travel,NG,4,0.9658531490712108,0.8057699489061421,1
8979,275,100.82522276555645,POS,Clothing,TR,16,0.2600890865201534,0.0248237651261835,0
3961,550,73.2483457654215,Online,Clothing,US,21,0.0061878364200443,0.2034235768502018,0
4081,143,117.85808680720253,QR,Travel,UK,21,0.059375593926494,0.0997133384181127,0
6453,536,50.30093096946048,QR,Travel,US,22,0.1958161306170065,0.0089086857640486,0
9068,799,81.73112820716716,POS,Travel,TR,16,0.1157863852159186,0.1390316093069946,0
4613,916,3.1012726391726204,QR,Grocery,US,11,0.0953903997377723,0.2519774174971207,0
8695,62,63.51062562557368,ATM,Food,DE,15,0.1713900802721171,0.0685043658098864,0
8888,256,115.03297244429837,POS,Travel,FR,18,0.0588128347290375,0.2569814641953993,0
530,491,204.52649509858065,POS,Travel,US,15,0.1844072195810434,0.0414604984570627,0
763,565,74.83781723491595,POS,Grocery,DE,22,0.0359907261171249,0.0083571346442082,0
808,550,175.73573062472013,QR,Food,FR,8,0.2760873951317079,0.1849601546890056,0
5412,427,102.65203921352236,QR,Travel,DE,20,0.1691449022521121,0.0012923978690748,0
6271,111,214.11711691132825,POS,Food,FR,22,0.0441974093249257,0.2101531383807757,0
3686,11,122.54864053758538,ATM,Food,FR,11,0.1493889800197307,0.1457206016242392,0
505,209,76.3573603510977,POS,Grocery,US,10,0.19721897915492,0.1280656854272586,0
600,937,128.61926161539515,QR,Food,US,16,0.2502645907802563,0.0081472471308688,0
8439,715,72.94094227332695,Online,Grocery,TR,11,0.2698005132369578,0.1088837902571075,0
7521,353,78.09242471896067,QR,Food,US,21,0.2124583821174266,0.295392244291658,0
5228,98,74.78400155103846,ATM,Food,UK,17,0.2532215825073297,0.0779734618683481,0
4195,483,161.70849293956877,QR,Electronics,UK,23,0.2686641253307296,0.0021600397689395,0
5143,996,62.95728867596696,ATM,Travel,UK,17,0.081258927563656,0.1094718935142913,0
4090,546,1.0,QR,Food,DE,14,0.006893747028428,0.2167574597467682,0
5206,67,132.92758010020054,POS,Travel,UK,22,0.0297379409029242,0.0131157965494164,0
6916,152,187.8535670765583,Online,Travel,US,12,0.2342195449633874,0.2873679987959003,0
7998,202,170.6992578498901,POS,Clothing,FR,13,0.1650188639035615,0.2649404402360612,0
991,49,54.61932333834592,Online,Grocery,FR,13,0.2893727819457523,0.0063688784910572,0
1778,927,69.45661108964325,Online,Food,US,15,0.0449335097892064,0.1949417380830862,0
8774,622,43.354905362908326,Online,Electronics,FR,20,0.0290470329457627,0.0385809866160824,0
5472,619,188.4595584618332,QR,Travel,FR,9,0.169690149377801,0.1746034070009986,0
2138,757,175.24710945576027,Online,Clothing,US,7,0.1481671962168495,0.1524876981146441,0
8609,109,169.82957812611238,QR,Travel,US,14,0.2706261411306422,0.2300679558650558,0
3896,901,121.41637070847116,Online,Electronics,US,10,0.2211056134254084,0.0576864944110426,0
993,488,118.613730501927,QR,Food,UK,15,0.0713036306842306,0.2349252890558527,0
5227,311,27.767041415835408,POS,Travel,FR,10,0.1603283006945088,0.16129141890175,0
7963,112,108.11057523712417,QR,Electronics,FR,17,0.0079821543256585,0.045629312717039,0
9756,384,2799.1506390025925,ATM,Food,UK,7,0.8132461261502815,0.9363260001151932,1
1722,924,148.87726009271577,QR,Clothing,FR,10,0.1116763254382278,0.0282857756290394,0
3102,59,26.8558031130284,ATM,Food,FR,10,0.0916235653846465,0.0963609242906415,0
3517,256,48.13356431151402,QR,Electronics,US,6,0.1448833809216435,0.1693000250438951,0
8249,504,172.20716603564335,Online,Grocery,TR,9,0.1407501820076062,0.1125275766054653,0
4848,321,26.81867709838565,QR,Grocery,US,12,0.2509388674976613,0.167731489500588,0
5313,858,87.81878086442867,ATM,Travel,US,13,0.2848578081064117,0.2201848391450593,0
1739,651,165.79436335230588,QR,Grocery,DE,16,0.1442183453713913,0.0755981513704733,0
8555,556,166.4370715049625,ATM,Grocery,UK,7,0.0452609483418032,0.0556801788256076,0
4986,660,64.6211054490743,ATM,Electronics,UK,11,0.0969393121117278,0.1258668189783274,0
6194,770,110.72642847486256,POS,Clothing,DE,11,0.000732054672068,0.056656652230001,0
2907,63,1.0,QR,Clothing,UK,9,0.2465253826551366,0.03187923796668,0
3664,332,168.87737614732873,POS,Clothing,US,7,0.2923288582324966,0.0011850472504267,0
5865,463,54.75242555434281,QR,Food,US,20,0.105023613863306,0.1037101631892663,0
820,937,84.27926083166125,POS,Grocery,FR,9,0.1715183924797927,0.2933940946228282,0
6004,595,70.06759309003317,POS,Clothing,US,8,0.25459848321967,0.0642263856349034,0
4053,208,116.6327535738554,Online,Electronics,US,9,0.0616686444377995,0.2422286079132146,0
684,255,165.2701213132583,ATM,Electronics,DE,14,0.1955210323593506,0.2718739108949915,0
5894,625,79.40643003784326,Online,Electronics,US,23,0.1480712285032824,0.28174510430078,0
9371,433,131.44356272262516,QR,Grocery,DE,21,0.0076345195879034,0.1401897696618032,0
7215,918,153.132781680485,QR,Grocery,TR,11,0.2812374376651787,0.0737650548736885,0
9827,690,22.168429062989272,QR,Travel,DE,12,0.9341916081942542,0.9260475404452726,1
1192,60,119.56687904223112,ATM,Clothing,FR,11,0.0228472004284277,0.184135317498177,0
6251,160,122.69945321897724,POS,Grocery,DE,9,0.1532500719485416,0.2965567562227429,0
1363,598,81.86985831601524,QR,Clothing,DE,17,0.233388939217373,0.1005314119023488,0
5330,835,124.86165756789308,Online,Food,US,18,0.2607389659382265,0.2485469678139082,0
3589,171,93.55476756148076,Online,Travel,DE,21,0.2674188094161454,0.1922630039953477,0
5896,132,95.48877010499206,Online,Electronics,FR,11,0.2477940574003313,0.0723480187932569,0
7084,129,158.28083245555803,POS,Clothing,US,23,0.1139188107918729,0.1188500417958334,0
9821,743,22.168429062989272,ATM,Travel,DE,6,0.9827768081589292,0.9457326399749226,1
567,847,178.40025155216597,Online,Clothing,UK,20,0.1631629601256262,0.0687596393903543,0
7374,256,136.54161175974625,Online,Food,UK,16,0.1944428134112526,0.1047740308849777,0
7387,609,54.67463572510948,QR,Electronics,UK,17,0.1449344480559253,0.1426095588899573,0
4076,955,74.22518444858596,QR,Grocery,TR,12,0.0113992125938871,0.1060288295368583,0
4240,558,37.85333265447159,Online,Electronics,DE,8,0.2609942337443155,0.2354019984286897,0
1862,405,128.55157321985735,Online,Travel,TR,19,0.2652236382706286,0.0632953307702616,0
5771,482,103.9874833744249,ATM,Travel,TR,16,0.1380137694723825,0.0899298127903572,0
2470,660,69.60033514158764,POS,Travel,TR,16,0.0898306224249961,0.1796217452875318,0
4238,386,70.65751332256312,POS,Clothing,FR,16,0.0680954448217132,0.0034370613767942,0
4703,556,1.0,ATM,Clothing,UK,18,0.0426968880703594,0.0207789714252129,0
6386,860,51.23331611548889,POS,Electronics,US,19,0.1463542862313083,0.2000072148030516,0
2171,724,166.5079677677364,QR,Travel,TR,7,0.2463071715607668,0.0748593315523824,0
2866,765,118.1484646198334,QR,Food,US,7,0.1635214901778156,0.1294945877697291,0
8854,404,80.04965748856795,Online,Food,TR,16,0.23336152320693,0.2731209280649936,0
8271,636,190.0924012817945,QR,Food,TR,11,0.0680324105693251,0.1569749009366147,0
6947,730,177.51394120392823,POS,Clothing,DE,14,0.1116603494758636,0.0197595193973763,0
403,982,96.65138201387391,QR,Clothing,DE,13,0.2470042508753645,0.2569422151086961,0
7089,213,136.33652728576743,Online,Clothing,TR,20,0.0951292596692129,0.1831882942832958,0
20,733,133.63128804359764,POS,Clothing,US,16,0.1866851324860506,0.2734289398300148,0
7178,646,75.44185704816232,Online,Grocery,TR,6,0.1681881923167475,0.1362928200834081,0
1698,768,119.90310874265025,QR,Clothing,FR,19,0.1145517297202527,0.1791611687875018,0
1328,547,76.75369127920811,ATM,Clothing,TR,10,0.2172206015195721,0.0186379153185016,0
5102,274,154.66566893341593,ATM,Clothing,US,21,0.1693381305296822,0.2173522581617422,0
1854,832,1.0,POS,Electronics,US,12,0.0033441922418619,0.018623109401455,0
1569,347,44.49056009237883,Online,Travel,FR,14,0.1520748906716134,0.0044274172035471,0
5224,755,152.23331178377035,ATM,Travel,TR,19,0.067723305370385,0.2537245196541817,0
7321,323,39.13780531864328,Online,Grocery,UK,15,0.1272118723663832,0.173698076820412,0
3039,170,155.28004076268468,QR,Clothing,TR,23,0.0486894479521115,0.1049258539479558,0
1566,255,36.08686853712124,QR,Clothing,TR,21,0.2716254654637076,0.2777400510777192,0
5985,45,99.35819207974242,ATM,Electronics,DE,6,0.2021040680983273,0.1802205754556164,0
6792,30,102.76008768975912,QR,Food,FR,18,0.2018684922015051,0.2085033552334927,0
2318,62,9.382064678644014,Online,Electronics,US,22,0.2033727587697079,0.1078855700038706,0
1818,562,221.9428353289626,ATM,Travel,FR,19,0.2135957994570275,0.2173932101464517,0
6986,983,9.721587300739856,QR,Clothing,FR,23,0.1309899374649749,0.0800787877480965,0
5666,166,157.99812334207053,QR,Electronics,FR,19,0.2075330047227872,0.0199616572212608,0
3219,200,133.4176983921729,QR,Food,FR,17,0.1352492546043524,0.2036757559948307,0
109,732,19.248406393606032,POS,Food,TR,10,0.1668233211759386,0.0111956858841391,0
8910,354,118.05070023406287,ATM,Grocery,UK,13,0.1838844101799862,0.1057799728446166,0
3659,194,61.85296583339424,Online,Electronics,TR,7,0.0620838177532498,0.2482086943211388,0
4648,443,191.5573537627316,QR,Electronics,TR,8,0.2970918774677266,0.0861336382296667,0
8799,40,102.9377693969542,Online,Food,FR,15,0.1132335873990708,0.2431404655854793,0
2891,70,92.88597516036111,POS,Grocery,UK,23,0.2165619462198288,0.2054852725217529,0
8928,880,10.833825740571186,QR,Clothing,DE,6,0.1653936775777607,0.1314551485942208,0
352,229,135.55962267107878,POS,Clothing,DE,10,0.123213261417318,0.0420417939360929,0
5828,969,140.98840347377438,QR,Travel,UK,20,0.2823806406822878,0.014509974157022,0
1732,181,35.72477384860488,ATM,Electronics,UK,16,0.0484372226468221,0.1039946699271791,0
482,595,115.3349186829718,POS,Travel,DE,20,0.0592540828145555,0.0508715146062102,0
424,217,119.6557328029017,Online,Grocery,US,20,0.286451265734262,0.1749992907807692,0
8262,705,116.2862517121815,POS,Food,DE,18,0.2082748106119529,0.2320885884706164,0
8108,64,168.52543265541172,POS,Travel,FR,15,0.0392104509870721,0.2637125040206143,0
1441,432,65.26092626324173,ATM,Food,DE,23,0.116094978670807,0.19447662171078,0
5248,104,54.76468472072599,POS,Food,FR,18,0.2245067090114774,0.03131681935016,0
6588,618,90.38053678307948,POS,Food,UK,17,0.1713183481773008,0.0295071782835692,0
42,647,154.11769365811546,POS,Food,US,6,0.0269688771644386,0.1278112962251898,0
1751,350,149.58235842072847,ATM,Food,US,6,0.1058936645135187,0.0306160044901622,0
1814,708,83.96268056827209,QR,Grocery,US,17,0.1291940114142261,0.2897111209954442,0
5119,413,78.25866043661317,ATM,Clothing,UK,17,0.2390064359267312,0.1289880462835566,0
4670,727,133.61964849404376,ATM,Travel,DE,21,0.2416168355091359,0.122643548979549,0
238,522,159.19602419256864,ATM,Grocery,US,17,0.1386239737736595,0.0229854442488855,0
9779,157,3725.238401828518,ATM,Travel,FR,6,0.852123104990657,0.736793253167561,1
8148,421,21.06899257854471,POS,Grocery,TR,21,0.0948772184705798,0.0570050030642631,0
9166,942,129.8956753699469,ATM,Grocery,DE,21,0.2206862096050456,0.1298527559749325,0
5854,236,92.28348120601449,POS,Electronics,UK,18,0.0873578506560295,0.2171878848571155,0
8529,481,156.7820633837403,Online,Electronics,DE,12,0.0727902697823524,0.2026474385757666,0
6423,811,121.82545659600308,ATM,Electronics,FR,20,0.1138313139930707,0.2240804362817668,0
7890,529,98.32075124100022,ATM,Travel,DE,8,0.016754329896292,0.1297015895122122,0
3047,880,84.67612539447843,QR,Travel,DE,20,0.2048118020558312,0.2433221055841536,0
1360,284,69.80100566963881,Online,Travel,DE,23,0.1266861840744256,0.2128361438046981,0
8050,454,111.0274453447611,ATM,Electronics,DE,15,0.1328259113909544,0.0642585634804394,0
2008,991,146.7728682424388,ATM,Food,US,7,0.1472339317743514,0.2098381421457124,0
8379,618,52.22990674467237,Online,Grocery,DE,15,0.1961824521851517,0.1429370439658969,0
5637,944,124.86101192216842,POS,Clothing,US,21,0.259924056938567,0.2723700289657323,0
7021,314,129.01595886297753,Online,Travel,DE,17,0.0378340848285947,0.2953997070657058,0
1242,186,152.3128606718586,POS,Electronics,US,18,0.2085504107597221,0.1383796606553091,0
4143,74,77.13214655178547,ATM,Electronics,UK,6,0.1304214986775182,0.1255797500371649,0
9392,373,147.42128853590853,ATM,Clothing,DE,13,0.1511175598750881,0.0572440863274543,0
1024,568,56.806701680214985,POS,Electronics,FR,13,0.2842695585544017,0.2710289186349193,0
6703,502,58.035523164576055,Online,Grocery,TR,7,0.0264638002622427,0.2392229243803284,0
6254,590,31.3870273795103,Online,Clothing,TR,14,0.1512614086762512,0.1412760478764001,0
667,854,161.1399317985278,QR,Travel,FR,17,0.0298779492563022,0.1687101858760021,0
7057,925,152.42033161174857,Online,Clothing,TR,12,0.1411601553707835,0.140057533076885,0
451,506,80.68477507610469,Online,Travel,DE,14,0.1952478974950668,0.2441367502003387,0
4802,435,19.291183251758,POS,Electronics,DE,21,0.2580215408555751,0.0143014465501485,0
6276,728,145.86553992354,QR,Travel,US,17,0.2837512444410171,0.2668411458167755,0
6514,657,130.87035459339975,ATM,Clothing,TR,14,0.2067012012366061,0.0751661439262483,0
7727,913,157.89234257297872,ATM,Food,FR,16,0.1180232183060189,0.0194561301498225,0
195,576,111.3131658284404,Online,Grocery,TR,15,0.0817368859440726,0.1978802765766446,0
3569,747,91.28101462980496,QR,Electronics,FR,10,0.048697218527643,0.0258766002710781,0
3857,434,92.58264105960896,QR,Grocery,FR,23,0.233174870255619,0.2182494509750481,0
7237,455,38.69662367767828,Online,Grocery,US,11,0.034409734575643,0.0818246861071063,0
1282,973,158.8245218817516,Online,Clothing,DE,6,0.04729552624793,0.1115025396796426,0
7816,934,60.97978611447444,QR,Grocery,TR,11,0.209523644857032,0.1604015505008061,0
3752,174,139.38727706557157,Online,Food,UK,10,0.0268023682512188,0.268626224280924,0
6889,830,101.15715062829716,Online,Travel,US,23,0.2155464537386004,0.1252684234328143,0
8948,777,86.59721157864736,QR,Grocery,UK,8,0.0458176097402928,0.2641654640390574,0
118,780,244.5851494978384,POS,Travel,UK,14,0.2810965090703058,0.1782894240519088,0
4538,339,1.0,ATM,Clothing,TR,10,0.2148537985678126,0.0059787356080831,0
5429,521,84.33395635861851,ATM,Grocery,DE,11,0.0564625711606899,0.1048364499248051,0
7612,530,104.17936826922389,ATM,Grocery,FR,21,0.1721074496003111,0.0370655625088069,0
6600,928,90.55342141659028,POS,Electronics,DE,16,0.0250368529398188,0.2441151542546875,0
5673,234,195.27763335718663,ATM,Food,US,13,0.026630019290957,0.0464876995032572,0
9853,169,1234.6864033678582,Online,Travel,UK,18,0.7853985738658685,0.849358844249966,1
5144,902,155.27406761710574,QR,Electronics,US,15,0.03904587433178,0.1492772546453854,0
6942,927,100.29184160170205,ATM,Clothing,TR,10,0.1173535566034165,0.1532104700495043,0
3143,638,32.83866760258407,QR,Travel,FR,11,0.0047529483317262,0.0147337164917056,0
3845,916,88.43628673187119,POS,Travel,UK,15,0.1578144766972048,0.0753092311284603,0
6606,897,56.97518628022685,QR,Travel,DE,15,0.0488272502555216,0.135294254245152,0
7914,656,64.01205776365576,Online,Food,TR,15,0.2325919767771468,0.1882541535194251,0
5509,276,75.06542875951524,QR,Food,FR,17,0.0439396026956606,0.2801086734151611,0
3723,467,45.4984752263177,POS,Food,UK,9,0.092929812452445,0.199111630185139,0
6668,703,21.88384191999863,POS,Clothing,TR,9,0.2907963219220091,0.2994788932011031,0
7719,875,88.16740473183437,POS,Travel,TR,17,0.0834796473304327,0.1239347835046323,0
4481,892,79.78883548124068,POS,Grocery,DE,17,0.2724866108412839,0.0598840191333412,0
1032,517,13.9158712536522,QR,Travel,UK,9,0.0235485889365348,0.0067814167715908,0
4858,133,125.2753878795898,Online,Electronics,UK,7,0.2876906116016861,0.1773605319956054,0
7531,140,230.8636669485979,ATM,Electronics,DE,17,0.2263149884407147,0.1282381864053135,0
14,680,193.06286869902647,Online,Food,TR,12,0.1399473005167972,0.1706058125946373,0
8474,553,136.25800667017012,QR,Electronics,TR,11,0.0243732873980416,0.0978642021353502,0
826,253,129.85362805056792,QR,Travel,FR,17,0.1451838421542629,0.0326123750623004,0
3719,110,130.5810000556355,ATM,Electronics,UK,16,0.2973568227033396,0.1590444837998685,0
8745,865,154.71804286403912,Online,Grocery,FR,9,0.1640808974863007,0.030920377220238,0
4394,70,138.16214244596904,QR,Electronics,DE,9,0.2505781129337305,0.0048175578135678,0
6413,997,185.5879858991888,ATM,Electronics,UK,6,0.0545344449584185,0.1987302969331909,0
6771,725,61.822970646206784,POS,Food,FR,12,0.0762805542668533,0.0124743938138265,0
4914,525,115.27231219301866,Online,Grocery,US,18,0.2263164350691332,0.2383768419786222,0
3297,853,85.40605729826945,POS,Grocery,DE,17,0.223700357071498,0.1654041534516542,0
2396,915,115.00754756180876,Online,Food,UK,20,0.1355929963323388,0.2988470552051538,0
9127,272,73.36212302693903,ATM,Electronics,UK,23,0.0668142270497463,0.1684798373735998,0
7271,111,49.60724006592779,Online,Travel,UK,15,0.1548757797613507,0.1465268926749327,0
1794,572,87.50984228323405,POS,Food,DE,21,0.2707993473646533,0.191474033367217,0
1451,70,146.79344146099214,POS,Travel,TR,17,0.1768457277296753,0.2231781822332138,0
6216,570,174.80822633834396,Online,Electronics,UK,17,0.2597281419257625,0.281448069574355,0
9533,861,5320.355376287989,QR,Grocery,NG,4,0.8319724157929063,0.7577812705776967,1
9298,973,104.62817768111393,QR,Travel,TR,8,0.197378822231505,0.1127854458044926,0
5631,941,176.88003007869892,Online,Travel,UK,12,0.192520267313702,0.0629340803043527,0
4463,272,106.06303311745924,POS,Food,TR,20,0.2960695042686333,0.1333884499867985,0
1206,549,85.8209438929232,Online,Grocery,US,14,0.0295222666442518,0.0781817065129341,0
4072,324,1.0,QR,Grocery,FR,11,0.2108681906329865,0.2480264954855696,0
6801,1,49.79437876207766,POS,Travel,FR,21,0.160889894812895,0.0044179415538285,0
3812,527,91.91600363927525,POS,Grocery,DE,15,0.1045534991700566,0.0341780400792287,0
2538,587,130.60412504018913,Online,Grocery,UK,18,0.0756355585592578,0.18282919639957,0
1315,60,3.4188011411562518,ATM,Food,TR,8,0.0503918931176462,0.2944645574227986,0
5910,634,129.9125406840683,QR,Clothing,TR,15,0.1061386907791863,0.011710490287305,0
5542,902,180.91892384456563,ATM,Travel,UK,15,0.1388438113016606,0.1682852021532032,0
5398,413,94.9335488590955,POS,Grocery,TR,22,0.2496184553728485,0.2060126561573919,0
8003,329,104.30112125204478,ATM,Travel,TR,23,0.1280076447971653,0.1010068899631371,0
9393,79,136.3731097266046,Online,Food,US,7,0.0781765169682554,0.0380280762192601,0
6856,199,94.65467549546284,QR,Grocery,FR,23,0.2167512172282221,0.0845034188985352,0
1520,715,49.60988342007477,QR,Clothing,FR,6,0.1834575664842057,0.2200835425441221,0
1366,557,85.62209449244325,QR,Grocery,TR,8,0.1118636320428753,0.281666594507062,0
8157,164,25.413034622931747,Online,Travel,UK,18,0.1195601043983244,0.2244952304588334,0
2689,975,100.24552792817768,QR,Grocery,US,15,0.2769483623101121,0.2451206011440412,0
6115,847,86.8838201850436,Online,Grocery,FR,6,0.180108713109613,0.1657253457999606,0
8835,754,101.18375281651336,POS,Clothing,TR,16,0.275795042647802,0.2335207807658712,0
4615,955,186.94959051634265,POS,Food,FR,19,0.2526491010299249,0.1383947124601632,0
9151,188,159.02631456158608,Online,Grocery,UK,17,0.2289314610851292,0.2960339892386767,0
8168,186,53.26384095957496,Online,Electronics,TR,19,0.2909524442644099,0.1394491076438485,0
5476,824,127.37188857077751,ATM,Grocery,UK,12,0.297068280828702,0.0985645892137508,0
9815,663,1552.173656762165,QR,Food,NG,2,0.7158546632765187,0.923104912209382,1
4204,223,137.31469299442267,Online,Clothing,FR,21,0.2213673127729866,0.0115214113728751,0
7039,186,136.01293294163875,Online,Travel,US,17,0.0356025122546164,0.2477806712132678,0
6329,909,110.9619458745169,ATM,Electronics,DE,16,0.0908316987318023,0.0119138862530854,0
7428,894,95.27467288654596,Online,Travel,US,9,0.2227046581403855,0.1954966351360894,0
5920,609,81.95403385033579,POS,Travel,FR,22,0.1822558998714986,0.0361143132783972,0
3344,442,1.0,Online,Travel,UK,9,0.1027249644471407,0.2230289626895978,0
5970,2,109.57280680749676,POS,Grocery,DE,11,0.082816535186726,0.1413511661946577,0
9211,601,86.77631079515447,Online,Clothing,TR,10,0.0972150395383573,0.0899958428933836,0
7450,114,128.37966823044812,POS,Food,DE,19,0.07923708854705,0.077794253534517,0
3747,849,184.1142048061608,ATM,Travel,US,6,0.2186263616141815,0.1026099378238618,0
1244,769,65.13581597650929,QR,Electronics,DE,10,0.2743764216627587,0.1433229884444566,0
7147,632,81.86690143219606,POS,Grocery,US,23,0.2131690526460898,0.065350219541231,0
4080,317,131.41650228708983,Online,Clothing,DE,23,0.0883264513803114,0.0736738215407279,0
3125,905,111.47813074279809,POS,Grocery,US,10,0.2121792029850858,0.1205907214301075,0
4466,470,87.61789346588456,POS,Electronics,US,12,0.1943216229635569,0.1393401025376433,0
1628,527,158.10038521356051,ATM,Food,FR,12,0.2727979632243836,0.1171973807722666,0
9456,114,81.08036536530992,Online,Food,UK,20,0.0452006291947949,0.0402871356001011,0
9545,654,815.7022617842782,Online,Travel,FR,4,0.9803389525922104,0.7859399566002648,1
3917,701,190.7788740797536,POS,Travel,TR,9,0.0142166578528136,0.2655586602050381,0
6925,787,72.36426356960423,QR,Grocery,US,21,0.1031153710191589,0.0746231297371606,0
9109,298,27.406319156341524,QR,Clothing,UK,18,0.2480255570665569,0.2336927612999669,0
3621,329,137.15660899291004,QR,Grocery,TR,21,0.137251382469522,0.0262770462278582,0
9561,788,1557.8327496997604,POS,Grocery,FR,12,0.870230309329976,0.917582681884745,1
8277,699,85.2996119433811,POS,Electronics,TR,22,0.0061338038158815,0.0849406739712228,0
9099,308,90.99044051680497,ATM,Food,DE,7,0.2279233204434694,0.0702237166069234,0
3,682,112.99789968218457,Online,Food,TR,12,0.0748320837298371,0.1997849678525257,0
6196,822,24.79845049255776,ATM,Grocery,FR,23,0.0503091067120535,0.1442688446583845,0
1066,494,1.0,ATM,Grocery,TR,11,0.0408891163391265,0.1670121142367743,0
8889,345,190.31785796862783,ATM,Grocery,TR,18,0.147182049717056,0.0750880895855544,0
5629,145,214.81696579646797,POS,Travel,DE,16,0.1948543757074597,0.0593401114378767,0
1109,661,64.48337548925542,ATM,Travel,TR,20,0.2551813491750844,0.191374237764953,0
9360,951,122.5321468361982,ATM,Electronics,UK,16,0.1969451363078608,0.0608681346489127,0
15,663,52.68621841349847,ATM,Electronics,US,22,0.2506252298032298,0.2066266948324424,0
2587,674,115.625993988861,Online,Clothing,DE,9,0.2597628632438501,0.0814242239114329,0
2636,316,18.92449542055836,QR,Food,FR,20,0.1746209711946335,0.002245279533952,0
9684,124,2149.2121038881605,ATM,Electronics,TR,14,0.7129622682099425,0.8085707247655626,1
3567,682,71.38563137028488,POS,Food,US,10,0.253525305832807,0.1476020089423281,0
3151,940,98.7644567465538,Online,Travel,UK,22,0.2373193426744393,0.2494950021039578,0
2998,863,38.54985697527768,POS,Travel,UK,14,0.020813575543445,0.1803761558243003,0
2678,486,86.8546401062517,Online,Grocery,DE,8,0.2706314782839169,0.2543526124181435,0
2932,829,127.3284581431128,POS,Grocery,DE,15,0.0878846148199088,0.2382924637975267,0
3017,606,83.59673979027528,Online,Food,DE,15,0.0242229116989608,0.111899335890487,0
2163,836,99.11266537908033,POS,Clothing,US,6,0.0503337338498088,0.1560714696878744,0
4174,386,143.2535744737481,Online,Food,TR,14,0.2741992854452945,0.1603054598191984,0
7457,301,95.48338472449208,QR,Travel,DE,12,0.0194885673223158,0.1187041705111929,0
2562,784,76.82912144419518,ATM,Clothing,DE,21,0.0876953784636615,0.2763020836630642,0
1348,425,17.404090840410646,ATM,Electronics,TR,17,0.1032241717644614,0.2487614727846434,0
7749,356,149.7295464417861,POS,Food,DE,20,0.204975459621334,0.1488444368306738,0
6489,766,73.29819853405841,Online,Clothing,UK,22,0.2736314341250478,0.2469596230129518,0
1554,571,35.27533225709942,ATM,Food,TR,12,0.1411333161402373,0.225679189013751,0
6741,857,144.02898354271755,Online,Grocery,UK,21,0.1095695967666741,0.1250837950203596,0
6907,473,154.76157779641875,Online,Grocery,UK,14,0.220410737432973,0.2397651166296658,0
8892,399,160.30429436998787,ATM,Food,UK,15,0.0180628284843872,0.050506209460526,0
4910,471,200.5075425044567,QR,Food,US,20,0.177455684889291,0.0125073109351289,0
1333,806,80.815787246186,ATM,Electronics,DE,6,0.0347734145180315,0.1294460813211701,0
8176,425,170.1452391981095,ATM,Food,TR,23,0.0722886905119532,0.0339382201195907,0
1863,725,131.42997465151896,POS,Travel,US,22,0.0477487402749209,0.0066098716252521,0
5709,195,85.6254509937735,Online,Grocery,TR,16,0.1309760182203679,0.1276179006935251,0
9262,515,34.39755614631423,Online,Clothing,UK,18,0.1462865738727808,0.2444152078443705,0
781,987,50.245751605607865,ATM,Food,DE,7,0.1401784139872089,0.1279484629435188,0
4850,611,130.42398406532436,POS,Grocery,DE,19,0.0042381100779567,0.2159914993531136,0
670,714,12.771752405098198,Online,Electronics,TR,23,0.095611738479365,0.1108896984858446,0
5416,545,89.22011243300798,POS,Clothing,UK,21,0.1961944174065751,0.2550115503501379,0
8298,161,122.96214031896557,POS,Food,DE,6,0.2667814721940612,0.001719488293755,0
4246,351,113.90627447680524,QR,Electronics,FR,7,0.0085837002077913,0.2845610215502416,0
6843,696,163.10452480129226,QR,Electronics,UK,17,0.0197381586741553,0.0309016321862833,0
9056,801,124.50985709231428,Online,Food,US,6,0.1041807521814141,0.2832079152789939,0
4819,893,6.414244013797983,POS,Clothing,DE,18,0.2903279811470232,0.1462116571463148,0
9408,605,152.5140996698882,Online,Clothing,UK,19,0.2756035332810231,0.1651028278030099,0
2450,877,35.69582250200257,ATM,Travel,FR,20,0.2999976126908898,0.1921341235993408,0
9322,37,43.762673456781066,QR,Grocery,US,20,0.0417152876262417,0.1804352355197005,0
4780,156,45.1673777199492,ATM,Clothing,TR,7,0.0423741803095691,0.0754984017330799,0
9538,144,8893.770032426824,POS,Grocery,FR,7,0.8678448277708307,0.9317833496819912,1
9195,794,147.60438854091373,POS,Clothing,FR,16,0.2718190467850523,0.2504864404846298,0
6680,120,104.3117437648598,ATM,Grocery,TR,21,0.0130501074609437,0.2847211702239323,0
1913,639,74.73275538998516,QR,Travel,FR,8,0.1904203622542077,0.1338642351363877,0
9823,282,1396.5490263909155,Online,Food,NG,21,0.8638638779606495,0.733570005788821,1
7698,939,138.38138811336773,QR,Food,DE,16,0.1192708514168838,0.1808766826981751,0
3779,662,139.78572239326792,Online,Clothing,TR,6,0.0094098660601658,0.2937609207065214,0
6134,816,135.00363481631203,Online,Electronics,US,17,0.1978502165436059,0.072690823992063,0
3443,380,49.61078640411579,POS,Travel,TR,8,0.1562750526229803,0.1845073709674726,0
7939,848,133.47671217780027,ATM,Electronics,UK,10,0.2004206727746987,0.0255715650201862,0
7782,822,149.6986032037739,ATM,Clothing,DE,14,0.2414612484187179,0.23515670041629,0
9072,411,114.69381059250732,Online,Clothing,US,13,0.1193446791442749,0.1898757113937171,0
4009,365,122.00739303498791,QR,Food,US,12,0.0508198867492716,0.127718874868721,0
8468,153,175.31166176984436,Online,Food,US,23,0.2807710337579296,0.0316423231391444,0
8216,712,175.3292423066787,Online,Travel,UK,21,0.0581228525648739,0.2378915352107125,0
8329,469,136.9762400402147,POS,Clothing,UK,14,0.1539631272429776,0.2456955738563993,0
4108,731,107.37047411636222,QR,Clothing,TR,15,0.1541701524646188,0.1915050739313533,0
9745,235,10.0,Online,Travel,FR,4,0.9976961771419418,0.7904379342179298,1
5071,881,73.5382149738494,Online,Food,US,14,0.0310403443659194,0.0523180041946502,0
1088,72,101.24856311854997,QR,Grocery,TR,10,0.1316552024508227,0.1352929719716331,0
8961,830,14.203046372388355,Online,Clothing,US,17,0.2355875376673915,0.2037501710051048,0
852,894,105.32674835268902,QR,Food,DE,17,0.201585705152356,0.0181404014170541,0
5886,368,46.64851977029604,QR,Clothing,DE,17,0.057414037280196,0.117855107875288,0
7320,190,178.00192994291774,Online,Electronics,FR,20,0.1578251279858349,0.2941795472755126,0
3497,985,126.11693152360928,POS,Electronics,DE,20,0.2496335877164575,0.1045233592401677,0
9008,380,7.31543841151597,Online,Clothing,UK,19,0.2059106850489128,0.1291917034540549,0
4086,14,187.3393693300976,QR,Grocery,TR,17,0.2109698167227731,0.0752364493839662,0
3983,271,64.96868148807118,POS,Grocery,TR,16,0.0199041298134459,0.2453589853498115,0
1197,160,31.0812763839656,POS,Electronics,UK,11,0.2278309328939755,0.120309175719276,0
4101,984,111.56811621706454,Online,Electronics,DE,20,0.0138515638772881,0.2411747461425034,0
72,991,30.47025695339713,QR,Clothing,UK,14,0.1644488868273417,0.2365330251537868,0
4371,12,166.60159058156168,QR,Travel,FR,14,0.1167482421630333,0.1941114213227326,0
5478,70,169.4721566758897,ATM,Travel,FR,17,0.2102407631096897,0.0298929408152443,0
9465,980,85.85963674439367,QR,Food,US,22,0.0957193574266977,0.2221966642135018,0
7688,292,119.07757879446304,Online,Food,DE,6,0.2432801811953951,0.1919370279408186,0
4964,519,114.09775990927496,Online,Clothing,FR,8,0.1820007964755188,0.063136842256411,0
5314,855,137.90724446053386,POS,Grocery,DE,11,0.2619503408296469,0.2252406120001153,0
9419,414,69.62795523583931,QR,Clothing,FR,19,0.1049488965209061,0.0578305287646441,0
6245,38,58.27097112614202,Online,Clothing,UK,20,0.0506443859415385,0.293606119614322,0
2328,27,119.42114471564324,ATM,Grocery,TR,14,0.1880446084158478,0.2666557898896694,0
788,964,110.22071857507068,POS,Travel,TR,19,0.2506049330792701,0.1146133395401604,0
698,326,125.0585632244334,QR,Travel,FR,18,0.2571846154843449,0.1881548791865379,0
8604,138,42.71308584739742,ATM,Electronics,TR,16,0.1981701603547654,0.1534495679359156,0
1671,155,141.89352088338947,Online,Grocery,DE,10,0.1455901108343364,0.2287740900415524,0
3867,244,167.25093281357903,QR,Electronics,TR,16,0.000718686025637,0.1839376662151846,0
1813,539,100.59629903857382,POS,Electronics,TR,13,0.0676529951460496,0.2636201092352585,0
5122,338,96.59216847827813,ATM,Electronics,UK,13,0.1369694342245917,0.1722286057961612,0
133,9,133.8258277390495,ATM,Grocery,TR,21,0.2101261423012517,0.0447047178560324,0
542,445,131.2143978324421,Online,Travel,US,8,0.2738191093944224,0.0460470041658047,0
7653,209,32.099497047924714,Online,Food,FR,13,0.0718571669393755,0.0151336748403812,0
9379,292,112.06999831339546,QR,Travel,UK,7,0.2549602229924021,0.2977546092102614,0
5203,989,23.686050308250486,POS,Electronics,DE,22,0.2510499787452129,0.1462920413807426,0
1925,238,107.49335456938888,Online,Grocery,US,6,0.1003986575042071,0.2607886951211633,0
1945,263,135.2064924024638,POS,Electronics,DE,13,0.1244705655851724,0.2773759875650269,0
1139,261,157.52435250166758,Online,Electronics,TR,12,0.2194592084854545,0.1038515619333053,0
3733,517,111.5483664347577,POS,Clothing,DE,11,0.187346053545952,0.2771711031351801,0
2000,59,73.86125258917181,POS,Food,UK,17,0.2833725399012542,0.0940319575916674,0
8646,274,28.271881076605126,POS,Grocery,US,12,0.0188340188602182,0.1364761983247639,0
575,477,113.02358745354404,ATM,Electronics,DE,12,0.0398445420183373,0.2164302244464524,0
668,265,123.62786996919112,ATM,Food,DE,21,0.2070354852540279,0.1468010060517427,0
354,851,32.84373661777295,Online,Travel,DE,9,0.2714436023011238,0.1638352429909631,0
7991,807,91.06967822950544,ATM,Grocery,US,16,0.220687307798303,0.2913618058331271,0
6577,731,84.85575610599095,ATM,Travel,TR,8,0.2004905956945919,0.2226444275128895,0
9974,456,665.4398634142507,POS,Electronics,NG,4,0.7443136066345325,0.922452777974456,1
2583,268,148.43409458156108,POS,Travel,UK,11,0.1288635381883643,0.0217857217097295,0
4760,884,138.07448694696805,ATM,Grocery,FR,23,0.1108545491983264,0.2642281889208595,0
9400,725,100.73336863427996,QR,Food,FR,16,0.1896958292866755,0.2364333231057414,0
7946,339,116.79676956982294,QR,Grocery,US,13,0.0486051839995331,0.1014704029510338,0
8053,563,9.277631636872556,POS,Electronics,UK,12,0.217441984209544,0.2607791091912501,0
3544,861,115.6288287667782,QR,Grocery,DE,9,0.2791156321267125,0.2002607175994079,0
5930,91,56.2454122312489,QR,Food,DE,8,0.2343886172715562,0.0261288948669444,0
1880,295,146.9207710894557,QR,Food,UK,9,0.123859163774309,0.0350219715869825,0
8987,495,105.83774089192424,POS,Electronics,TR,19,0.039378840258419,0.1906431850939273,0
8465,177,134.84985514615744,Online,Grocery,UK,8,0.0757296924117608,0.1732332390527661,0
3622,250,92.60918674621146,QR,Grocery,FR,22,0.2007448708849905,0.1969641424899754,0
1042,424,122.16989753180285,Online,Food,UK,21,0.0022713441706139,0.0914832903577041,0
4487,932,90.72347488267678,Online,Electronics,UK,17,0.1939353473413868,0.1981795799277906,0
8779,970,132.7114753248369,QR,Food,US,6,0.2470378369493575,0.0014303021214974,0
7608,19,129.3901927004736,QR,Electronics,TR,19,0.1062791317877268,0.2172240520313964,0
4113,272,115.38676344142108,ATM,Travel,UK,19,0.2672625418525201,0.1013278614056429,0
5942,921,47.1709282211383,QR,Travel,UK,10,0.1157513858159905,0.2563026813160125,0
9435,472,27.783488328864124,ATM,Grocery,DE,14,0.2325123781285667,0.2927073920837116,0
3200,42,85.85950024787269,POS,Electronics,UK,8,0.002448110127528,0.0445290252839763,0
1950,365,165.01244721260207,POS,Food,FR,8,0.1002697581449416,0.0167090175540694,0
2923,949,89.17446909503161,ATM,Food,DE,19,0.1135116965266321,0.1923032843425064,0
6082,199,85.52819046759537,ATM,Clothing,UK,17,0.299515493649799,0.0427807793262001,0
767,649,177.2492397691183,QR,Electronics,DE,16,0.238560685574509,0.0546705784104662,0
6704,825,216.93254702772805,QR,Food,FR,17,0.0089040475540853,0.0902768698655924,0
1920,746,178.78022795778668,ATM,Grocery,TR,22,0.2579240902080309,0.11440724096445,0
6205,448,135.98882597388493,POS,Food,TR,6,0.2215148328092687,0.2952319142261088,0
4353,543,148.46016108895012,QR,Clothing,US,9,0.0587597975421371,0.299230459836773,0
4130,920,9.96127706059103,QR,Travel,DE,9,0.1218687255062687,0.1941860569412993,0
5604,270,102.5525753371674,Online,Electronics,TR,17,0.2445234691274572,0.2792055871823082,0
7467,920,138.83212446688947,ATM,Travel,US,21,0.0257212924501556,0.0766203167243364,0
7863,582,72.80854730360535,POS,Grocery,DE,17,0.1503909394790496,0.1569238385171501,0
4688,714,117.7430822327499,ATM,Travel,UK,8,0.2274360066663102,0.120629345434316,0
4916,13,73.56950178811287,POS,Travel,DE,15,0.201430009049553,0.1049069349234087,0
5979,410,144.32544010377626,ATM,Travel,US,21,0.0022380464114723,0.2785714513546932,0
1335,96,104.56505855298342,POS,Electronics,US,12,0.1651867058099057,0.0446703535058747,0
8805,762,224.36003836961711,ATM,Electronics,DE,19,0.0906884912976171,0.1758820133793114,0
2886,925,142.4149089652434,Online,Travel,TR,12,0.0102976116925293,0.2653286245353912,0
2402,151,33.944216658649395,POS,Clothing,FR,21,0.2844553047946735,0.2932526845144681,0
4731,728,142.79466527026068,QR,Grocery,DE,9,0.1581668947967705,0.0880421708317365,0
1426,174,140.43313827486435,POS,Grocery,US,13,0.1924166362086088,0.0396305831619028,0
3786,731,80.9352519597712,ATM,Food,US,12,0.0606372312878721,0.0686952739743954,0
3320,990,85.50414570680687,Online,Food,FR,19,0.2128679139944062,0.0809043130525627,0
6173,598,40.73086856497572,QR,Grocery,FR,16,0.2863103742917667,0.1769457252505579,0
9107,252,172.35351508673568,POS,Travel,UK,6,0.039655656071565,0.1576108484769913,0
396,622,171.07914283363368,ATM,Travel,UK,7,0.0100041531841962,0.1437694466489332,0
5565,966,16.063861882573676,POS,Electronics,FR,12,0.0659367415468779,0.0788333576469212,0
5109,139,181.50628730049132,ATM,Electronics,FR,13,0.1164275024427653,0.0109952180791503,0
1200,337,149.76451997610155,QR,Electronics,UK,12,0.0548482944852381,0.1286351399295323,0
1410,910,31.121180996766668,Online,Electronics,DE,10,0.1078921783523987,0.0925768191754117,0
3299,210,99.46287266746025,ATM,Food,FR,23,0.178716916859652,0.2478650869507155,0
6238,481,110.38909243631085,QR,Grocery,UK,17,0.2209312740535223,0.2696453972595102,0
2452,974,151.78662334864703,Online,Food,TR,22,0.0915715960589918,0.2975599904172959,0
9553,481,3178.9074362711717,QR,Travel,UK,2,0.8704748613861395,0.8790254941658662,1
5760,969,162.96582899475254,POS,Electronics,FR,18,0.1085355446043609,0.1630204224252418,0
9643,864,3214.440918546826,ATM,Travel,DE,2,0.8659337617521929,0.8722968916077317,1
4976,476,112.22239792487264,Online,Food,TR,19,0.2211082824258594,0.0766515584590422,0
3499,38,36.489537830652665,POS,Grocery,TR,15,0.1506950166894176,0.171388999126701,0
1137,927,15.201899581137042,QR,Food,US,17,0.2239731464958,0.0601251129688366,0
143,411,105.87908403309432,QR,Grocery,DE,12,0.1211867558302519,0.1476928943600148,0
6290,180,168.3404733360141,Online,Travel,UK,8,0.0621354137587444,0.0467547829283465,0
9708,819,773.9535885270485,ATM,Travel,US,23,0.9819179344717356,0.7642146932460013,1
1131,649,86.2677575719081,Online,Clothing,UK,9,0.2948892466009567,0.015717998908105,0
3342,231,87.39332944994601,Online,Clothing,FR,12,0.0698299485362973,0.0790964251816249,0
4437,82,57.38159379789996,POS,Grocery,UK,23,0.2689745024185972,0.2923057405239562,0
7955,65,205.9551801179784,Online,Grocery,DE,17,0.1646968532106978,0.2543338093102708,0
6894,329,51.93647504247625,Online,Food,DE,18,0.0118003653059116,0.0240024607174763,0
1892,833,180.39271684041236,POS,Grocery,US,11,0.1100900722895505,0.1584142267180008,0
9475,374,187.31461003300456,QR,Electronics,US,23,0.2952061287492007,0.1085729480803129,0
2043,827,74.42073973968509,QR,Food,DE,16,0.2677249710725546,0.108582318082748,0
4695,585,107.61598966022788,POS,Electronics,UK,17,0.2891895038949351,0.1409574469950092,0
9293,981,95.20643468687348,Online,Grocery,FR,21,0.0146117790664502,0.162822423179991,0
6585,268,99.63798007029266,ATM,Grocery,FR,6,0.166575237223591,0.0810295473600656,0
900,913,110.49863107623156,ATM,Clothing,UK,12,0.2138321906428819,0.1823530431862108,0
3074,719,160.4573143045106,ATM,Travel,FR,11,0.152634478774482,0.1489996379550042,0
9973,980,22.168429062989272,QR,Grocery,US,4,0.9665443780863804,0.886773413840664,1
1469,764,108.46227024094824,POS,Clothing,US,16,0.0378627589597172,0.1629679944658265,0
7591,203,195.86051945206495,Online,Clothing,DE,21,0.2071519969038816,0.2135709260072611,0
5798,760,149.0535461939357,ATM,Travel,FR,10,0.0213169935972886,0.048742058165546,0
229,22,105.46702881704546,Online,Grocery,FR,13,0.0156356621903334,0.0424081565079502,0
7002,768,58.83152386932302,ATM,Electronics,UK,11,0.0121242283474266,0.1145217823657916,0
2991,883,107.9115434826643,POS,Electronics,FR,14,0.154907805631654,0.255114770512244,0
6267,0,185.3189890391204,POS,Travel,DE,17,0.029120946741005,0.0783131736885859,0
6779,610,144.34108562136913,POS,Grocery,FR,11,0.084226934175567,0.0267506039570393,0
6035,388,148.87910733880946,QR,Clothing,FR,22,0.1299910513664991,0.1923017099636752,0
1020,337,72.31455034620751,ATM,Grocery,FR,18,0.0502092241664142,0.0111506030634137,0
3428,421,115.46413016067966,Online,Grocery,US,8,0.0174727218996041,0.2360683310525957,0
57,941,188.375119788267,QR,Travel,FR,16,0.2999262667160762,0.0797449556302314,0
8274,41,62.312282971631824,QR,Grocery,FR,19,0.2946708996097577,0.1448275517235192,0
5612,364,97.61459216620516,QR,Food,FR,9,0.1648819191160939,0.2750318104450385,0
1932,255,137.68469497770053,POS,Food,UK,14,0.0632735547659665,0.246588033731814,0
2933,885,138.5416980561782,QR,Grocery,TR,6,0.1281969003837526,0.2998472106433396,0
2951,8,39.23637118865532,QR,Food,TR,7,0.0094970273236273,0.2569354171098145,0
4699,553,106.41122707519112,ATM,Electronics,TR,23,0.2736005251209515,0.095749796322846,0
5106,309,104.5772822022364,POS,Grocery,DE,20,0.2484900129623133,0.149605662011729,0
8605,275,37.900732002592,QR,Travel,FR,18,0.2089485658510811,0.2693371810307725,0
6902,452,109.96630980525796,QR,Clothing,US,8,0.194882111529683,0.1116483911305837,0
3043,11,61.816268199891496,POS,Clothing,DE,8,0.2257562651380948,0.0100361275214097,0
4938,396,119.41003067759785,POS,Food,FR,21,0.0650619991846117,0.0308799102501339,0
5134,107,102.54192633049196,QR,Food,DE,13,0.2017358307247364,0.0312988816894653,0
9952,958,733.7874322149544,Online,Grocery,TR,17,0.9289956747124172,0.8920704360226615,1
9228,123,104.04576127635605,Online,Clothing,FR,10,0.0770072783007704,0.173197131152755,0
2159,826,106.64087667081328,QR,Grocery,TR,6,0.1675667101094367,0.2424426342309702,0
1101,64,99.662379742243,QR,Electronics,US,22,0.0212438580872647,0.132771393242007,0
9263,156,98.92395027086717,ATM,Clothing,FR,22,0.1303884789871328,0.1467382550411924,0
7673,648,88.82041100480659,ATM,Travel,TR,20,0.1410003480623305,0.2304259875830325,0
3764,998,82.25258666296709,Online,Grocery,FR,13,0.2973684966841673,0.2634007994750049,0
6270,546,50.131131462545696,ATM,Food,DE,22,0.2352385266695065,0.2325253488081513,0
1175,38,98.48736691372898,ATM,Food,UK,22,0.1477606813104214,0.2493352899100931,0
493,14,60.68479734308356,ATM,Electronics,TR,22,0.0425594855280886,0.0382112722205592,0
5471,377,122.57442412374732,QR,Clothing,FR,21,0.2676316017075933,0.247643420836032,0
6707,930,95.13892206309583,ATM,Grocery,DE,7,0.200704199599078,0.1559816632948188,0
6780,346,96.51490404410886,ATM,Food,UK,18,0.2700403274318635,0.2553957562860998,0
3290,440,93.2690072613624,Online,Grocery,US,22,0.2546661793538299,0.0544995203171407,0
5149,15,43.23873220557788,Online,Clothing,UK,11,0.2527260535124305,0.1106531197772689,0
548,18,81.61488368911064,Online,Travel,FR,7,0.1292071673174928,0.0068297651154111,0
2498,860,114.2935892685058,POS,Travel,US,16,0.2909345354080387,0.0085616203323668,0
179,293,38.15005493189687,ATM,Clothing,US,13,0.2595495719386779,0.1055422959670158,0
9478,503,143.9648262839716,QR,Food,UK,12,0.1484973555206422,0.1444308541065848,0
8394,592,61.82561876431871,QR,Electronics,UK,13,0.0243747101030431,0.1371205664563973,0
9248,355,95.6771289713498,POS,Food,US,15,0.0378444467406384,0.1888138537278521,0
5824,492,92.72275131801146,QR,Clothing,FR,11,0.1728505102629995,0.1613115295229988,0
9087,868,119.2705088466024,Online,Travel,TR,23,0.226606314931517,0.2557226075302272,0
7372,479,114.51375087296012,QR,Clothing,FR,13,0.2062966874321784,0.1731886569512731,0
1928,154,82.76693570189909,Online,Grocery,FR,21,0.0674924399060796,0.1670630780439632,0
9146,538,1.0,QR,Electronics,US,22,0.1777006179583556,0.1118932723827788,0
4311,324,212.8928150128824,Online,Electronics,US,6,0.1121014088341322,0.1901593022091475,0
4880,618,46.19966811426024,QR,Electronics,TR,20,0.2675548843439899,0.2484242355277452,0
4525,607,64.08234805846786,POS,Grocery,UK,18,0.1683218694282135,0.2655977248126571,0
6280,576,155.4690083508221,ATM,Clothing,FR,14,0.0990327544963766,0.1012155472179377,0
7740,266,218.09453515851067,Online,Electronics,TR,8,0.0597381917007481,0.0605043923542313,0
305,821,144.161628765449,POS,Clothing,TR,18,0.2791072396964444,0.07816138130596,0
8753,271,91.98846082672404,Online,Travel,US,13,0.270941510986102,0.0152822274986314,0
9572,57,567.6843301704484,POS,Grocery,NG,4,0.7740670370173084,0.8564688229302853,1
4842,698,63.12830555080124,ATM,Electronics,DE,15,0.198966420093683,0.1097428310104647,0
2204,314,89.01989528872132,Online,Travel,FR,15,0.0880512489650784,0.1165775914173376,0
1523,871,113.94561825409714,ATM,Travel,US,21,0.1811954765959136,0.1035994480046481,0
7167,395,157.35343242604608,QR,Grocery,US,16,0.0206370740510933,0.2235766689877246,0
8759,704,82.92665635691804,QR,Electronics,DE,18,0.0198804178812175,0.2407357662667015,0
4235,246,55.98419124960159,ATM,Travel,US,16,0.2813075299244564,0.1612693510207019,0
7043,877,59.129746279755146,POS,Clothing,US,20,0.1990985898526509,0.0265448181566041,0
5430,357,54.44385540649475,QR,Grocery,DE,15,0.2158896256968109,0.1210106583448714,0
5343,167,208.4380583960713,QR,Travel,UK,15,0.2546846270661428,0.2843262795630263,0
6021,188,95.71235261897664,POS,Clothing,FR,22,0.2129128566701658,0.1328716949900018,0
2778,46,142.34627906063403,Online,Grocery,TR,19,0.1286167164569755,0.0369160498726519,0
7251,440,96.40372035257374,QR,Food,UK,10,0.2372207066414346,0.2067750656947514,0
6617,71,197.35224042360144,Online,Food,UK,21,0.2085394944456455,0.1008375059192945,0
7204,23,65.3029005593605,POS,Travel,FR,9,0.0674944948356612,0.0102772508791745,0
4773,536,189.65571638037483,QR,Travel,FR,16,0.2910618904368476,0.035988373425351,0
6213,975,99.4400414270115,ATM,Electronics,US,10,0.1292563159022117,0.1360531812998274,0
9577,797,4765.430819866864,ATM,Clothing,US,21,0.7688307252100096,0.7521092314615027,1
5379,862,108.1972472279013,ATM,Clothing,FR,9,0.1179003025080147,0.1304342564636907,0
3051,655,30.697572970721357,ATM,Electronics,UK,16,0.1767617525727946,0.0943052246866922,0
6653,897,94.35217673854449,POS,Food,US,6,0.0650622800212067,0.0182007405672474,0
4610,225,178.38392686073269,Online,Grocery,TR,18,0.1708261354980852,0.222908721538665,0
8476,67,119.68831211520204,QR,Travel,FR,21,0.1612816447093067,0.2880996691034559,0
6875,814,43.91766885252038,Online,Clothing,UK,19,0.2769529054118432,0.0753838812791354,0
211,623,79.26488066365164,Online,Grocery,UK,16,0.2456523103676752,0.1374323682815775,0
2488,4,106.42255336231466,QR,Food,TR,15,0.2716856658972248,0.0470919868124747,0
8229,486,92.53266356686092,ATM,Food,FR,19,0.1219609914019483,0.2056970892538019,0
1460,102,205.25806904862088,Online,Grocery,UK,12,0.126230683992646,0.2230458625277421,0
5370,753,38.928575079046205,POS,Electronics,FR,18,0.21051783513602,0.0962750445634736,0
3793,890,100.2371679763794,Online,Grocery,US,14,0.0262430573207044,0.1578893761403163,0
5417,705,146.783718962537,POS,Electronics,US,17,0.1590465922186098,0.1121818530843014,0
3564,273,81.60353909275206,ATM,Electronics,DE,10,0.2853074459095643,0.1330398466547143,0
3197,890,112.26060867341772,Online,Travel,US,13,0.2351245595301038,0.0953776068275816,0
7474,163,139.18099152704144,POS,Travel,FR,22,0.1383642715287079,0.191715136392872,0
6009,209,70.06300938468426,QR,Travel,DE,11,0.0540005301023967,0.154124387714631,0
4435,430,199.39032823810425,ATM,Electronics,US,8,0.2232909571621461,0.1943698232602956,0
7972,383,141.4852064686856,POS,Grocery,UK,23,0.1360231502976838,0.2392741083203958,0
2738,95,65.02695632253611,ATM,Food,TR,22,0.0923484563579925,0.2214569268867946,0
1054,513,61.83254066424438,Online,Travel,US,11,0.1918911182506621,0.2514870110591501,0
6493,834,164.50903193893015,Online,Travel,DE,13,0.0995218778757034,0.2439820071191144,0
420,78,132.94770673905182,QR,Grocery,TR,11,0.2284376958522904,0.2896098551125033,0
9144,711,1.2994022477008969,POS,Clothing,UK,21,0.103627364356656,0.0642917729982008,0
2251,691,3.965556655733877,POS,Travel,DE,16,0.1025549274847233,0.1532039847492972,0
3936,181,106.24835953958424,Online,Travel,TR,7,0.1309192178477535,0.2552524666445909,0
166,74,150.6722879941882,QR,Clothing,US,11,0.2008149438303948,0.1241675536584357,0
3775,562,220.919561012725,QR,Travel,DE,13,0.2894061171412743,0.288444368264179,0
1409,117,1.0,ATM,Food,US,12,0.1698374418795481,0.153085057801311,0
4284,339,84.82803064315041,QR,Grocery,UK,19,0.2958797212112654,0.0844091970740084,0
7930,600,64.59365679957762,Online,Clothing,TR,12,0.286131279659092,0.1814387089575207,0
9599,940,2192.3967178460907,POS,Clothing,NG,4,0.8959444141945925,0.9071190933975206,1
5606,919,79.20918950606729,POS,Food,UK,14,0.2233046551562073,0.1180107975426894,0
1803,664,81.82189777237159,QR,Travel,US,11,0.1449607417832834,0.1085510816130537,0
7790,310,112.80123724509372,Online,Electronics,TR,8,0.0583867394082234,0.2145539595657745,0
5009,389,133.2226692179877,ATM,Travel,TR,22,0.2570566857869035,0.0141896919463357,0
5308,863,81.61239982426402,QR,Grocery,FR,12,0.2832045792301368,0.1211886964778516,0
9724,613,1597.2955740496354,QR,Food,US,7,0.992504872793872,0.750667567066182,1
6910,662,57.19515016893993,POS,Clothing,DE,6,0.1071964464424469,0.2363355647681513,0
9347,792,128.21506755709535,Online,Travel,DE,9,0.2879626054682618,0.1365230084616103,0
7368,126,112.72662948938192,ATM,Clothing,UK,7,0.192008200741798,0.2180393808499058,0
4392,707,78.94848270687525,POS,Food,FR,13,0.0387992012273298,0.0545418849189685,0
55,264,161.3899993925843,Online,Food,US,14,0.1758330335884242,0.1033600416501437,0
3469,764,161.0391458684466,Online,Clothing,TR,8,0.2090052785760289,0.0168364392191786,0
3635,974,111.97781186216908,QR,Clothing,DE,14,0.2951726718996162,0.0874653953573788,0
2290,415,117.84850486976336,POS,Electronics,FR,10,0.1571064649108726,0.2031706785995926,0
3970,380,136.5124876866475,ATM,Clothing,US,17,0.1412745682130388,0.1290425081901228,0
7099,705,85.54760619694237,POS,Clothing,DE,15,0.0866730801715614,0.1339489041546438,0
9329,356,104.28405558203023,ATM,Food,FR,8,0.1730020770455812,0.1628022908031574,0
2345,287,139.40245421585348,Online,Travel,TR,6,0.1120322241986254,0.1995817418476866,0
692,882,7.126060866829832,ATM,Grocery,TR,16,0.0969047993437916,0.0124791549075629,0
854,193,75.01932033886338,ATM,Grocery,TR,14,0.067428562175341,0.2072395961841351,0
9776,46,2718.563597161882,Online,Electronics,FR,9,0.9617625346088206,0.790917590264992,1
5527,367,92.491217430255,ATM,Electronics,FR,18,0.1313355544985217,0.0211115569377187,0
825,766,70.43492766517309,POS,Travel,US,11,0.2485547531307957,0.0893049571169248,0
8781,132,57.60745131546173,Online,Grocery,US,23,0.2004241166148192,0.0199801843836852,0
7865,978,107.1096567570655,Online,Travel,UK,7,0.1638619319679261,0.1416486492787823,0
269,454,178.95447280356038,Online,Food,DE,6,0.1007129866649413,0.2030108447014208,0
5204,188,61.81486704105214,ATM,Grocery,DE,16,0.2143177637792413,0.2090687797724367,0
8980,334,1.0,QR,Food,DE,20,0.0174310586412951,0.1051185767031512,0
9092,209,159.34268952524374,Online,Electronics,TR,7,0.170286580962085,0.1197194611258176,0
5188,956,62.54236725664695,Online,Grocery,UK,7,0.2284529827061206,0.2715285591786255,0
68,909,92.856670732901,Online,Travel,FR,11,0.0103033859572037,0.0508252134600659,0
6879,497,52.36733853002644,POS,Grocery,TR,20,0.1820694131036047,0.1797530327696772,0
453,338,61.630959677884576,ATM,Travel,TR,7,0.0587497194012323,0.1666732584850781,0
1652,790,152.37484574379954,ATM,Travel,US,9,0.2538171593454255,0.0383202937438612,0
8080,782,33.515869630368584,POS,Electronics,UK,22,0.0697315623031603,0.0953325474556099,0
4930,957,128.32512275276093,QR,Electronics,DE,19,0.2916479927183185,0.0746059783417041,0
2446,293,12.424864808982464,QR,Travel,TR,10,0.1042493566581214,0.1801688861252234,0
4934,779,1.0,ATM,Clothing,TR,20,0.0467367637088354,0.0854967760559095,0
6273,309,1.0,QR,Food,TR,19,0.0990780443466743,0.1007176284120948,0
8893,206,100.61748449928582,QR,Clothing,TR,19,0.0368764625502232,0.1513089488635977,0
483,819,72.46416059407125,Online,Food,DE,6,0.0042821702924073,0.1759666077132539,0
6070,357,72.32373158232222,ATM,Clothing,FR,14,0.2319579734503834,0.1520916492128292,0
6595,797,121.14595801136262,QR,Grocery,UK,20,0.0396195929357241,0.0632761290971253,0
9929,735,2400.7327786589312,QR,Food,NG,15,0.9852015969886676,0.9825089941816368,1
4017,508,1.0,QR,Clothing,DE,15,0.0287367298658374,0.2486172464621499,0
6032,688,120.71376087568008,Online,Food,FR,7,0.180931957760892,0.0817801049066497,0
3492,420,125.23753442856652,POS,Electronics,UK,23,0.1683897312398451,0.2988095521010334,0
4373,17,36.27395630574347,Online,Travel,UK,14,0.2531251958696201,0.0853569033294013,0
6310,38,99.25103972853113,ATM,Grocery,TR,10,0.0176123887712971,0.1069225420815308,0
1388,234,225.37476189294168,Online,Travel,FR,16,0.0208629852037405,0.1247405030992149,0
737,163,83.07821075925904,POS,Grocery,US,22,0.1410750279111479,0.0761304486406937,0
7017,766,39.69530268609402,QR,Grocery,US,17,0.0065318317865438,0.1522205202210131,0
1711,813,173.9763601759259,ATM,Electronics,TR,9,0.0030567717827391,0.0909519423799498,0
6796,129,83.33870063187989,QR,Food,DE,16,0.0217744413637976,0.2795975065334214,0
8902,182,103.71247911254324,ATM,Electronics,US,10,0.1138185349205595,0.118273195434542,0
6360,73,68.54219069391506,POS,Travel,UK,17,0.2384596846354987,0.1326836221506939,0
3616,196,93.6636829218623,QR,Travel,FR,10,0.2134776524267833,0.2314684164170895,0
3516,252,104.3638734476108,Online,Clothing,US,7,0.2551481070786379,0.1770609526952992,0
4701,723,63.67318930172278,QR,Clothing,UK,21,0.0178410927864683,0.2810791089464644,0
5396,332,66.9765240020852,ATM,Travel,DE,17,0.111884432432697,0.1482831186784633,0
4526,658,105.92297743696102,Online,Travel,DE,11,0.1634890640542886,0.2753979183304786,0
4492,788,34.45145821385549,Online,Travel,US,16,0.1764987340205976,0.2583578918932017,0
9058,888,45.41252853878321,QR,Grocery,TR,13,0.0435324359448164,0.2630848776215269,0
5526,950,63.64012757034627,ATM,Grocery,US,10,0.0477133580229297,0.1208810991508524,0
3319,206,199.7172474859925,POS,Electronics,US,19,0.0123163626724446,0.2420725320847831,0
3127,845,123.81263800436103,QR,Electronics,FR,6,0.0132100171612609,0.2440528132148941,0
447,440,117.91033169351874,ATM,Clothing,US,17,0.0889013411790621,0.157107427369054,0
26,793,27.170601337031822,ATM,Grocery,US,15,0.1485609553859469,0.1417247768534285,0
4754,566,144.61049364049927,QR,Food,DE,17,0.2703248370235945,0.026795730695276,0
6706,28,121.21247764875054,QR,Grocery,US,18,0.2202287580169205,0.0257308832529628,0
6644,724,162.52786232551998,QR,Food,TR,18,0.2943296034453596,0.1706506621651324,0
5226,283,111.37694769481206,QR,Food,DE,18,0.00507712202208,0.1323575350309659,0
8292,235,109.17097295106014,Online,Clothing,FR,20,0.0220710610635238,0.1547820804679091,0
1881,117,137.95163384336092,QR,Travel,DE,10,0.195906873696343,0.1980793132409121,0
4303,596,104.66844304015824,ATM,Food,DE,7,0.1929480257430027,0.0934635264831118,0
2741,451,154.25889240861585,Online,Electronics,FR,19,0.2512995764890445,0.1816935082381131,0
5547,314,95.85500046414208,POS,Clothing,DE,13,0.1953074608254727,0.1361427807218192,0
6006,702,180.80508702450075,POS,Clothing,US,23,0.2263747212054381,0.0446808265304374,0
337,386,82.77067321326832,QR,Electronics,FR,12,0.1056524093040612,0.1463439026788809,0
1043,944,105.0655141610626,Online,Food,DE,10,0.2054880206310765,0.187438861279138,0
7016,813,83.98593850194891,Online,Electronics,FR,10,0.2304055109157604,0.1138702373675967,0
4915,502,210.469356295146,ATM,Electronics,DE,11,0.0829697143415791,0.1644710752127897,0
3191,108,92.5433084468546,ATM,Food,UK,9,0.0569208936158583,0.2684933463839004,0
1825,169,23.06013114205001,POS,Grocery,US,15,0.1716632693836879,0.0458866421651108,0
5792,419,1.0,QR,Travel,UK,20,0.2042896630197114,0.0185770928304034,0
436,142,137.94721598793353,POS,Clothing,UK,7,0.2503903265590714,0.0751162959971888,0
7850,966,96.87859312624346,QR,Travel,DE,6,0.2919247990599973,0.039062499832561,0
7442,204,91.04454245730972,ATM,Electronics,TR,19,0.1943626780549455,0.0588732580563971,0
1888,89,89.89492030340818,QR,Clothing,TR,17,0.2729387583750731,0.2701057918298897,0
3323,778,80.63442308883236,ATM,Food,US,7,0.2284359437133021,0.1829887031372468,0
601,254,56.971510528871896,QR,Travel,DE,13,0.061781206950582,0.0685843248302025,0
3150,928,93.51138878007706,QR,Food,DE,20,0.0420341445656883,0.1161729635352331,0
278,648,119.92240227560004,ATM,Grocery,TR,6,0.2321334923545853,0.178010291807329,0
4711,131,35.570414581120374,ATM,Travel,UK,8,0.1058842358898661,0.27407599104799,0
4259,333,2.0613169352203187,ATM,Clothing,FR,19,0.143390538184534,0.0014988187312088,0
838,110,118.85169189140063,ATM,Clothing,UK,21,0.0936275758971976,0.2369668880646963,0
4038,486,131.36960370418424,POS,Grocery,UK,19,0.2786562635770299,0.0864620387885968,0
5455,295,135.60933288135186,POS,Food,TR,20,0.1869377055339321,0.046676754413197,0
5884,334,109.00457694055429,POS,Food,UK,13,0.0184681744558233,0.2115611027619474,0
6917,788,138.72914079112263,Online,Grocery,DE,16,0.2579960722119661,0.1207855100495322,0
9983,525,10.0,ATM,Grocery,NG,14,0.9799182394758048,0.9624148970567784,1
3543,629,91.10101255836936,POS,Food,US,9,0.287493576280715,0.0490555664385887,0
8936,718,125.51540031317172,QR,Clothing,DE,14,0.2957658879384262,0.2045328438758568,0
9276,567,162.2809156109107,POS,Travel,US,23,0.2657806234511106,0.1278870962651365,0
1448,855,159.51681703046845,POS,Food,FR,19,0.2185854766094824,0.1556672663775861,0
6223,760,126.70640593973371,ATM,Electronics,UK,20,0.2552774440574548,0.1795237934020769,0
4249,255,116.7099471585883,Online,Clothing,DE,13,0.1943973723542796,0.2886672338992387,0
5049,737,18.864297482707727,QR,Food,TR,8,0.0489595435595426,0.2713430577665481,0
9022,672,103.63221065216528,POS,Grocery,FR,15,0.1753584757920738,0.0285885986837181,0
6481,823,173.7315563757561,ATM,Grocery,FR,11,0.0476902326387352,0.1475368122700058,0
92,473,105.0516743991398,Online,Clothing,DE,12,0.1265817476150498,0.2770249726874853,0
602,170,29.1531795762174,QR,Electronics,UK,22,0.1825875708881741,0.1992984683340127,0
6065,154,173.17306732766713,ATM,Food,DE,21,0.1691363925075949,0.1351988979923629,0
6409,569,67.35644820481971,QR,Grocery,UK,13,0.2137896448914308,0.1395927215816501,0
1356,824,141.4005203081736,POS,Electronics,TR,17,0.1816410226678194,0.0278540212060886,0
9810,241,2758.282670718736,ATM,Travel,DE,11,0.964505595168564,0.8651753487181955,1
5545,553,101.33015606267818,QR,Clothing,US,23,0.1684861219502995,0.2578542171499616,0
6207,510,170.87811119520103,Online,Travel,DE,6,0.0990458941272898,0.0500882169985322,0
9635,939,1011.0841024122471,Online,Food,TR,3,0.7500608507451106,0.8822339175797999,1
6962,399,147.06313614798805,Online,Food,TR,6,0.1962211594857147,0.19282827182827,0
949,375,24.695557746991227,Online,Electronics,DE,6,0.2252881905443735,0.1785653058102143,0
9422,236,84.66561818116118,QR,Food,DE,12,0.2567380304378521,0.2266982526890864,0
5281,308,143.22703347317247,Online,Food,DE,18,0.2893808932519551,0.1431143082066889,0
8352,915,93.22059284855834,POS,Food,TR,12,0.0240178093992647,0.1284918881785518,0
9156,707,107.67742771300856,Online,Grocery,US,15,0.2374726497870795,0.0508351729565338,0
3632,777,91.94912121687902,ATM,Clothing,DE,23,0.2750272529875064,0.0801357457245458,0
2104,344,176.56634011571165,POS,Electronics,TR,7,0.2821229562403402,0.0377851869765342,0
359,464,176.37146934400909,QR,Electronics,UK,12,0.2608572381654652,0.274644585779849,0
9548,860,5955.77225650711,Online,Travel,US,8,0.7398234786657286,0.9923837529473272,1
5201,634,101.32535896876522,ATM,Food,US,16,0.0524434343611723,0.0513562412395525,0
3041,492,152.61009538372167,Online,Food,US,15,0.0107524236628049,0.0892299700572631,0
2884,75,163.58326166482496,Online,Electronics,FR,8,0.1128074820262415,0.0778843955667827,0
8866,351,94.85313707604506,Online,Travel,UK,23,0.242622564034011,0.0444807904919457,0
9493,458,42.49155799166038,QR,Clothing,TR,20,0.1859270243918075,0.1340705727875189,0
6634,909,61.48915426343378,ATM,Travel,FR,8,0.0587515674213097,0.2805853129507116,0
3296,876,166.20438918060478,QR,Electronics,FR,21,0.1565696401430262,0.0621590165253146,0
3714,91,52.098904615735606,Online,Clothing,DE,18,0.2732094859804275,0.1476043372215965,0
2606,753,89.7945436753279,QR,Electronics,FR,13,0.2596070471490553,0.2920671797753101,0
4997,409,123.10371279487585,ATM,Clothing,DE,17,0.0966314581930543,0.0291296066508187,0
7384,775,78.10888377848379,POS,Travel,DE,22,0.2503039944746696,0.2602887609532777,0
8306,699,185.88238433404032,QR,Electronics,TR,10,0.2259744932616144,0.2491800600794563,0
6353,11,95.47064893059432,Online,Electronics,UK,23,0.1326570691851863,0.282143985023523,0
6256,894,48.04269348197903,ATM,Electronics,US,16,0.1423227279121825,0.0532243071846138,0
3254,57,153.31759455976186,POS,Clothing,DE,12,0.0966879734513464,0.2581670368828302,0
4302,131,22.926094754281607,ATM,Clothing,TR,15,0.2115150678913061,0.2131587638156357,0
7597,135,9.779613875146197,QR,Clothing,FR,21,0.1403961896449951,0.2144395683289878,0
7524,374,109.4823698505994,Online,Electronics,DE,8,0.2656749745710141,0.0622490445971209,0
6319,242,171.08732422977462,POS,Grocery,TR,21,0.1219017463912698,0.0176119896376237,0
2926,44,121.1145815631698,POS,Food,US,17,0.2645859287083318,0.2969439558735388,0
5931,180,143.79186643828518,Online,Clothing,US,16,0.0241669269902852,0.2586044929571821,0
7107,561,175.5676573988768,QR,Travel,US,21,0.178269501761737,0.0656984039832251,0
8754,245,185.0711870220185,POS,Clothing,FR,8,0.220077401437839,0.2162643556415939,0
1281,2,167.10113754966238,POS,Clothing,FR,16,0.2991336223599191,0.1788295831271315,0
9601,551,1699.5559914389964,Online,Travel,TR,8,0.9693373137751328,0.704433577938239,1
3971,328,81.4360335237958,POS,Food,US,22,0.085236424096214,0.0069282704079127,0
3805,591,58.73226715190469,ATM,Electronics,US,20,0.0561928394683202,0.0040298766271729,0
7908,877,109.1797362153653,POS,Grocery,DE,16,0.2618272725483763,0.0533477060982889,0
2714,92,147.02335038607148,Online,Grocery,TR,6,0.2006746390266324,0.107573205936064,0
7409,650,96.79585617155786,QR,Electronics,DE,22,0.081375960092111,0.1839648489714688,0
2969,809,80.93646469841666,ATM,Grocery,FR,12,0.0848902802396229,0.0792650775375987,0
4807,513,21.5559353488306,Online,Electronics,US,19,0.1244137750232333,0.0994739373663411,0
9418,813,87.34963261994451,Online,Food,FR,17,0.0662092063171159,0.2539161379840882,0
7540,743,110.77750003226458,POS,Grocery,FR,20,0.094674133889149,0.2580715204260664,0
2637,380,33.0123873156997,QR,Travel,UK,13,0.1502091717266553,0.2149019937856358,0
9747,423,11628.213880743357,POS,Food,TR,23,0.9513101904059302,0.942083585967785,1
3375,115,132.61141000583473,QR,Travel,DE,17,0.2225427937517441,0.2330987275120564,0
9669,788,3139.34130234706,POS,Electronics,US,12,0.9063502175799244,0.9750379265371778,1
8185,129,133.47902867401527,Online,Clothing,UK,7,0.1165123765089956,0.1083280167397234,0
8316,163,132.53698520465792,ATM,Travel,FR,7,0.1565073149101409,0.2366101479039861,0
3916,34,111.54322050640438,QR,Travel,FR,13,0.1547924810608054,0.1081576269542947,0
3515,454,177.28368627933307,QR,Clothing,UK,16,0.039897282696157,0.1645752310976999,0
6554,82,99.15585100424406,QR,Clothing,FR,23,0.2252750960183499,0.2563477903361538,0
6354,866,142.93665675796672,ATM,Clothing,UK,6,0.0639567630502875,0.1872106285040375,0
2612,461,140.72333663742532,POS,Clothing,DE,6,0.0404625264976157,0.2091508692867058,0
9344,901,69.63947785021101,ATM,Food,DE,19,0.0425800945119668,0.0092654670494506,0
4317,616,1.0,QR,Grocery,TR,14,0.2905218707169147,0.0959951343551113,0
2927,786,106.83946000384978,POS,Grocery,US,9,0.0693667567561481,0.0854374565490289,0
6233,482,48.5237742402103,QR,Clothing,TR,22,0.2126357211915766,0.1173523249110423,0
5373,816,73.7821218704614,ATM,Food,UK,15,0.207572646536915,0.2652803682864152,0
7708,646,130.2689277906761,ATM,Grocery,US,6,0.1948764771418181,0.2256071100318764,0
1196,313,120.53369866373993,POS,Grocery,US,11,0.1811738328329971,0.0890397227751272,0
5834,639,155.27062026074913,QR,Food,DE,15,0.16460822330792,0.063244787076528,0
5317,169,2.378344589742099,QR,Food,US,8,0.2742455769348301,0.21234218908951,0
3545,154,132.24206447771127,Online,Grocery,DE,23,0.2176540570591177,0.1926560061413391,0
5043,543,91.71593355443156,Online,Travel,FR,7,0.2031671510151446,0.2063406536326334,0
6686,603,134.23287705015235,ATM,Clothing,UK,10,0.0518771872353643,0.065043957591266,0
5648,401,144.6188567442454,ATM,Grocery,FR,10,0.0628856902158526,0.0510329189462181,0
6473,844,78.51403054504169,POS,Clothing,DE,16,0.0469343939009401,0.0419824052871692,0
8701,797,209.63948411321869,ATM,Grocery,TR,8,0.2392262083666294,0.2441167662234525,0
4741,449,119.6904418995632,ATM,Grocery,US,23,0.2359351824682039,0.2489053810747824,0
8241,672,89.11740546074665,QR,Clothing,DE,18,0.1886506509598801,0.2030817959386205,0
363,971,94.91820761354737,POS,Food,DE,13,0.0894086190360663,0.1390037976125396,0
782,843,77.62014047417932,Online,Food,TR,9,0.0081091053837461,0.2483555181466829,0
2894,380,123.6374486737848,Online,Food,TR,13,0.2847023063371798,0.1046907620036206,0
8100,42,1.2552484465300182,Online,Grocery,US,10,0.1666918694199365,0.1207886280551448,0
6394,719,176.6453232705813,POS,Travel,FR,8,0.0741803154038863,0.0691138846579992,0
3630,386,82.21017110350613,Online,Clothing,UK,17,0.0260181880835763,0.144971624402896,0
1218,832,129.64061174171437,POS,Travel,FR,17,0.046991034716455,0.1883400857595361,0
5074,621,16.390724546193397,QR,Grocery,US,22,0.1704670870337195,0.0418275559971943,0
2736,810,154.77247422544747,ATM,Grocery,US,8,0.1889184543119182,0.0675284336202541,0
1781,767,81.49683577474102,ATM,Clothing,FR,10,0.038018052705293,0.2776902031269955,0
7430,160,122.76041240508236,POS,Grocery,DE,17,0.2694431611258857,0.2318218111255225,0
9945,283,22.168429062989272,QR,Grocery,US,4,0.900489223698129,0.829345674118509,1
6520,555,138.63741688523544,POS,Food,US,19,0.086205267204143,0.2048398836314067,0
341,779,132.06395097052877,POS,Travel,DE,14,0.1979463732604927,0.0121350495570902,0
9133,707,17.50423039861232,Online,Grocery,UK,22,0.2669018624034757,0.1847345773186481,0
6590,864,77.82377925997999,Online,Travel,TR,8,0.1152960329410608,0.1785646010485751,0
3758,110,116.7464512947744,POS,Clothing,FR,23,0.0829794900702745,0.0677192757512457,0
5587,937,152.62253158070217,QR,Grocery,TR,18,0.1999885946630038,0.2474358672416933,0
7048,507,39.87157278759157,QR,Clothing,TR,11,0.0800956189893498,0.0568421791445886,0
5815,727,117.87879454146508,Online,Clothing,DE,19,0.0662222261245908,0.0979062460562691,0
7596,751,118.84918504632978,ATM,Travel,UK,21,0.2955860782033535,0.2146424448165068,0
6350,390,23.160524300684244,Online,Electronics,US,20,0.2261833183446296,0.1903641974068204,0
1256,548,18.513341737690222,ATM,Grocery,US,13,0.1436742838586136,0.1229336276921613,0
738,993,134.80681209847842,ATM,Clothing,US,9,0.2728963398505777,0.1219828045544551,0
3568,721,57.76395146160462,ATM,Travel,TR,15,0.0056896958596341,0.1959325216426929,0
7950,343,123.42076790943894,Online,Travel,DE,9,0.2044033477351562,0.2666271715984571,0
2440,627,230.2079176622808,QR,Clothing,TR,13,0.0323370018570242,0.1721745963936838,0
85,745,66.25607517849411,ATM,Food,DE,15,0.0705822312404058,0.1261711377655277,0
1313,664,154.3726775347083,Online,Food,TR,6,0.2773520733416014,0.0681325511804514,0
8195,801,58.32157742487306,ATM,Clothing,US,16,0.0806896576327039,0.0340624704197176,0
2601,531,69.15836995114162,Online,Clothing,FR,21,0.22929435363937,0.223866574727141,0
8731,984,105.6949959451592,POS,Food,US,13,0.1481258141893428,0.2655630111021227,0
3928,911,143.24744190058186,POS,Food,FR,16,0.0778168760823266,0.1827350239980949,0
4566,184,121.33153450211,ATM,Grocery,FR,20,0.1724024656571722,0.07541440945706,0
4951,329,62.92522862946663,ATM,Electronics,TR,20,0.2463695310619307,0.1172808209827074,0
1527,115,51.11108945205744,ATM,Travel,UK,13,0.2521962483251752,0.2464764914291803,0
4349,81,194.0380573101324,POS,Clothing,TR,13,0.1128452633894804,0.2705014231051592,0
7578,108,64.37226730075652,POS,Travel,TR,14,0.0473563219669236,0.28967186389235,0
409,58,164.2218526388692,QR,Clothing,FR,6,0.2795355122280841,0.1962864816070725,0
189,888,71.03230835811706,Online,Electronics,TR,13,0.035427131694132,0.0967796921218521,0
3503,669,133.96304404443572,ATM,Food,UK,9,0.1906830381198204,0.1617147117182583,0
2132,52,102.99566185456308,Online,Food,TR,17,0.0719867384481346,0.1929859849689534,0
8589,962,179.03635211992582,ATM,Clothing,UK,21,0.2481916726607305,0.1317540324341868,0
6794,342,83.46519272786131,QR,Grocery,UK,13,0.2876000371586499,0.2369644136574913,0
7917,152,126.3230906705934,QR,Clothing,DE,19,0.0794157336996745,0.2794914454879844,0
3878,342,122.7251286042814,POS,Clothing,DE,18,0.0291044165047105,0.0809868039999398,0
5825,267,30.19033419770571,Online,Travel,UK,15,0.2050796494410818,0.0159692312015329,0
7120,934,109.73240019529034,ATM,Electronics,TR,17,0.2395620038890114,0.2463848840436354,0
4397,617,19.7104570009201,POS,Clothing,FR,12,0.2073202731534353,0.2331910757214249,0
4722,154,59.661477399874045,Online,Electronics,FR,15,0.1554668823774514,0.1280953949999082,0
4085,323,93.37032226893304,ATM,Food,UK,14,0.0903303004445119,0.0800315836946332,0
6816,536,125.10695646505522,ATM,Clothing,DE,16,0.2613268530341877,0.1212673445343593,0
1177,756,197.7355598630644,POS,Grocery,UK,15,0.2619881758495142,0.1997602946556777,0
7425,863,40.145715922485024,POS,Grocery,US,6,0.2818666663915961,0.0247021081394288,0
8357,379,123.0172402412822,ATM,Travel,TR,20,0.2718467796163829,0.2065136635968674,0
4795,160,123.12596197960391,Online,Food,DE,22,0.1958230702851079,0.152414716788195,0
9256,166,165.28231840580963,POS,Travel,UK,18,0.0611943957742247,0.2649834087358783,0
6471,351,138.9286448638925,ATM,Grocery,US,17,0.1429386731126112,0.2518160674574124,0
9438,111,160.61922264448762,ATM,Food,TR,23,0.0371307144091669,0.1099783531562038,0
3183,555,105.7726732811434,ATM,Travel,UK,11,0.0776012529963896,0.0581847530062342,0
9673,487,407.9672735370912,ATM,Grocery,TR,4,0.9710576354376284,0.7347629742434812,1
733,282,87.95197085720409,Online,Electronics,FR,17,0.2055465401617489,0.1917425125485932,0
2921,145,139.77438474774442,POS,Clothing,TR,8,0.2631477472862057,0.0497750185033527,0
7975,834,143.28505894173065,Online,Clothing,TR,15,0.1032927323758765,0.2752855692634758,0
5426,452,83.91682097254417,QR,Grocery,DE,9,0.2498395045343479,0.0522076242770673,0
3278,72,1.0,ATM,Grocery,FR,9,0.2135110928785531,0.2560369463875543,0
8286,319,31.054172564133367,ATM,Food,DE,22,0.1523795089577831,0.2397820198364608,0
8266,466,5.487966793150193,POS,Food,US,20,0.1073893158536429,0.2380024284853078,0
7441,988,181.5720200899132,ATM,Grocery,DE,16,0.12048547524793,0.1316195783392104,0
4520,451,175.66205405883562,Online,Food,FR,6,0.2361171053232697,0.1720290737222999,0
4902,404,122.85877655785156,ATM,Food,US,23,0.0942185526202726,0.2235997104277381,0
8627,507,101.92427641704636,ATM,Food,DE,7,0.1227364906691551,0.0561032362247993,0
2910,310,88.36039998072764,POS,Electronics,DE,18,0.1972428576849166,0.1290608519364627,0
6984,808,100.96836637436569,POS,Clothing,TR,16,0.0679601252094625,0.2578550220967565,0
365,501,92.75795616321,Online,Grocery,US,10,0.2276570668130491,0.0357875799707511,0
1993,906,58.8832264323638,POS,Travel,FR,10,0.1534172139749287,0.1974372746963722,0
1454,793,112.23751633423868,QR,Electronics,FR,21,0.1756706496325775,0.0376247812602507,0
8682,223,143.74234135598286,QR,Food,UK,6,0.1017873139440189,0.055719557304652,0
5001,700,98.58711233508804,POS,Food,DE,6,0.129920959470537,0.245847626338946,0
4947,18,172.71550508982455,QR,Electronics,TR,18,0.2179967804876952,0.0709598365138977,0
235,928,32.826486023522094,POS,Food,DE,10,0.1065159680668474,0.0973715753671411,0
7645,115,182.9709749429105,POS,Clothing,UK,17,0.1164042191863525,0.0368158454419501,0
2260,43,143.15303906263568,Online,Food,FR,17,0.1002741542146457,0.1312534731559137,0
2820,257,85.85118615096252,POS,Electronics,FR,15,0.0329122783606872,0.2128935616258279,0
7095,882,100.34597242442942,POS,Grocery,UK,19,0.2355438222009707,0.2014770098912255,0
5376,468,171.8584927652056,ATM,Travel,FR,15,0.0167746139318058,0.1451745607293692,0
4265,966,1.0,POS,Travel,DE,23,0.0008598198110034,0.1547031988853487,0
3577,377,14.54017369083232,QR,Travel,DE,19,0.2698920098475643,0.2270172457710196,0
1002,451,69.0022151343191,POS,Travel,DE,14,0.1501942779990985,0.0717281897231098,0
2558,207,41.739985647338216,POS,Travel,TR,14,0.0946377987626062,0.1825366207174222,0
9893,81,10.0,QR,Clothing,FR,6,0.7486417356772909,0.8140786106706197,1
7284,239,162.43506363540197,QR,Grocery,UK,21,0.1055142274346456,0.0061600105749485,0
1251,679,84.82581850716304,POS,Travel,US,12,0.0059192697975608,0.2096322645949579,0
2107,487,129.72919023877787,POS,Electronics,FR,6,0.1222253327453548,0.0978718954904171,0
5862,440,46.5220047061339,POS,Food,FR,9,0.1968967299295535,0.2851156001449316,0
953,996,180.0247532905529,POS,Electronics,TR,12,0.225879542601415,0.1378798303965384,0
9239,781,149.1895875976603,Online,Clothing,FR,21,0.120909680643879,0.2290208932259364,0
2882,860,42.94170921701755,POS,Electronics,UK,21,0.0027300277153863,0.1275535757517949,0
7748,995,107.92305925594312,POS,Grocery,FR,14,0.0806814539886577,0.1491549114486232,0
5231,877,186.93991804754344,Online,Food,US,22,0.0445038827301801,0.0542360755546546,0
9185,471,111.01065925724012,ATM,Electronics,UK,8,0.0870116826227474,0.2934494212574863,0
7623,926,143.72481641991143,QR,Clothing,TR,8,0.1558507739562977,0.1614140261096351,0
3584,97,76.7764030071827,POS,Grocery,US,22,0.0259797949378984,0.0177566442011597,0
580,832,136.88129650652513,QR,Clothing,DE,7,0.1224651385819363,0.1810185626438414,0
942,88,75.6321317008017,QR,Food,US,16,0.036875547081993,0.1396863776981106,0
7458,391,117.91933065640876,QR,Electronics,UK,23,0.2666201286965224,0.1097485601399947,0
5679,403,154.52588373713343,ATM,Electronics,TR,13,0.0435108575544989,0.286466834948187,0
2970,648,20.37585138608973,ATM,Food,UK,9,0.1110002587075782,0.1708953383706921,0
3423,180,191.37209705568972,Online,Travel,UK,9,0.2956245600078799,0.1053110848810004,0
7783,128,132.8816845503845,ATM,Clothing,TR,15,0.1645152616013952,0.0243085015355895,0
1736,687,98.3504848586375,QR,Clothing,UK,12,0.2859623547378724,0.2754592454312959,0
4402,505,54.62694425501004,Online,Electronics,UK,19,0.015041530616742,0.1535414813559708,0
5846,905,85.55760806340155,POS,Grocery,UK,11,0.2205435620815053,0.0189500459035518,0
8735,312,51.392217330257886,ATM,Food,TR,9,0.1876739315025142,0.2063349848673705,0
6417,461,82.57584002885653,QR,Food,UK,12,0.2620465580145961,0.0664800732434118,0
2249,470,163.624827195389,Online,Clothing,TR,22,0.0159839986404469,0.0475128218197291,0
368,698,48.01854607905406,QR,Travel,DE,23,0.252740083689134,0.2049297877297862,0
8406,478,19.73084864700972,QR,Electronics,US,13,0.1831669559369874,0.245759689833439,0
9160,270,119.87529725454888,QR,Electronics,TR,7,0.1960996595125999,0.2077214938346113,0
7695,798,58.31245290811402,QR,Electronics,FR,12,0.2694358816100237,0.1547124360744438,0
9812,338,2645.368602125786,QR,Electronics,UK,16,0.7644494497018078,0.9289200132032432,1
6795,376,1.0,QR,Grocery,US,8,0.2344244609832071,0.0382313652180709,0
2772,790,90.2398606585416,QR,Clothing,TR,8,0.1144633247795719,0.2872194328850004,0
1879,779,73.3683073611326,ATM,Clothing,DE,14,0.1802109972490404,0.2069907988050813,0
627,246,47.97950290641292,POS,Grocery,US,7,0.0939942852121546,0.1846474522089755,0
3623,806,153.54564716872935,ATM,Food,US,15,0.1742982234390679,0.2915670736386727,0
2113,978,41.0665381851239,Online,Food,FR,16,0.0732425361299398,0.1236251901335002,0
1583,868,145.0603390246154,Online,Grocery,TR,19,0.037238275515487,0.0314029456240649,0
7957,597,78.73192648672375,ATM,Clothing,FR,11,0.0611686799210957,0.1847422658863704,0
5505,192,36.12910259338076,ATM,Food,US,7,0.0892649893292172,0.058524937678039,0
4125,913,50.712596274898495,Online,Grocery,US,19,0.1132206995624963,0.0353571411103072,0
1812,694,1.0,QR,Clothing,UK,11,0.0838650450833405,0.1724502727703508,0
2559,7,19.968707840831044,Online,Food,TR,23,0.2756389701757728,0.1770722298353101,0
6552,26,71.8492902543666,ATM,Grocery,DE,13,0.2908140644444514,0.1303262071351081,0
555,389,30.729530409093528,POS,Travel,US,7,0.0912094227695608,0.2012832739671432,0
6451,429,54.02863196017328,ATM,Electronics,DE,11,0.0964375218691222,0.042823334781294,0
3592,425,81.53181905358785,ATM,Clothing,DE,19,0.2061066585261943,0.241462888231011,0
7142,259,112.56656302292464,POS,Electronics,UK,18,0.2683924259288381,0.0067551432131582,0
8940,402,198.935534211901,ATM,Food,FR,8,0.1662016077744227,0.1104860557276311,0
7074,414,49.304793350351474,POS,Electronics,UK,21,0.0398678277083941,0.2015600919154887,0
4944,131,114.40827538210432,Online,Food,FR,13,0.0235982671834102,0.1244190778245333,0
8881,629,145.26615480376427,QR,Travel,TR,23,0.1590725350837515,0.0621460995928206,0
8456,378,139.67262444172172,Online,Food,FR,21,0.2348653510071483,0.1641971684721774,0
7186,325,21.659924946525805,ATM,Travel,US,15,0.2609908362474721,0.1984801981795913,0
1134,236,179.4502879386435,ATM,Electronics,UK,11,0.2245349542292524,0.1848702336457255,0
1695,160,95.58000416029633,ATM,Travel,DE,12,0.2050309229373987,0.1285895046446479,0
6619,841,101.52118400212385,QR,Electronics,US,18,0.2305525327908296,0.2638227541550148,0
1135,45,92.95370380505936,ATM,Travel,DE,23,0.1691790615073879,0.0241011470609943,0
8133,452,108.13026725250192,QR,Travel,DE,10,0.1540743603475193,0.1993840357308275,0
8353,137,150.65949022551945,QR,Clothing,UK,9,0.0302691651692775,0.2444183328445248,0
2085,844,114.98861178010682,ATM,Clothing,UK,9,0.1244454790826864,0.150767468413763,0
7817,343,135.67987442786554,ATM,Travel,US,23,0.1373413314796936,0.1720813432074826,0
4676,317,146.92144287900922,QR,Electronics,FR,16,0.1782083719278556,0.0002281190595185,0
5541,503,64.6020314684001,POS,Grocery,DE,6,0.258155614132695,0.0188983891355138,0
2006,636,114.65255454607777,ATM,Grocery,UK,8,0.1185200677215087,0.1652506204635857,0
3217,290,40.53880075438101,QR,Grocery,FR,16,0.2006449595787575,0.1824135219144397,0
3884,400,121.27706471378904,POS,Food,FR,13,0.1760835651922925,0.2435513136060327,0
4809,619,81.71565075637724,Online,Travel,US,14,0.0465574250189316,0.0029538077955786,0
5849,161,123.0164195005591,ATM,Clothing,UK,23,0.1642428036653722,0.1158077668245261,0
6857,215,143.49128406980066,POS,Clothing,DE,10,0.2925941519777187,0.1792299662197083,0
6097,270,133.4470159397884,Online,Electronics,UK,7,0.0571478763782451,0.0213416615881853,0
7793,638,164.09195142976472,QR,Electronics,TR,22,0.27272714873248,0.0543546641210343,0
7116,875,154.1910320915629,QR,Electronics,DE,10,0.0910835700858218,0.2610571108221881,0
2346,976,234.02544358166227,ATM,Food,TR,19,0.0258497491217377,0.141657988838518,0
5593,797,1.0,QR,Travel,DE,12,0.1892821972031678,0.1786255719849865,0
4537,872,195.59616192849128,ATM,Electronics,US,12,0.0486518757355119,0.0675605149024351,0
6973,15,109.24733846630394,Online,Grocery,TR,14,0.1961455525698962,0.224450967363555,0
6848,820,147.22385660992512,POS,Food,UK,17,0.0432428065823537,0.1342341015708897,0
214,690,63.80981278241649,Online,Food,FR,16,0.277386230008681,0.2472608854949089,0
9353,48,134.90822108754455,QR,Travel,US,7,0.125129908333461,0.2311311495439503,0
8700,288,112.56930194287582,Online,Grocery,UK,23,0.0957609546132103,0.1532245809361144,0
253,100,45.32338567701637,Online,Clothing,FR,15,0.2497973972185625,0.1868287409603873,0
4954,391,1.0,ATM,Travel,DE,15,0.1900430102155049,0.292099897530669,0
536,251,13.356317417718516,QR,Travel,UK,20,0.0982778019059321,0.1867298568245907,0
9140,88,69.30255702998791,QR,Electronics,US,13,0.0479462196210093,0.2318020742496485,0
97,507,47.99168473893553,ATM,Travel,TR,20,0.0099644229522963,0.091275404352783,0
290,748,125.49884586201652,ATM,Electronics,DE,16,0.1788708319682243,0.2222002642691612,0
7707,823,22.6192243320223,ATM,Food,DE,16,0.1336431389083203,0.1957250827406539,0
2192,910,59.93043648687054,QR,Grocery,DE,7,0.231635539823955,0.167373080271917,0
8617,869,179.7614022951724,ATM,Grocery,US,23,0.1454699024459848,0.2945602970858497,0
5689,696,123.73268228786726,POS,Food,DE,12,0.2405435592907923,0.0396258380067489,0
4374,693,122.99973082065276,Online,Electronics,US,8,0.2394881794638194,0.138675430974348,0
6823,322,126.88350591009484,QR,Travel,FR,6,0.0159671503613198,0.2562872573361152,0
7313,38,60.70589384625159,ATM,Electronics,DE,20,0.1356753447327689,0.2193291305301752,0
8742,792,99.9108494873786,Online,Food,UK,16,0.1492766522070051,0.0555756200798432,0
7737,982,19.394323423728025,Online,Clothing,US,17,0.0012992776471621,0.1895571270326303,0
2725,740,106.95207385566933,Online,Grocery,DE,20,0.1160991344773316,0.0197789308569404,0
1985,637,148.1158289440072,ATM,Grocery,UK,12,0.2714960415165024,0.2601559817368534,0
1167,42,70.32896949110383,ATM,Electronics,US,14,0.1776196742870373,0.1073234668175178,0
7475,550,57.74165010799808,QR,Food,FR,14,0.1529791021415482,0.0888719961158377,0
1466,170,150.96716336243426,POS,Grocery,UK,22,0.2158688833704359,0.1890307900935004,0
9063,773,160.03538755918433,ATM,Clothing,DE,6,0.2034826469911141,0.2471479651939696,0
441,528,50.58027807665636,Online,Electronics,DE,20,0.2220064588471579,0.0874194750776499,0
3350,266,82.86988796144638,ATM,Clothing,FR,8,0.2063300910173886,0.0944536600827046,0
1631,58,50.56313407900909,Online,Travel,US,23,0.1098438679007618,0.0824192901190619,0
9992,152,826.4725691376273,QR,Food,TR,0,0.80044391699631,0.9282116678630428,1
8856,10,126.51549681239798,QR,Travel,UK,7,0.0019056531615587,0.1780701685501063,0
1252,419,90.02781420559724,ATM,Electronics,FR,13,0.135202220110305,0.037779869356903,0
7576,578,102.08995423647488,Online,Grocery,FR,21,0.2329395189508427,0.0984838491104283,0
7076,612,98.36116490211516,ATM,Clothing,UK,9,0.1201483722047827,0.2940681994376979,0
4665,423,20.695240384054443,POS,Clothing,UK,12,0.0397134580429551,0.0425455414892,0
8425,457,53.44059837732289,POS,Food,FR,18,0.1827486092300715,0.1523059667568578,0
8009,971,76.30309019884106,Online,Clothing,TR,18,0.2109013574626509,0.0489056119634009,0
1638,733,210.42583400045868,Online,Food,FR,11,0.0545697802364122,0.1494499409225393,0
9355,315,134.1854575201247,QR,Grocery,TR,18,0.1145513165908852,0.1948721835601692,0
8891,344,90.78770105729762,QR,Grocery,US,17,0.1872450643243039,0.1160888701485428,0
1203,502,146.95794565720908,Online,Travel,TR,23,0.1782359612503627,0.2433427067982249,0
3530,18,98.4671947323781,Online,Electronics,FR,21,0.1389542130199844,0.231211321244492,0
1036,317,84.98676410405845,ATM,Clothing,UK,17,0.261545188154945,0.0417626904108075,0
1435,929,61.25417331363668,Online,Grocery,UK,17,0.2490811521876001,0.0221488163436791,0
4163,326,53.10651984191805,POS,Clothing,TR,21,0.1980680433485443,0.2949876834639227,0
3952,44,92.19931702883724,POS,Travel,UK,8,0.0339578782197464,0.2673053263270433,0
9352,642,124.04413269669136,Online,Grocery,FR,10,0.1378865375512246,0.1221546952005138,0
3861,431,111.4386690012341,POS,Clothing,US,13,0.1378153944479657,0.0808935812780694,0
9728,572,10.0,ATM,Clothing,US,16,0.8494823441194108,0.7982471022568695,1
5215,601,122.5159413390362,POS,Clothing,DE,6,0.1392485025537845,0.0163815741020454,0
8444,305,134.0088040031638,ATM,Electronics,DE,10,0.0903429778114641,0.0612727903401482,0
6461,392,71.91326679696778,QR,Food,US,23,0.1841296043182465,0.2258923219049132,0
1164,247,138.5011243565354,POS,Food,US,20,0.0573107224493689,0.2977269736769046,0
8276,392,142.96952489099257,QR,Food,TR,21,0.0812398477415389,0.0443203453105252,0
7730,218,122.04608547079437,ATM,Grocery,US,21,0.1572145176176675,0.1484465091497427,0
1757,802,53.31231319299515,Online,Travel,UK,10,0.1305070774647315,0.1457526666203961,0
6747,760,146.68810376249596,POS,Travel,US,13,0.012777006115876,0.128841930531656,0
679,748,130.17405051507683,ATM,Travel,UK,21,0.0452698044837196,0.0904066957426072,0
9294,804,70.93804014869279,POS,Electronics,US,14,0.2696888860615647,0.1757737698390484,0
9388,229,170.5823251959779,Online,Clothing,UK,14,0.1073093956975331,0.2690762236952736,0
5883,600,253.3751055793325,ATM,Grocery,FR,16,0.0143234270328227,0.289785193772382,0
8905,71,37.26827575080647,POS,Grocery,US,20,0.227821517761709,0.2762743658673645,0
9565,249,1881.4294008949016,QR,Clothing,TR,11,0.784857131835194,0.7022974691587077,1
7053,181,131.00024944503764,ATM,Electronics,TR,10,0.1305175155044115,0.0205168993402607,0
3707,845,148.23371198432102,Online,Clothing,US,19,0.0360160147164605,0.1941303365261754,0
9943,187,3453.7255408949327,ATM,Electronics,US,0,0.773897210233561,0.9995074039087404,1
4104,231,68.37657918449325,Online,Food,FR,21,0.0217218607724936,0.0891079503290658,0
5477,896,33.35960105882508,Online,Clothing,UK,7,0.1839676381733258,0.0819294048177407,0
2669,286,160.57741284558807,ATM,Travel,DE,17,0.0527990818340791,0.2650910143510031,0
6027,501,108.8994689801652,POS,Electronics,FR,14,0.0092366368007411,0.0682192691717075,0
5279,520,80.25739481979544,POS,Electronics,FR,10,0.1503265886981316,0.1696609188154642,0
9247,710,80.76219983946443,POS,Grocery,DE,19,0.0946306858399832,0.112647144362543,0
5234,614,34.3027751645015,Online,Electronics,UK,13,0.096949944684876,0.0797801386664681,0
5889,676,90.65157852660283,Online,Travel,TR,13,0.0393273059411793,0.1082076552846483,0
6997,979,20.890597456242915,POS,Grocery,TR,9,0.1341019399330502,0.0402408911232797,0
6138,839,169.31380410404114,Online,Travel,DE,22,0.2299028134381017,0.2519092463674701,0
5780,55,81.3470327808995,ATM,Food,FR,19,0.2552480343550008,0.0602822944507985,0
3351,358,136.53773305801965,QR,Travel,DE,14,0.0389114183464188,0.1371805059843482,0
8473,670,93.69487917209212,ATM,Grocery,FR,13,0.2616532818902962,0.2667611716547813,0
141,13,73.61574027915204,Online,Clothing,US,11,0.2543020328259439,0.1609390895727726,0
3989,246,150.68335429334186,ATM,Travel,US,6,0.138800901159349,0.1878470699034032,0
6782,727,182.6497834424325,Online,Clothing,FR,9,0.1586340036160773,0.0175235403093367,0
4979,252,144.20621605156998,ATM,Grocery,DE,13,0.1314691695493149,0.188655155052137,0
3292,475,86.22509241626406,ATM,Clothing,TR,15,0.0196051457919058,0.2060394797693806,0
9289,204,179.0009381161933,QR,Clothing,FR,10,0.0437290178245291,0.2675230769914133,0
5734,962,140.21191473413376,ATM,Travel,FR,10,0.246383844524055,0.2181722849900569,0
3609,264,131.5508285994247,QR,Travel,FR,21,0.2008206114334906,0.2747906688251422,0
183,817,127.9668662263836,POS,Travel,FR,21,0.1943265891869112,0.2923401869762605,0
9540,121,10.0,Online,Electronics,TR,15,0.7899382282900324,0.8039858394602034,1
3590,382,86.59386454910761,Online,Electronics,US,9,0.0972196782810489,0.2660067827370274,0
9340,576,160.5387760967398,QR,Grocery,DE,20,0.2233518574666624,0.2913872132581275,0
1853,850,24.447298304356707,QR,Travel,US,14,0.2929861856002374,0.0624883615691871,0
633,600,15.905982248873102,Online,Grocery,FR,15,0.2279848854427438,0.2731900188407072,0
8964,988,174.9197478709425,QR,Food,US,11,0.1903261093363312,0.2029829111811864,0
4469,109,103.07979276863388,QR,Clothing,TR,9,0.2122563524426665,0.1630902787439692,0
608,321,75.47145825570671,Online,Clothing,UK,12,0.127637009416773,0.1365023816101339,0
246,851,216.05019980309024,QR,Food,TR,13,0.096836811541828,0.0375340243545763,0
9689,414,2983.5190789453527,QR,Electronics,US,4,0.9541570672441924,0.9672431653445646,1
8332,818,146.4081416755058,ATM,Travel,UK,6,0.2572246186656885,0.20428783065554,0
4221,627,153.6425745310496,QR,Travel,FR,22,0.2321781138817857,0.0408425140230191,0
3781,501,88.76205075707969,QR,Clothing,DE,18,0.0480741844226477,0.1927980875036978,0
8483,622,21.526377347409092,POS,Food,UK,16,0.0378585836517768,0.0537046773876509,0
1622,843,28.800307515199407,QR,Travel,US,23,0.1666850533148912,0.0885480409812275,0
2095,760,138.37950384749797,ATM,Grocery,US,9,0.26056817308862,0.2761729179190189,0
5788,140,125.17170539234554,QR,Food,TR,6,0.2660682191054714,0.085420954663954,0
8280,994,98.70809276419337,QR,Grocery,FR,7,0.2624322364003063,0.0919510036779571,0
597,987,127.4063164363645,POS,Clothing,US,23,0.0869768809566711,0.0032919520234206,0
1987,583,58.22948588040875,ATM,Food,US,15,0.2173174313997334,0.1858782446481131,0
310,251,147.51285969342712,ATM,Food,US,6,0.1148739530176838,0.0346976526894669,0
9535,988,2185.233352495225,Online,Food,FR,11,0.9942850941223382,0.7120836132127619,1
9341,267,97.24576226914606,Online,Grocery,FR,10,0.2918859329638028,0.0194167245163421,0
5503,383,88.16194666075036,QR,Electronics,DE,16,0.0741640713960015,0.2898128861029172,0
1596,43,263.81996725565,Online,Travel,FR,6,0.0549313146906263,0.0009153246984719,0
1071,949,84.89844886086183,POS,Travel,US,23,0.0917203268050471,0.147744910553647,0
7825,988,59.78249210839503,ATM,Grocery,US,7,0.1850050129808244,0.0940937106503373,0
4460,401,180.77459719450405,QR,Grocery,UK,22,0.1736285613304806,0.0064352735726724,0
7577,61,103.6680494084438,Online,Clothing,FR,20,0.0258877967268244,0.1589993205484859,0
5138,484,79.82521029686859,QR,Travel,FR,13,0.1618592230216685,0.2738473784350324,0
6005,962,88.85891929066376,POS,Grocery,FR,15,0.2168962611418058,0.0713357099387404,0
9356,412,122.73444759768182,POS,Food,DE,12,0.2811469527224702,0.150066738609562,0
3611,428,69.30653884631413,Online,Electronics,US,12,0.1032960441647738,0.274141493982158,0
3620,442,93.81414149307568,POS,Food,UK,15,0.099862635141794,0.2549035199587349,0
9491,648,112.76700500454656,ATM,Travel,US,10,0.2038543754129676,0.2856874972913324,0
8320,519,106.53374499463096,POS,Grocery,UK,20,0.1762792540843023,0.1635962668148038,0
8860,305,73.63784861321938,Online,Electronics,US,23,0.0288191453816776,0.2322942023106932,0
7308,883,170.0277193250401,POS,Travel,US,23,0.142331729344183,0.1280602299554852,0
1062,438,104.45503833519383,POS,Electronics,DE,16,0.1883321280090404,0.1885833863772557,0
5719,709,67.83014688998121,ATM,Travel,DE,22,0.1519662006768039,0.2977885766342165,0
845,832,124.23453898092043,ATM,Electronics,UK,16,0.2608176281234524,0.2118958053833598,0
3951,892,81.2390384933051,QR,Grocery,TR,16,0.0989753720904311,0.214209875954752,0
6793,522,70.20462795934768,Online,Grocery,TR,10,0.0876198438244531,0.2647072704830694,0
2289,480,54.46787399560027,Online,Grocery,TR,11,0.0253775893100724,0.1468853016919638,0
3617,553,89.67266327755279,Online,Clothing,FR,19,0.201595775486878,0.2771862635113068,0
6291,355,136.85906533492874,Online,Electronics,TR,17,0.0753251736323236,0.0735359817401203,0
7671,132,245.14708142526715,ATM,Food,TR,23,0.0312398908411651,0.1780721304853715,0
2948,334,180.02812536849797,Online,Grocery,DE,12,0.2648855273801421,0.089487918740794,0
9389,791,59.63352985393,ATM,Travel,UK,19,0.2507626563351905,0.2055999879406667,0
1726,229,86.47425590479018,POS,Clothing,TR,11,0.176294496446635,0.058258227005788,0
6546,210,38.92647614383377,POS,Travel,US,23,0.237867074512613,0.1530086969479694,0
7079,540,61.73644354610664,QR,Food,US,19,0.1871205328680095,0.1092495529220333,0
5145,281,1.0,Online,Electronics,DE,23,0.25097668281439,0.0453158878193324,0
1406,757,199.0037616722009,QR,Food,FR,16,0.0678618309491101,0.0716950275925698,0
2066,935,5.280890203704601,QR,Food,FR,11,0.1334358241620116,0.222668932095146,0
6804,532,44.60373869025689,POS,Clothing,US,12,0.2576170234292326,0.2257455089183737,0
6865,716,199.57063803069235,QR,Electronics,FR,9,0.2853571254184546,0.1424757265336535,0
5962,575,85.30228038928918,ATM,Clothing,TR,6,0.2108475638281726,0.2414795673211226,0
2307,711,201.2434470247924,POS,Travel,FR,13,0.0676494460993385,0.0330957748110918,0
9345,600,128.14054849750437,ATM,Travel,US,18,0.0051393263073573,0.1764152072317532,0
9954,266,2557.058506169681,QR,Food,DE,4,0.7490324301475523,0.7974622407401266,1
7006,225,238.589480474582,POS,Clothing,FR,14,0.0163727030222621,0.2015951142884255,0
2589,5,157.74455713176968,POS,Clothing,FR,15,0.1510342748532582,0.0964082403377036,0
2934,220,116.70788109365776,ATM,Food,FR,10,0.0998776610158069,0.0852365027050424,0
4766,911,40.93225177085773,Online,Clothing,US,14,0.0296998842340601,0.2518493152919172,0
4857,237,152.54441204734349,POS,Grocery,TR,13,0.1615969311886938,0.1258707387868735,0
5912,299,118.12581126408836,Online,Grocery,FR,6,0.0831265201008861,0.2868347015125776,0
470,437,171.51813995591775,POS,Electronics,TR,23,0.2783391367696313,0.2318029691149892,0
3470,919,17.16975407578039,ATM,Grocery,US,18,0.2764094938027841,0.044046937296131,0
2244,179,61.04737978466548,POS,Food,FR,20,0.0089563577108186,0.0058232102443898,0
1439,204,82.36575505022093,ATM,Travel,TR,21,0.0730226774269057,0.0221381333052121,0
9524,720,1068.9709003578762,POS,Food,NG,11,0.9563944557721664,0.7157322212927946,1
9568,438,22.168429062989272,Online,Grocery,NG,6,0.9522721297986996,0.7372180491550775,1
3743,147,21.777300668801587,Online,Clothing,UK,8,0.1156205604108626,0.0370195955970211,0
5447,144,139.68997297549328,QR,Travel,TR,21,0.1750783376454503,0.1957132259385633,0
3095,521,139.68790715495666,Online,Travel,US,18,0.1373877663411261,0.1279375627451699,0
8333,103,50.37195423035792,POS,Grocery,US,13,0.0424875054338494,0.0652743004676819,0
8163,923,72.33789078987894,POS,Clothing,DE,20,0.0244016251747332,0.0236353193209484,0
4058,633,140.2541894331017,Online,Electronics,US,17,0.0504609621843334,0.0570039124478771,0
7761,498,123.79504172624902,Online,Food,TR,15,0.2829644575758858,0.1540657904120934,0
7244,353,83.12489669212675,QR,Travel,FR,10,0.2426737875257761,0.082668949152656,0
6610,49,120.97752209569563,POS,Travel,DE,15,0.2064157886206277,0.1143649604011028,0
9588,316,1228.8902795025365,QR,Electronics,US,17,0.919560018286935,0.9074420870037562,1
1723,454,95.08318289037506,Online,Clothing,DE,22,0.1178002254865743,0.0571443960465704,0
3525,581,49.89480376847847,QR,Grocery,FR,19,0.0482697088357238,0.2486926345542083,0
8193,392,103.65418823954192,QR,Travel,FR,6,0.2501606677922361,0.0312271937578847,0
2983,188,157.3783226072349,ATM,Travel,US,11,0.0961043075599395,0.2479385351222737,0
4510,698,130.36019948721227,QR,Travel,UK,16,0.1269717224684491,0.2689515798359181,0
6152,72,1.0,QR,Grocery,UK,12,0.0895451866264031,0.0009214139237051,0
5184,899,100.9269972644517,QR,Electronics,DE,17,0.0571866884780394,0.0962804641958587,0
4407,51,90.175414996037,Online,Electronics,US,7,0.2908481103226746,0.0464226605353309,0
5691,139,171.357512398172,QR,Electronics,US,7,0.082191659831588,0.1285439416101136,0
3753,830,206.8805814689612,POS,Travel,DE,22,0.0488812350287475,0.1333856127925915,0
3471,978,193.2135183942836,ATM,Food,DE,11,0.2619230078114172,0.0089646105532416,0
791,825,134.35335348180598,Online,Clothing,FR,8,0.2133930232440644,0.1529912788995569,0
1891,972,140.44102011389248,QR,Food,TR,15,0.0369085412902397,0.2170552835006404,0
6092,30,59.8410027101015,Online,Clothing,TR,15,0.0257787120925611,0.1794074514861067,0
506,589,159.7988231241852,ATM,Grocery,US,20,0.0978234191715204,0.0522992887354651,0
8622,751,18.23670570050656,Online,Electronics,US,14,0.2614452995950271,0.0221616311753706,0
3458,501,85.87083084415083,Online,Clothing,DE,9,0.2213685701671724,0.2722082095538153,0
3926,481,128.30357786549905,ATM,Grocery,DE,9,0.1928284563561277,0.0369992909466627,0
3811,661,135.40649302476402,Online,Grocery,US,13,0.0245970096558233,0.0756952989964252,0
7345,762,124.14783668920398,ATM,Grocery,US,16,0.1407549123341965,0.2783306656633965,0
9404,600,16.890025213824657,QR,Clothing,TR,18,0.1434096123942096,0.0946376087613845,0
8036,245,121.97828873329698,POS,Travel,US,17,0.0866453764897052,0.0406207458190393,0
467,563,27.194395176051582,Online,Electronics,FR,9,0.1721643975661224,0.1467950994273337,0
8252,503,93.74597340149916,ATM,Electronics,US,12,0.2188300129777955,0.0383103590499457,0
4131,438,80.66829011428457,POS,Grocery,FR,16,0.0273713018273814,0.1724629531533389,0
1332,313,95.80490683658516,ATM,Food,TR,13,0.1580551684996866,0.2519433694225054,0
1933,510,106.47468264480474,Online,Food,DE,22,0.1279826383251213,0.2224192505328226,0
8615,683,131.8790068890906,Online,Grocery,DE,8,0.0240140335887911,0.0333903511570062,0
4845,182,16.351919523143238,Online,Food,FR,16,0.2463462910452772,0.0411501051379868,0
1486,504,95.94880816306002,ATM,Food,UK,21,0.2426074243577439,0.1693573101447243,0
3725,480,116.85049004494952,POS,Food,DE,23,0.172102356617375,0.1920214131563553,0
562,353,36.6551643536703,QR,Food,TR,19,0.2644001432201784,0.1220194427844871,0
2075,524,128.75539104948854,Online,Travel,FR,17,0.0171275562145029,0.269300364103313,0
9617,773,3711.7338937981863,QR,Grocery,NG,0,0.9415620171715496,0.7549511906453944,1
1018,28,188.3119930149703,Online,Clothing,FR,18,0.0825944671136203,0.261980797566694,0
6114,92,151.34127977935282,QR,Food,TR,23,0.2730234068347108,0.1289408363207322,0
7622,601,159.94987408277467,Online,Grocery,UK,18,0.1244091199883708,0.104899977608301,0
6884,699,118.4756558158212,Online,Grocery,US,16,0.2800397442039163,0.0642431354246541,0
6622,445,131.99798453307665,POS,Travel,FR,9,0.2979763826772444,0.2352110604859074,0
4990,678,52.84952980100475,POS,Food,US,17,0.1065951495121671,0.0587827323624669,0
9735,818,4178.082594814399,ATM,Food,UK,4,0.905254820508958,0.8783035755201352,1
2975,146,92.47650512587455,POS,Grocery,TR,18,0.2574976270629553,0.0073618040716224,0
9949,246,539.1051821040123,POS,Clothing,DE,4,0.8203600766849448,0.9193420119260048,1
6429,926,53.01573419093483,ATM,Food,TR,15,0.0738403205802686,6.674946046618669e-05,0
5754,528,135.92982616250185,ATM,Clothing,US,7,0.0600555501399258,0.0314570902220683,0
4612,739,120.92721600469864,QR,Clothing,US,20,0.1581808686509451,0.0179739204277073,0
155,775,116.30221881829296,POS,Grocery,DE,19,0.0711755832670611,0.2233138917746056,0
8533,111,120.71172096507644,Online,Grocery,TR,6,0.1227224934316943,0.1765026494382079,0
9201,326,108.21393821671424,POS,Food,TR,13,0.1178468404892751,0.2198845560920392,0
2131,219,95.663887542925,Online,Clothing,FR,22,0.2362056061998575,0.138218706963607,0
6133,946,103.9535134104414,POS,Grocery,DE,14,0.1363062141597982,0.0569495095496092,0
8819,401,56.65707089159822,QR,Clothing,TR,18,0.105620519126474,0.0859663472133442,0
5596,610,97.39946095914772,Online,Clothing,UK,20,0.2815414121006413,0.0385933253477684,0
2223,870,99.10667092994572,ATM,Clothing,UK,14,0.189204031748996,0.0522776825233213,0
8832,416,17.721147053362856,POS,Clothing,UK,15,0.2781099273899282,0.1311196652651692,0
5957,153,159.94234378083743,Online,Clothing,TR,22,0.2001954760963531,0.1536903394835325,0
571,519,53.78905180099923,QR,Travel,FR,13,0.0724846766545144,0.0615699048850606,0
2336,725,9.42040898325054,POS,Clothing,TR,9,0.2933395053655334,0.2938194988389141,0
6052,420,184.9572790761601,ATM,Grocery,US,12,0.1074757881068452,0.2743827722421239,0
145,52,51.23795374498636,POS,Clothing,TR,23,0.0453937396462258,0.1522340625263867,0
6232,836,4.191780936702728,POS,Grocery,UK,23,0.2894936887769213,0.2402511883493751,0
9803,547,6770.9588037930025,Online,Grocery,US,6,0.8512721290369778,0.7889053918030258,1
7236,308,194.38432895040225,QR,Clothing,FR,8,0.0118246477094292,0.1389623294433337,0
4879,564,48.73622846651495,Online,Grocery,TR,22,0.1877197739985101,0.2870981957860236,0
4696,876,104.14372269961656,QR,Travel,DE,11,0.045148553671483,0.2203443140070667,0
9196,202,27.025255198682657,Online,Clothing,TR,9,0.0091592190086052,0.0674388286275722,0
3906,224,106.53716729560652,ATM,Travel,TR,20,0.2085604734603379,0.2250680820380326,0
7247,102,48.88451719760327,POS,Electronics,FR,12,0.0577464156828984,0.293559746135012,0
1679,789,1.0,QR,Food,FR,8,0.1840656262455114,0.0579330963197275,0
2793,489,85.68086649133065,QR,Food,US,23,0.1371008260563537,0.128738515520887,0
7844,804,139.6451733346147,QR,Grocery,FR,23,0.2310646129184899,0.1625766221894502,0
8508,537,85.71957413054776,POS,Food,DE,12,0.1118884947570014,0.1844781392151201,0
9019,441,99.3355526063677,ATM,Travel,FR,17,0.1270214750850905,0.1559713620374131,0
7505,569,153.88687088461032,ATM,Electronics,UK,18,0.1572505600004577,0.1320856096998433,0
112,806,71.66840376902789,QR,Electronics,DE,19,0.2826966840681135,0.0737801581369774,0
1321,748,169.8010682690741,ATM,Travel,TR,20,0.0887513787894346,0.2792036520208166,0
635,326,93.0365646666207,ATM,Grocery,FR,20,0.1610437553095789,0.2523023363455136,0
584,186,174.11497430764558,ATM,Electronics,DE,20,0.0338215521805509,0.0172191072365047,0
4055,129,115.5308614233074,Online,Electronics,TR,17,0.1495559567012581,0.2514816978098157,0
8494,842,66.70745386581729,ATM,Electronics,FR,10,0.0821432643168866,0.0645041766380542,0
1965,522,114.8374240489079,ATM,Clothing,DE,9,0.0282416365131371,0.0187253523767953,0
9082,381,93.12681151304936,POS,Electronics,US,10,0.158495860603537,0.267131620778452,0
3124,916,106.82957586991964,POS,Electronics,FR,21,0.2364227037852506,0.0288704357913002,0
2280,231,112.44185393756894,Online,Clothing,TR,16,0.0586458575178473,0.1665727005465075,0
1495,198,194.6005884994848,POS,Clothing,US,22,0.0029262639462916,0.1355192036866676,0
2302,932,111.98850867913214,ATM,Electronics,UK,22,0.209668805114336,0.1022324993289211,0
835,835,65.74420101786347,Online,Electronics,US,10,0.1904227549811226,0.0244100186035822,0
1183,574,218.58017900838848,POS,Grocery,DE,11,0.1943756868289829,0.0433253642436287,0
6166,313,110.46731679477143,POS,Grocery,FR,14,0.2764501844123949,0.0201394123046086,0
2102,707,80.78373865706138,POS,Clothing,TR,8,0.0763518883849006,0.2619510175996666,0
1480,667,87.08556683424408,ATM,Clothing,TR,23,0.0377902041620086,0.0516787278064208,0
1525,334,60.296887148198905,ATM,Electronics,US,23,0.2906613137361291,0.2785684322853717,0
6487,285,20.42509229863289,QR,Clothing,FR,10,0.1326538970676559,0.1112588814414565,0
5453,819,153.4458009212656,Online,Grocery,US,9,0.2634048144522554,0.2125585948567422,0
9729,135,941.1662995021954,POS,Food,US,19,0.9523065321038812,0.9858888059948506,1
890,64,160.82298889495587,QR,Food,US,10,0.1992969208153718,0.2765922311560189,0
3869,824,42.84023383249805,Online,Clothing,FR,14,0.0323519666110647,0.187450539964995,0
9382,270,80.89210689738387,Online,Travel,TR,7,0.047391723734268,0.1318362205120651,0
5645,161,149.5442560802174,QR,Travel,US,18,0.0605419978105678,0.2943718585029105,0
7013,505,165.23871670217045,Online,Clothing,UK,20,0.2974529323839031,0.2921260829632298,0
8395,494,13.349310575433035,ATM,Grocery,DE,15,0.2094044028772739,0.2732452772981712,0
7085,83,77.4700137657984,Online,Electronics,US,13,0.1493883645864965,0.2008545351949285,0
8217,645,107.08523583269658,ATM,Food,FR,19,0.2058632621372134,0.1148550781618101,0
1176,368,90.64831855626396,ATM,Food,UK,23,0.0101194088931567,0.252303507318212,0
1741,956,102.32642329668543,Online,Electronics,UK,10,0.1743502983945425,0.0118105876908571,0
2586,244,116.46129334551568,ATM,Food,TR,14,0.1430363996476889,0.0136014020902092,0
1037,680,34.937368780395104,QR,Travel,US,7,0.0733221087884174,0.016871860139156,0
614,612,96.81865812763188,Online,Travel,DE,19,0.1233439033788301,0.1845999306351217,0
6426,900,149.35377014546424,QR,Travel,US,8,0.0370443691503801,0.0258659472430743,0
4587,608,162.53540591345757,Online,Travel,UK,8,0.2908329520289949,0.0290260757313958,0
8579,413,100.77841374063016,ATM,Electronics,US,12,0.1200601917967792,0.0297154281407038,0
7176,848,173.18720624954224,ATM,Food,DE,22,0.0172468506170337,0.2690117684926264,0
2158,176,1.0,POS,Electronics,UK,10,0.120944319650887,0.2884579970318614,0
9264,760,60.11047228395553,ATM,Grocery,UK,23,0.1201396805385094,0.2210871442255392,0
6517,615,72.8208928226595,QR,Electronics,US,12,0.103333812806644,0.246208735458512,0
4671,228,192.165802306298,ATM,Food,DE,12,0.2489960854950129,0.2398191796526419,0
9570,341,179.37563819728302,Online,Grocery,NG,3,0.8244375708209597,0.8597844770741419,1
8531,826,101.54121022137822,Online,Electronics,US,8,0.2457693496649912,0.2711572531805935,0
9870,307,1157.8899720907584,QR,Clothing,US,11,0.961142056448916,0.9192420404456388,1
7231,279,126.50756315918017,QR,Grocery,US,19,0.1857937167315843,0.2590509937279168,0
6891,213,115.53195497823944,POS,Grocery,UK,15,0.1878237247897374,0.0182435246289032,0
1914,339,168.10324784637388,Online,Food,UK,22,0.1161075499271472,0.0202438867635857,0
5207,615,1.0,Online,Food,US,13,0.1453217675066037,0.229754044254246,0
383,518,148.6952559996614,QR,Grocery,TR,10,0.010698780275738,0.0668646405963987,0
1396,931,88.30012147267186,Online,Travel,US,19,0.2796224178196331,0.2049984838482759,0
7929,484,106.8097931402749,Online,Clothing,TR,14,0.2782821865734234,0.0209751879339688,0
4270,920,106.2386743955578,QR,Grocery,US,7,0.0435218786418873,0.0774059836977318,0
9913,820,22.168429062989272,QR,Clothing,NG,4,0.9739130666051022,0.9864180253436988,1
2801,333,145.69702346614957,Online,Clothing,DE,12,0.1105432974620815,0.0468189455744324,0
2258,366,104.53954514835536,POS,Food,UK,19,0.2695147400397455,0.1531366843184824,0
1616,489,55.16667528333092,QR,Travel,TR,7,0.0633276860354433,0.1189822590800313,0
6745,598,87.6424171294104,POS,Grocery,DE,6,0.2117893074474133,0.2858340365915235,0
12,203,67.53448123148053,Online,Grocery,FR,18,0.019354478525947,0.0998038973068488,0
7691,330,46.048777036605074,POS,Food,TR,22,0.0573444494269589,0.253328095631571,0
2417,161,55.3757990433698,POS,Travel,US,13,0.1742201023372757,0.0247734519948132,0
2574,365,29.20434352315607,POS,Electronics,UK,7,0.2857811225832762,0.275074846256181,0
7040,287,165.1001546879345,POS,Travel,FR,19,0.1422980199341555,0.07724671107047,0
9406,572,125.9421961470056,QR,Food,DE,14,0.165059259197285,0.1534581551489597,0
6358,105,98.00845023580098,QR,Grocery,DE,6,0.0642224173866487,0.2095243123544237,0
3836,918,182.5374172152609,ATM,Travel,TR,18,0.0168361050128942,0.2792196535401667,0
8307,581,117.05898145016782,Online,Food,US,8,0.0983075402495053,0.0544863505422983,0
6912,781,76.2919157250839,POS,Electronics,UK,23,0.1556083901422508,0.0103936589791376,0
1620,573,56.749517849457874,Online,Electronics,TR,16,0.2197213046545217,0.2388146780108622,0
9755,367,2364.0262082581785,POS,Clothing,NG,4,0.8775363993114721,0.7247735264811236,1
4801,962,229.58473606547813,Online,Clothing,UK,16,0.0749397674023034,0.2025149804887029,0
2874,980,111.17628622381945,POS,Electronics,DE,9,0.1069786437252397,0.185213907684046,0
7192,855,83.14197242859566,ATM,Travel,TR,13,0.0343856407816921,0.1368849994526383,0
4478,481,49.95902695081914,QR,Food,UK,21,0.2798078231768394,0.2978379820031133,0
2999,143,147.44741114035483,ATM,Electronics,UK,18,0.263756778216534,0.1985864665718586,0
7714,211,140.9432032792553,Online,Electronics,US,16,0.0448906659791324,0.0915961355077396,0
4543,57,140.4967246250418,QR,Grocery,UK,19,0.2953776891557862,0.2641786816392656,0
2119,309,75.38406025104825,Online,Electronics,US,8,0.106214159837049,0.089333713528818,0
345,540,105.42062366764506,QR,Travel,TR,12,0.1152965056701342,0.0484860591392946,0
4379,294,144.52092927451037,POS,Travel,FR,15,0.0386882131788204,0.1819537963897633,0
3282,786,103.580919635514,Online,Clothing,TR,21,0.0254498570191934,0.1789139510439548,0
574,7,8.321789300645506,Online,Travel,FR,9,0.2621336993530883,0.0337509556360508,0
2631,121,43.88725106035489,QR,Grocery,FR,7,0.1095277545612287,0.0583901960573252,0
2058,776,95.5543704548269,Online,Electronics,FR,20,0.0811987440971592,0.1248842207981592,0
6490,453,59.90832065401141,POS,Travel,UK,22,0.0244351698494592,0.2498751693988749,0
1731,992,118.58596193450217,Online,Clothing,DE,18,0.2408086909343822,0.2986391260435045,0
5112,820,122.358170654286,QR,Travel,DE,19,0.0156873522347265,0.2996983100201879,0
3053,315,157.54383013636962,POS,Clothing,UK,22,0.0849788197882071,0.2552804207076487,0
2832,186,192.0018311550837,QR,Electronics,TR,11,0.2852847479550586,0.2158163522477499,0
3440,440,9.448842855900423,Online,Electronics,TR,10,0.2996748754501085,0.0506209762581342,0
7990,400,64.97365046944836,POS,Food,DE,17,0.2340411897726046,0.0577684708380799,0
2199,108,161.74395086931688,Online,Grocery,DE,22,0.164756733211587,0.2072681960550837,0
9987,769,4524.0683412643175,POS,Electronics,UK,9,0.7990469364313376,0.9900811195335296,1
5394,144,59.59491772371459,Online,Travel,US,6,0.2568592453763333,0.2640091042222193,0
9959,150,1240.619120372302,ATM,Food,TR,19,0.9756489290333518,0.894792064892663,1
5623,826,89.402553533803,Online,Food,DE,22,0.1698041260036131,0.0200287061871386,0
8934,671,94.46754257845826,ATM,Travel,UK,20,0.0939152528767756,0.2442292746787223,0
5876,90,113.74067305987438,ATM,Clothing,UK,19,0.2466493731933856,0.1933239777590914,0
4843,557,101.24849316909824,POS,Clothing,US,18,0.0934568287907791,0.0855068795110655,0
549,982,76.99245191617958,Online,Electronics,TR,9,0.0858655265400128,0.1926830912634854,0
4723,782,96.1258612834057,ATM,Travel,US,6,0.2995648538629585,0.2573937155040325,0
9386,246,66.14883574596368,Online,Electronics,UK,21,0.0620503384808455,0.2453836791297066,0
700,551,77.54462655853425,POS,Grocery,FR,23,0.0307265009527116,0.0351617029766659,0
9873,485,22.168429062989272,QR,Clothing,NG,18,0.9968740290239329,0.9194788208901172,1
4667,119,77.55200920299131,POS,Food,DE,21,0.2020731029986296,0.0941985141327507,0
5997,670,88.21732997423989,ATM,Electronics,FR,10,0.0629613255539358,0.16315460209321,0
7579,678,42.33611732942961,POS,Food,FR,8,0.0546835805845709,0.0271547619356872,0
6249,48,44.73089093174691,Online,Electronics,UK,18,0.079393351480512,0.1046320388937559,0
7745,701,192.5804538519725,ATM,Food,DE,7,0.1458683133549139,0.1521440586611614,0
9685,347,1586.4528018058213,Online,Grocery,US,4,0.9461641654789248,0.9823873948900648,1
3518,382,158.84896817742433,QR,Travel,DE,16,0.1921430069045946,0.2894753793075182,0
8798,121,140.48678748973973,ATM,Clothing,US,11,0.1636285825089204,0.1582326323138746,0
6760,378,97.2126910938068,QR,Travel,UK,20,0.2161461935726578,0.2947130022572915,0
3489,186,130.36835428528934,QR,Electronics,FR,7,0.2407736035974701,0.289760331121777,0
9790,104,22.168429062989272,QR,Travel,FR,17,0.9423921058060678,0.9844343635127608,1
9990,354,1298.8337179468508,QR,Travel,UK,7,0.7165643154703072,0.7815043491353841,1
475,488,54.70174293411504,POS,Electronics,TR,15,0.2973697399242327,0.0622509347528506,0
9311,713,142.11988505537258,ATM,Grocery,FR,12,0.1560410033703878,0.280088258323791,0
7675,698,134.13184406064448,QR,Electronics,US,12,0.2029841477314037,0.205177315380472,0
3911,240,55.629531859942894,POS,Electronics,FR,19,0.119599754528668,0.1921804672943034,0
5374,587,71.9722715142899,ATM,Food,US,22,0.2349602002626506,0.1232499377742802,0
1224,493,121.89118831217864,ATM,Electronics,TR,6,0.161697063787766,0.0342952342560468,0
7872,786,133.2502957817505,Online,Food,TR,16,0.1078658889204127,0.0968043130423661,0
98,289,154.4307350659676,Online,Grocery,FR,21,0.0465442443750536,0.297120615902113,0
1415,362,45.65123731746971,QR,Clothing,TR,23,0.230819302002032,0.0102509505406147,0
2365,608,99.647954573465,Online,Travel,FR,11,0.0086852810951673,0.2617409875628482,0
868,592,95.22636778569506,POS,Grocery,US,12,0.07477544847847,0.0868454765591781,0
8106,132,70.29399057275491,ATM,Travel,US,22,0.2053693173731605,0.0539379636522245,0
3872,89,96.7430832135556,POS,Food,TR,8,0.1370640795921555,0.098423236928192,0
1787,708,152.8744639651089,QR,Clothing,TR,18,0.0352992730590167,0.2192658654338349,0
1445,924,96.18345999796156,ATM,Food,TR,19,0.0141591906384222,0.2654183249158099,0
9895,624,2110.383599708264,ATM,Food,US,1,0.7716231871916936,0.8689048216058004,1
5091,160,62.30150573547956,Online,Clothing,FR,14,0.2865560947179877,0.0110307936372769,0
5584,13,166.4536048497048,Online,Travel,TR,15,0.0708427894942737,0.1706798159796854,0
5869,550,100.36414935252095,ATM,Electronics,FR,12,0.2549737037661783,0.0810414288565949,0
4176,236,64.95376839157365,ATM,Clothing,US,23,0.119292860890542,0.2861869890143959,0
2106,829,33.277295942354186,ATM,Grocery,FR,10,0.0920638914402696,0.1589303647624937,0
8800,166,123.25769974134596,QR,Travel,US,11,0.1656012229838592,0.1951853851144584,0
809,527,120.53372927099004,QR,Food,UK,17,0.2490283218430555,0.0094534946352318,0
9272,186,110.38829394959517,ATM,Travel,UK,18,0.2068825382812266,0.1817121160190839,0
5291,771,49.28924956015859,QR,Electronics,TR,10,0.2946677979145108,0.2545963398560175,0
8504,789,142.0459318265218,Online,Electronics,DE,18,0.2286907406241687,0.1618650012108792,0
4654,714,99.5134916245828,Online,Food,US,7,0.2182967588648305,0.059678095712954,0
9012,108,52.15007573298675,POS,Clothing,FR,7,0.0881479293729464,0.0231519435002246,0
7190,282,48.6198428413308,QR,Travel,US,6,0.2540033085355663,0.2298431701682495,0
299,27,122.66272506428857,POS,Food,TR,14,0.0743995108719602,0.2574494890645487,0
6724,833,99.42954605724172,POS,Clothing,DE,23,0.1920174204371318,0.2077992425898608,0
89,187,95.10746148924376,Online,Food,FR,10,0.2543515767185961,0.2054632597983817,0
6444,252,137.82659504933554,Online,Travel,TR,18,0.0311840570605774,0.0478554658605146,0
2762,315,162.95906607566025,ATM,Clothing,US,23,0.1610030365073216,0.0650726331197216,0
4093,944,79.55633157979551,ATM,Clothing,US,23,0.0410994688631923,0.0421090517765512,0
1149,755,6.6363224182362615,ATM,Electronics,TR,10,0.299250820394203,0.1952485337164444,0
4687,953,119.70465525141095,POS,Grocery,FR,14,0.0380397629343268,0.151583988448728,0
4778,441,100.77895069047756,ATM,Grocery,FR,23,0.1721767334609479,0.0912029334991255,0
618,450,51.28547195866852,ATM,Grocery,TR,16,0.150242459890477,0.0210401098551026,0
3864,645,138.73283179450374,Online,Grocery,UK,20,0.1770620791714323,0.198491776848016,0
3220,796,187.55677987072212,POS,Travel,UK,8,0.1935253059503295,0.1801294454252122,0
1228,508,89.30517556778408,POS,Grocery,TR,13,0.0188671218239038,0.1783397867090749,0
4219,891,77.48882234816844,QR,Travel,UK,14,0.1837415469854714,0.013448710762271,0
1223,690,204.27053110460744,QR,Food,TR,18,0.1337448508949211,0.2725237334151156,0
2074,678,93.40111789841056,POS,Clothing,UK,15,0.2262381534718593,0.1798346310428014,0
3969,755,88.99089429792991,Online,Clothing,TR,15,0.2205639049102716,0.1317609532835655,0
8360,544,137.4140323574299,ATM,Grocery,FR,22,0.0406659608727192,0.0116865335906615,0
6365,361,144.82123609537064,Online,Clothing,US,8,0.048958608480984,0.1785746263562908,0
7260,870,178.95168505460003,POS,Travel,US,6,0.1229069527521385,0.0953545865890654,0
7297,402,74.84018057913153,ATM,Food,FR,18,0.1603707228257157,0.286099949489485,0
6403,428,44.75652066072456,Online,Grocery,DE,14,0.2099071196953549,0.006552922990135,0
2492,310,106.54905645985178,Online,Electronics,FR,17,0.1648715266151473,0.2894703010758799,0
8151,496,89.78753439603445,Online,Food,DE,23,0.1630004590141252,0.0971341434762611,0
9488,165,120.93400644321515,POS,Food,TR,10,0.2259595063141097,0.1191985611260176,0
2463,111,136.8039378022439,POS,Grocery,UK,16,0.2259468971652004,0.2299885899762491,0
5422,41,104.29633046662032,QR,Grocery,DE,20,0.1855800423875916,0.0767400250208217,0
4970,521,59.56699791711433,POS,Grocery,US,20,0.0727908371552808,0.1373666837772341,0
1829,13,42.792676148623855,POS,Food,FR,11,0.2358089871563798,0.1826481318806655,0
4528,9,153.2329425204071,QR,Grocery,UK,7,0.1621906903820949,0.0663817238624503,0
2469,529,105.569542675248,ATM,Grocery,US,9,0.1792803031426657,0.0371573827014549,0
8097,871,86.32578833475188,Online,Electronics,FR,8,0.1955763542656498,0.0112246392334195,0
759,824,102.2436617829851,ATM,Food,FR,23,0.1619057713717631,0.1757958192441512,0
2789,494,180.65178687319357,ATM,Grocery,DE,22,0.1634918132155648,0.0043615842428491,0
4382,976,117.04730617584669,ATM,Grocery,US,13,0.0147915254948824,0.0826759744519865,0
5067,225,1.0,POS,Electronics,DE,14,0.0765477948549136,0.1985841919921806,0
9300,430,169.69292364846746,ATM,Clothing,DE,9,0.1024286152496567,0.2108710580698632,0
2621,490,89.53676441677953,Online,Electronics,UK,7,0.0004490445450523,0.2126447884229055,0
3962,286,133.20264766527916,ATM,Clothing,DE,10,0.2468239783496111,0.0082665028764349,0
528,862,94.22898493987938,Online,Food,UK,16,0.1215830992300423,0.2810362135859808,0
2796,605,223.17784660661297,ATM,Food,TR,21,0.0103060266357351,0.0789234470323284,0
5174,923,1.0,ATM,Food,US,9,0.1299204131332547,0.02447650304905,0
7992,176,1.0,Online,Clothing,FR,20,0.1509768248694708,0.1100113600622666,0
502,573,120.14722867518016,ATM,Grocery,DE,11,0.1122040989101431,0.1547981492871675,0
6240,296,142.16533372164776,Online,Electronics,TR,15,0.0612809301963586,0.0575345067689033,0
8102,838,62.11474993136968,Online,Grocery,FR,20,0.1114399247626256,0.0527152116228505,0
8992,548,80.4935904513275,POS,Grocery,UK,19,0.1304946387519682,0.0004687476206184,0
6661,741,64.60235346820488,ATM,Grocery,UK,22,0.1953108034700125,0.1110900410572815,0
966,463,135.93263141278732,QR,Travel,UK,18,0.014326840392773,0.2332637329573667,0
3689,699,107.20909957544646,ATM,Clothing,UK,23,0.0411918601264181,0.2034776724687368,0
5757,722,1.0,QR,Clothing,FR,18,0.2141569054585905,0.0100736814999232,0
4721,78,106.6429341333624,ATM,Grocery,US,16,0.1552963741345515,0.2124576564080347,0
1796,382,91.28179398739223,QR,Food,US,7,0.2853947114463142,0.2787475582503644,0
6806,388,106.44860539059484,ATM,Grocery,TR,19,0.2016525813531617,0.2782937506625895,0
2411,459,112.41298982452398,POS,Grocery,US,19,0.183944951566417,0.1825278253649938,0
9006,742,91.15770678541588,ATM,Electronics,DE,15,0.1785393977673871,0.049542472279242,0
9541,123,1598.9020355084172,Online,Clothing,FR,23,0.8001273358261357,0.8437278843206406,1
8138,310,34.11007337902997,ATM,Electronics,FR,12,0.1185637543890089,0.0304116326137046,0
344,535,16.202949045044917,POS,Travel,TR,9,0.2027167249059776,0.1303981580784076,0
8318,756,56.2363950712499,Online,Grocery,TR,10,0.2405334142583724,0.1197286866832865,0
1232,294,105.37428591657094,Online,Food,DE,14,0.1797222243756633,0.1868938433102272,0
4360,699,81.97538306646643,POS,Electronics,FR,22,0.0133043688068729,0.125913753826926,0
5393,974,90.51282480229696,POS,Food,UK,13,0.0264156920011135,0.0263586205835226,0
6611,677,19.84418720348981,ATM,Travel,DE,22,0.2196300129541721,0.0977437276409624,0
2598,814,140.85183431295957,POS,Grocery,UK,23,0.2142996048078289,0.2048404212637824,0
1976,727,58.82386915715114,POS,Grocery,US,7,0.1620493483101294,0.1511307531690872,0
5898,785,84.19503579744743,Online,Clothing,TR,19,0.2390215198983639,0.0927665741589388,0
7096,842,82.1536573102574,QR,Grocery,DE,9,0.2713814549021305,0.161588773258141,0
5687,0,1.0,Online,Electronics,DE,8,0.1494492768027974,0.165519739160327,0
6323,560,129.53326483521892,ATM,Food,FR,13,0.1189473814328805,0.2143137776746565,0
405,503,148.2300878651847,Online,Food,FR,16,0.2155059797603519,0.0428240331940216,0
1930,214,105.1560917054028,Online,Electronics,TR,14,0.255889128988544,0.2619838920973952,0
691,281,185.02146482295464,Online,Travel,US,7,0.1303509234190032,0.2428217113344234,0
7257,91,156.17323589619218,QR,Travel,US,7,0.1967586928532229,0.0498919396479879,0
177,95,38.84305927952884,ATM,Food,DE,17,0.2281588607873603,0.2371614568370068,0
8717,270,58.62513572268247,ATM,Travel,UK,6,0.0069610614340219,0.1997172291869199,0
8953,51,158.54653892977075,Online,Clothing,US,13,0.1379041483461489,0.0633039223496839,0
1840,470,83.21091290229346,POS,Electronics,DE,15,0.1788125758962253,0.1738113401787099,0
9192,549,33.86016238804041,ATM,Clothing,UK,8,0.156598854459124,0.0010759063218003,0
3854,882,58.43469341798577,POS,Food,UK,10,0.2330407554279315,0.2770977246833695,0
729,896,95.16852319016638,QR,Electronics,UK,17,0.2153273108676878,0.1792242632454645,0
8741,839,136.02824258940245,QR,Travel,FR,23,0.025715149190835,0.2054284075177583,0
9764,271,1711.180992362929,POS,Clothing,DE,9,0.7274699059234504,0.9729426945960896,1
4388,797,67.901681633376,QR,Grocery,DE,18,0.1943772747974763,0.1495822502646182,0
4833,204,62.85329518543598,Online,Clothing,FR,18,0.0263630103270063,0.1405012932283613,0
2419,350,102.59960160873224,POS,Food,UK,13,0.2865970612894334,0.1999579712996968,0
6903,59,29.849946648623003,QR,Electronics,FR,16,0.1664083867030697,0.1786031327590168,0
9908,465,4031.181166386535,QR,Grocery,US,4,0.96595169091798,0.960928453046612,1
862,406,86.58509114709724,ATM,Grocery,DE,9,0.1373607676473056,0.1320811023424008,0
4116,972,81.95967530804111,Online,Grocery,TR,17,0.0755754232972254,0.1067128629081735,0
4234,803,168.03931777395707,QR,Electronics,DE,22,0.188263080636801,0.2271220625478482,0
5935,791,88.52199134981399,Online,Clothing,TR,12,0.1117499459251283,0.2410369883876566,0
8392,319,56.77541941216813,POS,Grocery,DE,18,0.2573992456898998,0.1252608638764558,0
2193,972,52.63984944202477,POS,Grocery,DE,14,0.1579524173758294,0.0220597802881177,0
3934,24,160.12154528897798,ATM,Clothing,FR,13,0.0959320027366788,0.0011406369490003,0
2036,423,104.36643519608243,Online,Clothing,TR,7,0.0881452265337232,0.1449930443494311,0
6837,605,30.377673674840597,POS,Electronics,FR,16,0.2356746399662624,0.2556553198483,0
435,330,79.88086512378322,Online,Electronics,US,14,0.1758145774006089,0.0611668758204567,0
6136,987,124.8865054779496,ATM,Grocery,UK,20,0.1590992206439122,0.2034180495234204,0
8489,178,114.23105237685364,ATM,Electronics,FR,16,0.2759780987391516,0.2849656258375349,0
7410,687,19.895849525027785,Online,Grocery,FR,20,0.0820848393234818,0.0127473162806393,0
1010,525,76.54351703379558,POS,Electronics,FR,22,0.117193372674823,0.1783027357865033,0
1521,750,44.15670140335275,QR,Travel,US,15,0.1225363248176632,0.0827056334513396,0
3757,113,115.902577408948,POS,Clothing,DE,23,0.1902983983774933,0.1179807697311248,0
8331,975,63.859938145101374,ATM,Food,DE,14,0.2179452036556509,0.2253910141428969,0
6391,944,88.01233376179296,ATM,Clothing,US,19,0.2858153673614735,0.2126519503406049,0
262,657,136.94116417251828,Online,Food,UK,14,0.1054719819790803,0.0131735258813718,0
9704,990,2460.7581916295067,Online,Food,NG,20,0.80158428324074,0.7954231155703798,1
1033,569,139.91932360507172,ATM,Clothing,UK,21,0.1193508072451739,0.0706298745556395,0
5202,143,122.24014990097876,ATM,Grocery,FR,9,0.0757224799537761,0.0509816469791883,0
6834,370,97.2624222059613,POS,Grocery,US,14,0.2532315664228471,0.1712695544914337,0
1378,645,68.07937906652305,ATM,Electronics,UK,15,0.0175533016552751,0.1302168794578666,0
3248,610,127.79743749790936,Online,Grocery,US,17,0.150214375037119,0.0501093575553572,0
3237,854,98.59158649238309,ATM,Food,DE,9,0.1562223431102384,0.1736967366876753,0
9479,667,123.22784507435752,QR,Grocery,FR,17,0.081784008315017,0.0409537558586924,0
6405,721,121.73112042909716,ATM,Clothing,UK,20,0.0411508333285125,0.270567649138704,0
2727,211,56.13900070565534,Online,Electronics,TR,6,0.0719357426473569,0.2522967886910339,0
2309,944,93.41209059041104,Online,Travel,US,12,0.0466120675746473,0.021628780566043,0
4452,498,20.39481651810865,Online,Travel,UK,23,0.0237762915597656,0.1327178852490143,0
5696,809,76.43367482148037,ATM,Electronics,DE,6,0.1816069292007122,0.2720616042491817,0
7694,160,108.44957157071654,ATM,Food,US,11,0.1595095741461916,0.0565753003777196,0
5387,206,124.41823801072488,POS,Travel,TR,16,0.0452728943906742,0.1343412773815554,0
200,673,145.25332741797737,ATM,Grocery,FR,9,0.2970526693182728,0.1628904979996389,0
9188,559,116.52005555028926,ATM,Grocery,US,20,0.2299367978240007,0.2731930820565705,0
9562,435,1091.1977371495586,POS,Food,DE,13,0.7203818661646126,0.8120935495646198,1
5662,397,163.9033052382714,QR,Grocery,FR,16,0.205501369153046,0.0700316187874748,0
7179,221,169.4043444728189,POS,Electronics,UK,9,0.0955074328442167,0.2793158240174908,0
4431,240,46.50287243024414,POS,Travel,UK,10,0.0723013854198402,0.217473124864692,0
160,973,41.76003013154388,ATM,Food,FR,16,0.291652952727685,0.1149173556775151,0
8374,539,41.65059089296681,ATM,Food,FR,23,0.2858942111895032,0.2624304598642765,0
5512,551,63.29204138145273,POS,Electronics,TR,12,0.2536754554229768,0.0451817873736522,0
7987,683,117.51751604027484,QR,Clothing,TR,18,0.0744145640812527,0.0109050430776667,0
6226,704,40.244571986989705,Online,Food,US,21,0.0167248607841246,0.231891516431212,0
5759,991,154.8335443748065,QR,Electronics,DE,7,0.0202693807528856,0.101113775097477,0
7255,638,70.80986165400091,ATM,Grocery,FR,20,0.2513526866588411,0.1999251019613593,0
4829,745,187.67023136564853,Online,Clothing,TR,15,0.1623998885523007,0.2351830667543646,0
4899,965,1.0,ATM,Grocery,TR,23,0.0049558304526486,0.2119231135411169,0
9150,256,101.0702022700404,ATM,Electronics,TR,16,0.107249344789509,0.1592898386925548,0
2392,509,120.13222557320611,Online,Electronics,FR,13,0.2385841017049875,0.0777856719900344,0
3982,208,61.242617777445886,QR,Clothing,FR,12,0.252189127727205,0.1719110257425102,0
918,850,14.140543331981064,POS,Travel,UK,23,0.1872483742002985,0.0079932478079476,0
9765,713,10.0,POS,Electronics,FR,4,0.8372879807384177,0.8926508116021652,1
6664,442,131.18485337789872,POS,Travel,FR,23,0.1262583472297594,0.2220098393458361,0
7447,777,75.1941610909238,Online,Grocery,TR,23,0.0787769209956463,0.2293819354067769,0
7341,715,126.70572341486348,QR,Clothing,UK,21,0.0115758939873008,0.0726398117218392,0
2850,473,152.70635041548096,ATM,Grocery,FR,13,0.2410529542856723,0.229777011041508,0
5844,116,142.64029502783873,QR,Clothing,TR,16,0.1940415974419379,0.043199622693969,0
5372,635,43.24688272413562,QR,Clothing,TR,18,0.2912965811984432,0.0545787379910626,0
8566,19,94.9285553409922,Online,Food,FR,22,0.0708363544775832,0.0198674070850075,0
9163,113,38.20418123816983,QR,Food,DE,14,0.1186136312786661,0.1636758866639778,0
8315,13,1.0,Online,Electronics,US,15,0.0338410056774609,0.259832772016407,0
1975,357,110.93057432673528,ATM,Grocery,UK,21,0.0535904478428805,0.2609512071285102,0
1146,53,133.8926987420515,ATM,Food,US,15,0.0078581338853363,0.1492459494132967,0
1785,514,98.39862154206776,QR,Electronics,UK,13,0.047330127486197,0.1822515390146953,0
5132,897,12.412204160505851,POS,Electronics,UK,7,0.2669908748474073,0.0796218985519845,0
1834,913,135.59787333586326,POS,Grocery,DE,10,0.0764221106075617,0.2393109916811144,0
5685,87,136.06340401282637,Online,Travel,FR,15,0.1297243845038361,0.0548823802391184,0
8515,728,75.67972400872935,QR,Travel,US,22,0.1880531859814116,0.1672460217114355,0
6861,15,156.1079425207553,QR,Food,FR,22,0.0465760409631126,0.2300350352492356,0
1092,325,111.53486591672171,ATM,Clothing,UK,18,0.2305778010768881,0.1635399653335462,0
3429,319,70.8499075817002,POS,Food,UK,22,0.2323809332039813,0.1022077270115979,0
2294,852,77.54341295227788,QR,Clothing,FR,21,0.1690504931185472,0.1496691086957094,0
2034,485,59.42592315077476,Online,Food,TR,11,0.2618652785515254,0.1686077289590054,0
8155,810,82.13988543696541,Online,Travel,DE,13,0.22206790376343,0.0064810641712357,0
4742,992,1.0,QR,Travel,DE,11,0.0890514868955584,0.1745065571526068,0
2484,502,2.93315809640724,POS,Clothing,FR,14,0.0648817548965313,0.1503115154761709,0
3110,385,114.16890012008813,QR,Electronics,DE,19,0.1252970262987599,0.0337006739891588,0
9078,590,115.9891770279836,QR,Food,US,10,0.1968711816155025,0.1274387401418724,0
7845,592,1.0,ATM,Electronics,US,16,0.0484005120992417,0.2620294187555816,0
5413,116,90.1250024565668,POS,Travel,DE,9,0.1844865416252756,0.2822301708639905,0
7627,502,40.94347683806752,POS,Grocery,DE,21,0.2760623210225091,0.0037139355594238,0
239,784,65.40343388306795,Online,Electronics,FR,7,0.2373464316884155,0.0616181660164295,0
1126,816,135.72653455260843,Online,Grocery,FR,12,0.1293812391361228,0.0243221070245735,0
5084,435,174.17816208129796,ATM,Clothing,US,13,0.074716876537065,0.1582158107431023,0
6679,650,39.670923564626094,QR,Food,FR,10,0.19038945899459,0.2655429663335854,0
6149,813,163.25071170358487,QR,Travel,DE,19,0.1729238882490519,0.2652244547879729,0
9390,636,239.9282956015452,QR,Travel,TR,18,0.1168858191961724,0.0106461359937927,0
7595,666,90.70496524121664,POS,Electronics,US,7,0.2419137646815676,0.114458060041054,0
3555,701,117.89638499924412,ATM,Food,FR,16,0.2315464607788576,0.244166178903505,0
2285,614,70.78524851597594,ATM,Travel,TR,17,0.1914099503651984,0.0786511342094733,0
8470,200,138.27153646175475,POS,Food,FR,15,0.2002788114273793,0.0158903249940887,0
1768,802,118.92510744587602,POS,Grocery,US,10,0.1811016086546068,0.2918188710727515,0
9279,239,56.531587488436905,QR,Grocery,DE,20,0.2362570965113916,0.2183053092863786,0
8647,87,27.78893398716295,QR,Travel,UK,23,0.0307428884211063,0.0381865673352481,0
2401,834,60.63370436559605,ATM,Food,US,13,0.0643972510242872,0.055724244648852,0
9470,121,199.2460497076912,ATM,Food,FR,7,0.1049720663324828,0.2528620271158475,0
4077,466,129.31251877651263,Online,Food,FR,17,0.0367159154254997,0.2932205180830752,0
7515,573,73.17231229314865,QR,Grocery,UK,6,0.1094283908116141,0.284030838566883,0
4205,2,107.81639577605512,POS,Travel,FR,11,0.0139195661620501,0.1587967561485303,0
9746,19,1209.6980333717677,POS,Electronics,US,7,0.9563044991120008,0.7381106632001718,1
8387,809,101.8838102354294,POS,Electronics,US,17,0.0796307491842348,0.1499176251339981,0
2368,967,168.08036181583756,Online,Clothing,DE,23,0.2347956473759783,0.2395233484360971,0
9834,525,1772.7876640301304,ATM,Travel,US,13,0.8948610058220212,0.7596258915818019,1
2057,225,76.75883224364493,POS,Travel,DE,19,0.2575477128822641,0.1098813883227526,0
5602,251,37.54146901765547,POS,Electronics,TR,11,0.1171239215530371,0.2789955437391417,0
5677,278,134.22873625179238,ATM,Grocery,US,19,0.2254716996394185,0.127630375507453,0
4735,91,116.92915454431808,ATM,Electronics,US,12,0.2348992982166147,0.1205682988030099,0
1903,935,135.1861409449641,POS,Electronics,UK,15,0.0644018241109159,0.2254450949121721,0
9624,693,986.2248825926818,Online,Food,NG,4,0.9560947672720712,0.7477473008333742,1
2973,134,84.86235650191169,POS,Food,US,16,0.1263463972408262,0.0695263448000023,0
5294,254,125.886395434504,QR,Electronics,FR,8,0.0619515169775039,0.2403325138130111,0
3218,644,48.42627280446279,ATM,Electronics,FR,9,0.09673380032929,0.1532530303780656,0
9326,570,95.06889478329212,QR,Grocery,US,7,0.1459024538624352,0.0340398496317477,0
832,725,132.9467677426842,POS,Travel,DE,9,0.0553899729224439,0.2075958683781388,0
7572,998,106.98310638432476,QR,Clothing,TR,23,0.0683953702843758,0.1156370538800873,0
5065,928,63.0524488049063,QR,Food,UK,13,0.0082410960026403,0.1684967158765608,0
1738,275,169.51665917660858,POS,Travel,US,17,0.1004305311686248,0.0669532543672582,0
4935,870,147.34874004377528,ATM,Travel,FR,17,0.0678231533322175,0.2452112986963083,0
4996,128,77.20586323139904,Online,Electronics,TR,17,0.0609355044620365,0.2078098279201615,0
9036,918,164.86151767558945,QR,Food,US,10,0.0158278877565102,0.1067481151243873,0
9244,535,123.71915194908463,Online,Travel,TR,21,0.0787658464516057,0.0108073445266777,0
3103,577,121.57299788636078,POS,Clothing,DE,22,0.019407961139532,0.115930771079551,0
2667,236,125.08198411304292,QR,Grocery,UK,17,0.1092161278395606,0.2897490967842376,0
5487,982,149.31166976378006,QR,Grocery,UK,18,0.0741307003044515,0.0597448081436531,0
2952,287,138.79887832030803,POS,Electronics,UK,22,0.191802849473781,0.2552589936908498,0
4092,269,158.75789131470708,QR,Grocery,US,18,0.2677506385757958,0.2972879317845763,0
5915,224,1.0,ATM,Travel,DE,20,0.2746893649246543,0.2457869933731682,0
9089,865,45.29323003981472,QR,Food,TR,15,0.0462125962886615,0.2088203728831233,0
799,946,135.2586660954859,ATM,Clothing,US,11,0.0957012349825706,0.1012748161345765,0
9373,554,177.69165711478396,Online,Food,US,22,0.0168377399310467,0.1120733613804286,0
7229,465,47.50446939905972,POS,Electronics,FR,6,0.2363520568895054,0.2068750150645613,0
7632,937,148.89676041435484,POS,Clothing,DE,10,0.2705286124216879,0.1802633170606361,0
4988,305,158.10955263262912,ATM,Travel,TR,7,0.0685909450475781,0.2597181992484129,0
7197,289,163.98242173359972,ATM,Clothing,UK,6,0.09467823175255,0.276710724149963,0
5977,441,1.0,QR,Clothing,FR,14,0.2228715219080415,0.2930427923740871,0
887,108,159.29145993710875,QR,Food,US,11,0.0348148098393187,0.0562920389892524,0
3158,479,44.26130694813765,ATM,Grocery,DE,14,0.0817755584497702,0.2239338312476845,0
4331,277,62.280857031784855,QR,Travel,UK,9,0.2876400924372694,0.2383817553926836,0
2510,987,51.54246336303368,QR,Travel,FR,12,0.0164848904844001,0.226045912378266,0
4266,476,20.58153758747088,QR,Clothing,FR,10,0.219922471483564,0.2953159385269085,0
5607,699,146.3934382737607,ATM,Travel,US,18,0.1129793050383723,0.0425575335167044,0
437,799,113.3349894751036,POS,Grocery,US,13,0.2092053754808533,0.1576934729983143,0
3671,789,168.2643067945683,Online,Grocery,TR,10,0.2515848549290378,0.2004431260486193,0
2207,698,1.0,ATM,Travel,FR,23,0.0711046887055574,0.1393788331077914,0
4207,686,159.59779838214865,POS,Electronics,US,19,0.1714377161210091,0.2638870433774694,0
346,170,3.0297295929062784,ATM,Electronics,FR,10,0.1647779297380305,0.1598970815891945,0
391,372,128.03262597893877,POS,Electronics,UK,19,0.2360729059987179,0.2954337293989534,0
2232,170,64.06564779255584,ATM,Electronics,UK,17,0.1591784458223498,0.0676218778248926,0
4323,696,148.2448859553089,QR,Electronics,FR,20,0.1609926500368646,0.0657448064785432,0
7349,221,114.02500114599164,Online,Clothing,DE,11,0.1301437012317913,0.0235615969928073,0
3006,87,136.64337912278495,POS,Travel,DE,21,0.1061665752273997,0.1467286803829346,0
7020,983,105.27196130906854,QR,Clothing,US,23,0.0786707967438767,0.2838498173641114,0
9587,740,1343.7148077906545,Online,Travel,US,20,0.8565535051792311,0.7027233701935677,1
4318,164,66.96342470555139,ATM,Travel,TR,12,0.0061536007690058,0.206623474809127,0
6298,433,130.209827457485,ATM,Grocery,TR,22,0.0800466745848407,0.2347792323168665,0
8251,919,123.7600813973549,Online,Electronics,US,8,0.0317997598117977,0.0516875685648535,0
7405,151,138.01008163127656,POS,Food,TR,10,0.1783115543813124,0.2624834844549529,0
4659,426,1.5051603279700745,QR,Electronics,US,7,0.1459152606774356,0.2786077261451255,0
7486,252,76.99989679440971,Online,Electronics,TR,15,0.2536525018226787,0.1091755180546902,0
7784,48,81.40971596083315,QR,Clothing,TR,19,0.1000943401205763,0.0663931130743216,0
6695,172,157.7596420140626,Online,Travel,US,15,0.059677739269084,0.2752428909675841,0
734,39,160.89635709872576,ATM,Grocery,TR,17,0.0731658620174072,0.2967692849038123,0
8534,961,190.21275685389463,QR,Travel,TR,19,0.1318681780761964,0.2000666553724102,0
5171,638,81.94897411988568,ATM,Travel,DE,23,0.0099644221676447,0.2060138046126046,0
5235,617,113.22706880510334,Online,Food,TR,23,0.1067289021975787,0.2734711296770185,0
100,450,80.07465410587432,QR,Grocery,TR,21,0.292205084146935,0.0006726523144116,0
3415,78,91.66161845627572,QR,Grocery,FR,6,0.0297660583229938,0.2531759269946799,0
5801,65,168.8637193254234,POS,Clothing,TR,10,0.2264293717728971,0.0209915910726172,0
994,18,17.9882066668265,QR,Clothing,UK,21,0.0254103557623882,0.2460772014548474,0
8786,348,67.12292080683662,QR,Grocery,FR,15,0.0837327536795635,0.2227345009170118,0
5778,802,74.59853202787764,POS,Electronics,US,7,0.1944526907459753,0.2087892536592442,0
3866,648,44.31272397890628,ATM,Grocery,FR,17,0.0562644694441798,0.067676190987616,0
7567,298,143.8555062625983,ATM,Grocery,FR,10,0.0288095207080398,0.2690292283245202,0
3750,812,81.37452507330975,POS,Clothing,UK,10,0.2809468205254635,0.0515330719921082,0
4262,97,73.37705079658014,QR,Clothing,FR,18,0.1364405242755955,0.2290431901373696,0
3055,29,115.13384467114868,Online,Clothing,US,12,0.227314131694864,0.2435908853140819,0
3070,553,106.59850009727876,POS,Grocery,FR,12,0.0007059347594497,0.2498541074471826,0
688,660,129.50023805522355,ATM,Travel,TR,23,0.0086736859614278,0.2871517044144214,0
4419,434,138.34939656900184,POS,Food,DE,17,0.0728543118433833,0.2686078453847714,0
2128,190,56.97267137256856,ATM,Travel,FR,17,0.1346549667757134,0.2693795995079584,0
2142,607,64.41692307118471,POS,Electronics,UK,23,0.2144658365352499,0.2594248816082224,0
6641,945,133.59381582462993,QR,Food,UK,17,0.0951147665870775,0.2246520174450504,0
3111,670,87.30704614274643,Online,Clothing,TR,6,0.2363523072032559,0.00031157671877,0
8004,362,127.3768109640997,POS,Food,US,6,0.227715413977773,0.160185915951715,0
2082,730,162.7552708291542,QR,Grocery,US,22,0.2118663592684009,0.1037479723707604,0
2685,370,68.4500322053016,QR,Travel,TR,8,0.0921574603004768,0.1332532341178783,0
9691,842,512.69248335405,ATM,Travel,US,16,0.7398166699885045,0.799028271946238,1
2992,137,206.78437047066865,ATM,Clothing,DE,22,0.1630211617778075,0.0463920023526751,0
7616,165,148.2567062182226,ATM,Travel,US,10,0.158753167317277,0.2331392366522401,0
2766,224,76.3491166364523,ATM,Travel,US,23,0.1122788861513539,0.2435051892086995,0
7170,236,33.18143483615653,ATM,Electronics,US,23,0.1633929387396123,0.1380515875077902,0
2303,492,59.598837267678434,QR,Food,US,11,0.1787883777514251,0.2466973245808979,0
6478,811,158.91974007883886,Online,Clothing,UK,19,0.1824242193658204,0.1746550775935567,0
8235,729,133.54787860479058,ATM,Electronics,UK,8,0.1918392092506235,0.2593205682398875,0
3792,539,112.95144107418572,QR,Clothing,DE,20,0.1123596629333187,0.2614425085699826,0
8299,190,63.96076015950058,QR,Food,TR,9,0.1950928847146848,0.225697274922183,0
4018,297,98.0792095349031,POS,Food,US,15,0.0986310037242918,0.2421310287144445,0
201,427,93.28094659099688,ATM,Grocery,TR,20,0.003330619902499,0.1108485464456312,0
3513,692,148.30856529738273,POS,Electronics,US,18,0.1246779297508636,0.1363733294303067,0
4300,502,108.56317629100968,QR,Travel,UK,21,0.0969656564128588,0.1833209459743997,0
3265,111,63.5481785986731,Online,Electronics,FR,7,0.0695516141044685,0.2823578213067061,0
8811,922,201.7944321750377,POS,Electronics,FR,14,0.1162513397533348,0.2626287673150557,0
1255,618,122.80608293761944,Online,Clothing,TR,10,0.0942823319005299,0.074676571435709,0
8240,380,102.48218817837596,POS,Food,UK,23,0.2593897027035771,0.0282130848979762,0
649,16,48.27306845758565,ATM,Food,FR,10,0.0009094741171074,0.159441720631187,0
8245,531,140.8618309498944,ATM,Clothing,FR,19,0.0325426096034677,0.0265988985752454,0
1664,962,49.60028805657547,QR,Electronics,UK,22,0.2918086596153657,0.0004185026655992,0
1958,784,176.9508687627708,ATM,Clothing,TR,6,0.024939813414065,0.0795105248025549,0
3438,329,49.40290267425375,Online,Clothing,FR,20,0.2366795613984071,0.1094369267962102,0
1871,403,111.71220210196356,ATM,Electronics,DE,7,0.1205379330295466,0.0555446169635084,0
64,74,149.07664376495606,Online,Food,TR,8,0.218895501551103,0.198925089917465,0
9796,672,3779.9721190363816,POS,Food,US,4,0.8446722614176151,0.7000279804063728,1
7855,961,75.23483786982924,Online,Clothing,TR,17,0.0676955114103326,0.0929865524311097,0
1960,809,51.13811556426196,ATM,Electronics,US,21,0.0795601163756552,0.0085278435827082,0
4445,285,124.04375327229832,Online,Travel,TR,14,0.2742112213770219,0.0948583345221584,0
3446,986,76.27547776258139,QR,Clothing,UK,11,0.0770993250522893,0.1162601828858217,0
7224,41,240.04384738046957,POS,Grocery,US,13,0.1326315111000655,0.0375725832852536,0
2889,781,128.6988350415839,Online,Electronics,US,14,0.2881095385574039,0.0948720427628656,0
1198,330,75.01822984437585,Online,Travel,TR,23,0.1280317214243941,0.1266801237230553,0
7443,404,95.2295909116676,ATM,Clothing,UK,8,0.2131515730307787,0.2592000161415286,0
5640,427,150.02183386483458,Online,Electronics,FR,23,0.2879604041632593,0.1459161329529498,0
6528,380,123.27960876975992,POS,Travel,DE,20,0.1237940782057511,0.0574648422260614,0
9664,427,2983.8892005086464,ATM,Travel,NG,4,0.7027946499112824,0.7897428577949867,1
9749,388,10.0,Online,Travel,DE,4,0.840054411433085,0.790239252565772,1
0,21,60.94955282259079,ATM,Travel,US,17,0.1547399271437982,0.2773484033069675,0
2564,601,141.35511908816702,QR,Clothing,UK,11,0.2500994143949028,0.1672455806158439,0
7303,40,195.7821010329696,POS,Clothing,FR,22,0.249387779187905,0.1403057962022412,0
6190,748,111.97738604346158,POS,Food,US,14,0.0157610942844007,0.2674405789680436,0
8545,438,96.0429430377083,QR,Grocery,TR,19,0.0470385594082931,0.093457282442122,0
511,733,156.15196488157326,POS,Travel,UK,17,0.2245751108830658,0.113539194429244,0
8870,208,151.23275951422175,ATM,Travel,TR,11,0.092072973182999,0.0637359179173284,0
8224,452,65.76419228259661,QR,Electronics,UK,20,0.1720532692236696,0.1133547642626293,0
4244,983,200.25981701177227,POS,Food,UK,23,0.095234204565347,0.1719866942548285,0
4710,734,109.70660760028218,ATM,Grocery,DE,7,0.2823606685774715,0.2093960532284727,0
4558,793,245.8516385604328,POS,Clothing,DE,7,0.2297576964825561,0.1449897071086963,0
5037,297,86.54503406617661,ATM,Clothing,TR,16,0.1161108602079611,0.0625396044465251,0
6991,648,78.44649295288353,POS,Clothing,FR,18,0.1263128228758861,0.2437941861506798,0
1980,782,109.68822893224105,Online,Food,TR,13,0.1963535436570703,0.1959110842305064,0
7312,402,139.35167359749238,Online,Travel,DE,13,0.2151731367133102,0.1778040851593957,0
4993,854,70.17185352076736,QR,Electronics,FR,6,0.1675789373394548,0.1696378281967631,0
3257,128,65.02448427864101,Online,Grocery,FR,8,0.0631516385578614,0.2585028971573345,0
9305,287,82.78992011674978,ATM,Grocery,DE,16,0.2831397343561863,0.0319630995178822,0
6855,160,92.47761268742572,POS,Travel,UK,20,0.1768305092021155,0.0827095925491323,0
7393,198,65.58882210860145,QR,Food,US,9,0.0175744059545345,0.2394993376272323,0
4406,816,99.28654112027212,QR,Electronics,FR,15,0.0219253317393159,0.198997304772847,0
8408,970,127.87352640459348,POS,Food,TR,13,0.2627963554406653,0.1639967209801432,0
2398,359,127.05965036502154,QR,Clothing,FR,22,0.098098929169162,0.1842413311923818,0
9444,382,137.3533659486916,POS,Grocery,US,9,0.0457889285152019,0.1100751302204061,0
6124,504,21.109679737017657,QR,Grocery,US,8,0.023981075419585,0.1202390690447976,0
7968,729,59.197899950567454,QR,Travel,US,7,0.1714238322954874,0.0923142092741953,0
6908,977,93.5673757497318,POS,Electronics,UK,11,0.0571277328771736,0.2538142532096747,0
598,511,111.3883500702436,POS,Travel,FR,16,0.1977322548753094,0.2571401170440556,0
3037,295,123.60057157314408,POS,Grocery,DE,7,0.0481611926210861,0.0672579723876604,0
9291,567,30.15087028278046,POS,Travel,US,13,0.2525998279800261,0.1621516869567444,0
2840,238,85.01912755446205,ATM,Electronics,UK,15,0.005496398893096,0.1177755816967312,0
4542,500,144.51910478825238,QR,Grocery,US,12,0.2677179759897177,0.0449995064989739,0
686,823,48.072184698205774,POS,Electronics,US,23,0.2582391989431692,0.0693791710301675,0
6209,546,135.1096455824815,POS,Food,DE,6,0.1423762917384202,0.1641147554578631,0
9582,862,1001.9511671934238,QR,Food,US,11,0.8777117775752012,0.8264569789284181,1
7131,210,151.8303206932476,ATM,Food,UK,8,0.0482952874410041,0.2190186181143122,0
9324,409,99.6166098975966,Online,Food,TR,6,0.2375389934850006,0.0152292820795961,0
8513,46,108.05924611259292,QR,Clothing,UK,21,0.1699427891232933,0.1412562265985491,0
4078,893,58.40370880332812,POS,Travel,FR,12,0.1354388570128039,0.1149562558790682,0
1102,594,113.7992246456236,Online,Clothing,DE,23,0.074890302046824,0.2798264018206305,0
3990,260,161.08540697599767,QR,Clothing,DE,21,0.2264682293191933,0.1317356567695724,0
1735,549,80.88738762140625,POS,Travel,UK,9,0.008118513595119,0.0472139537123366,0
2539,896,79.0732133330256,Online,Food,FR,20,0.2292784539827408,0.1586062543537561,0
5861,531,62.21615806355508,ATM,Grocery,FR,22,0.2518723604477131,0.1068151587580935,0
3256,110,170.89159864435425,Online,Travel,TR,7,0.0354844202729012,0.1606019448360027,0
5117,4,89.93922610539546,QR,Grocery,US,21,0.2031920164571079,0.1384877209527199,0
2208,780,162.78830876342795,ATM,Electronics,DE,10,0.1886039740997622,0.0781401631983552,0
8079,202,115.64066583718493,QR,Electronics,UK,7,0.285311056726501,0.0080434496704218,0
3295,948,80.94617727766366,QR,Travel,US,11,0.055777027531815,0.1004500874225068,0
5482,91,199.6851034074377,QR,Grocery,DE,8,0.067541955803852,0.1424450860698279,0
7744,488,1.0,ATM,Clothing,UK,13,0.2571303647409729,0.0868997258071919,0
6000,896,127.7332048684413,POS,Grocery,UK,22,0.0221956240334881,0.0834394475117185,0
6496,25,98.49921339760488,POS,Grocery,FR,15,0.0772496376255131,0.2061489133894549,0
8304,224,122.9220200926649,ATM,Electronics,TR,7,0.1357274866646798,0.2998596995379259,0
7256,935,162.82520589700556,Online,Grocery,US,15,0.0922966377067246,0.2699085115166941,0
6098,605,1.0,Online,Travel,UK,23,0.0355821704517671,0.2720081477980001,0
813,309,62.65361533139025,Online,Travel,TR,19,0.1882454945008941,0.0256995516201498,0
9830,616,791.0293567679266,QR,Clothing,UK,2,0.8520973083720357,0.7345622615821547,1
8715,462,95.60367545414292,ATM,Grocery,TR,15,0.1701056716766769,0.0094018570988654,0
8814,51,73.21759637361377,POS,Clothing,UK,17,0.2377217870119589,0.2459025324507205,0
5932,742,166.58177149839196,ATM,Electronics,UK,16,0.015723659815514,0.2751178880018922,0
1816,314,154.87149157082905,QR,Electronics,FR,22,0.0081536833878178,0.2849474547436972,0
5034,351,53.302904629099565,Online,Travel,US,7,0.1007467100947918,0.1898564462358993,0
5030,951,171.34180708778257,POS,Clothing,TR,19,0.1646645123064175,0.0144252532361335,0
7625,443,34.70000471323851,QR,Food,DE,15,0.1798115953936942,0.051924314145887,0
158,630,94.56561417066736,QR,Electronics,FR,9,0.2537977905680385,0.1546322502965924,0
2267,782,75.40902547585848,POS,Clothing,DE,9,0.2003387600990012,0.2400936570702396,0
4940,105,109.87743140250744,QR,Grocery,TR,6,0.0220029665238966,0.1431172956373579,0
2342,268,74.55117358046483,POS,Grocery,TR,12,0.0787935335265938,0.1511940182854969,0
8810,923,50.01284741773964,POS,Clothing,US,11,0.1044525673075619,0.2403740927056091,0
349,377,11.371071731927287,ATM,Food,TR,7,0.2225998377074356,0.0207733486990645,0
9320,238,25.682334904671336,QR,Grocery,TR,19,0.2864173678570936,0.2343281392312914,0
7497,819,150.27251675390391,QR,Grocery,DE,22,0.1515474154885475,0.0083240706966519,0
204,849,18.2210486591876,POS,Clothing,FR,17,0.2810471706008723,0.2337012276993716,0
2269,480,13.688260799396671,ATM,Food,US,22,0.0056554214219367,0.0003227261998562,0
7735,227,35.09957569541712,POS,Grocery,DE,10,0.0264096509167364,0.2741011052994533,0
3144,847,129.29558786391536,POS,Clothing,FR,8,0.1481436373406993,0.2215737749285767,0
5575,669,81.30429269723948,POS,Clothing,UK,18,0.2799683049755907,0.1410873543822973,0
9060,782,92.17518047141547,QR,Electronics,UK,12,0.1231605769351485,0.1692754648974935,0
4917,777,195.11415701769857,Online,Travel,UK,17,0.0873012664949257,0.2290625677586722,0
577,995,114.82756607156529,Online,Grocery,TR,18,0.2978280597544368,0.0520822297321376,0
7879,572,33.38525632392057,ATM,Travel,FR,22,0.0707236799981106,0.2913873104966294,0
3759,760,179.4086964085477,POS,Travel,DE,19,0.074521452685729,0.0263370327550586,0
2819,575,135.3508751478803,Online,Travel,TR,13,0.2897185639006964,0.2598242415587811,0
3806,293,136.73742978705042,Online,Food,TR,9,0.0102965162005369,0.1655196832712712,0
2572,773,58.59864104061705,ATM,Food,DE,16,0.1745865167685416,0.2383672739842312,0
9328,416,60.47003894343653,ATM,Travel,FR,9,0.0462040716371098,0.0359699504597601,0
4643,198,213.9922741487257,QR,Electronics,US,9,0.0386159633434802,0.0311410869323972,0
2061,88,31.89025543086736,POS,Food,DE,9,0.1608411182856023,0.1170914197397921,0
5793,743,113.94890509578244,Online,Food,TR,12,0.0530643910995612,0.0696660793455795,0
378,500,26.22942994529886,QR,Clothing,TR,14,0.2561895787735404,0.0651166703004513,0
7633,687,75.52025587756137,QR,Food,DE,7,0.2543440048290442,0.2977645239625845,0
9440,291,90.58170766901723,POS,Electronics,US,12,0.1267076333255775,0.0491609143909498,0
1740,298,196.44219820108785,QR,Electronics,US,10,0.2848329660624553,0.2132868700580138,0
678,353,79.18948930802057,Online,Food,DE,23,0.2656804113587293,0.1897896842714242,0
1085,718,177.2618856381843,Online,Travel,DE,21,0.1840357406740969,0.1563465026728814,0
1683,974,131.1265671968597,ATM,Electronics,FR,17,0.2171736379310724,0.1271559042851956,0
6723,214,101.34147654624074,POS,Electronics,US,8,0.0767863771359625,0.221206723944644,0
7203,757,181.76493006583024,Online,Grocery,UK,7,0.1844450558902987,0.2608241265903697,0
8938,193,53.27945744808606,QR,Travel,FR,18,0.200854264247325,0.0596106360367829,0
3876,588,131.9562881739247,POS,Electronics,US,14,0.2205599565709542,0.1134950796516029,0
4650,511,141.42515399100083,POS,Clothing,DE,21,0.0225637470632964,0.1134523060505798,0
152,204,130.1482051720631,POS,Clothing,TR,10,0.0630356128508152,0.0375502971536256,0
5956,223,101.97994090260688,POS,Food,US,6,0.1571195759528168,0.230272375578246,0
2634,871,116.88062962775926,Online,Electronics,US,14,0.2785043944166867,0.2144226262090634,0
2715,918,109.33163282563692,ATM,Clothing,FR,21,0.0091519901829625,0.0648043499056591,0
4820,609,65.51062276354473,QR,Electronics,UK,10,0.1904707843882065,0.2621096956148483,0
727,994,132.70640010855462,QR,Grocery,US,19,0.2306188854376638,0.2869554482910456,0
2797,374,94.5546752430834,ATM,Clothing,DE,21,0.1687114678299168,0.0627489545347357,0
1068,19,60.766230621474975,QR,Food,FR,17,0.2510394874318751,0.2571196676351482,0
5579,284,119.01197978984148,Online,Grocery,US,9,0.1175710786671275,0.019326877380484,0
9116,210,52.23922647518628,QR,Travel,US,16,0.1420402705481087,0.2137876839797136,0
8662,736,196.64783453763303,ATM,Travel,TR,6,0.0426535254580682,0.1306752972274751,0
8660,569,40.06999240185296,ATM,Grocery,US,10,0.0605088435340217,0.1133820771131451,0
8752,519,1.0,ATM,Clothing,UK,23,0.2379989684961405,0.1598794146937761,0
3495,303,196.4545700609285,ATM,Clothing,FR,10,0.2289609937670549,0.0261126946957588,0
4422,197,1.0,Online,Clothing,TR,7,0.0702396201035418,0.1840878522767731,0
6892,207,148.77351583687548,POS,Grocery,TR,11,0.1376418320542262,0.2344323383149211,0
9319,576,117.59297147232876,QR,Travel,TR,17,0.2416987485826192,0.1584478203107963,0
694,108,144.7762768708487,POS,Electronics,US,23,0.0365398870929107,0.0843382721542641,0
5947,564,16.485299712207464,Online,Food,DE,7,0.2254729168921377,0.0742399999415639,0
2319,103,231.5307504925936,POS,Food,FR,17,0.237268672263734,0.2697663160553136,0
432,607,9.82981328863697,POS,Clothing,UK,22,0.0714538013077936,0.2474649923198714,0
8431,837,26.69701648008652,ATM,Travel,DE,23,0.2693284481048623,0.2852835008842251,0
8149,749,148.1935259499703,ATM,Electronics,TR,7,0.0307332238275584,0.0684285023489647,0
6112,424,88.72784362914999,POS,Clothing,US,14,0.1706724397400965,0.2509618911626761,0
4626,719,106.352134600745,ATM,Travel,FR,20,0.2363657426791424,0.2902915587689956,0
4412,473,107.97455122092168,QR,Grocery,TR,20,0.0827905946010994,0.2940616221639282,0
2203,775,90.15371387123824,ATM,Electronics,UK,16,0.2221435601978047,0.0982730382860268,0
2379,183,103.22690315048612,ATM,Electronics,UK,11,0.0538553902581478,0.1862793074383466,0
194,632,41.124069204667954,Online,Food,DE,12,0.0807464870023543,0.2208880729961652,0
6043,25,32.577612548444606,Online,Clothing,FR,18,0.107120162752545,0.2835524592096711,0
8721,229,89.67570117669679,QR,Electronics,US,18,0.1922319950463708,0.0117657558576586,0
7604,634,43.96622162270021,ATM,Clothing,US,17,0.2850060692202295,0.2887929512541943,0
413,924,1.0,POS,Clothing,DE,21,0.1174648985714318,0.2362110845349847,0
297,273,153.18869918927882,POS,Travel,US,11,0.2782334481797096,0.1921557019569066,0
803,495,18.87673345537199,QR,Travel,US,9,0.180947653135472,0.1724589361571169,0
2553,334,127.93594185936888,QR,Clothing,TR,6,0.0782566288307869,0.114366886959305,0
5339,990,94.581448169058,QR,Travel,UK,23,0.1753009528773082,0.2043086830230865,0
7132,559,84.63193793260751,QR,Food,FR,21,0.2953042937710566,0.1902069156943392,0
7361,868,61.92234122868944,ATM,Electronics,FR,20,0.156892652743834,0.1262316095685507,0
3994,622,29.239744012754585,QR,Grocery,DE,18,0.1539163812109899,0.069697653864989,0
6911,756,90.63053403217464,Online,Electronics,FR,9,0.2485733334777222,0.104893012694396,0
1984,804,130.34149361412872,Online,Electronics,US,13,0.0103790266464227,0.0408441341121039,0
9110,75,109.64348382490658,ATM,Clothing,TR,9,0.0462911536352288,0.2344885534550279,0
3056,595,85.56959849992346,QR,Grocery,FR,15,0.0504659422692655,0.087092198102702,0
1496,717,98.87655116627164,ATM,Grocery,DE,10,0.0609703674664551,0.2595302903464802,0
7678,437,111.72912335376736,QR,Electronics,TR,11,0.1633454257697442,0.1589859135728669,0
1734,767,1.0,Online,Food,FR,13,0.1122646893583372,0.2720367401528951,0
2786,236,167.6369947330548,ATM,Clothing,UK,19,0.290793047873125,0.051578009483948,0
4508,272,187.9034680364412,Online,Travel,FR,20,0.2100224341022849,0.0959150213858315,0
3364,45,88.44486746654232,QR,Travel,DE,9,0.0256002374934808,0.1942051319420316,0
770,614,1.0,ATM,Food,DE,13,0.0284473395217496,0.2234915912485849,0
4198,382,154.7674597199362,ATM,Clothing,TR,13,0.0252000437700946,0.1229844599110211,0
1728,257,201.3369839242176,QR,Clothing,TR,16,0.1448939371192766,0.0852765684570593,0
3072,420,46.61791183337123,POS,Clothing,FR,7,0.2738554699657831,0.1457285252845144,0
655,692,137.7031063615562,ATM,Grocery,FR,22,0.2925334538950863,0.2463834099590371,0
917,924,64.9124778934607,POS,Clothing,DE,17,0.1473947183503524,0.0758730047183845,0
5124,258,138.3573450717871,POS,Food,US,6,0.1379726206777339,0.0840751825414729,0
8535,229,40.178589744939664,ATM,Clothing,TR,8,0.0776595124467359,0.2916896303610073,0
4815,928,12.253490344187584,POS,Electronics,UK,12,0.0637168010411533,0.10891113986709,0
2092,210,62.55134513649773,POS,Travel,DE,21,0.0441206719053318,0.1312233509785659,0
9884,591,911.6570674467392,Online,Travel,TR,4,0.8890718163500652,0.9465051434085762,1
4034,790,190.4294983560704,QR,Clothing,FR,17,0.2545735875528747,0.0788788707570784,0
7552,269,79.77341298742039,QR,Grocery,TR,11,0.2711089318610603,0.140382768796588,0
3118,612,86.3489391292036,QR,Food,FR,13,0.2678277269094493,0.095996083411296,0
2785,993,1.425935000504225,QR,Food,DE,9,0.2163806008832768,0.2636929963248235,0
1086,282,19.96314220277289,Online,Food,TR,22,0.1872277529876537,0.1592944796429264,0
5555,573,31.09058240834472,Online,Grocery,US,6,0.1975378095544348,0.0723971152803751,0
3573,928,74.37099481266199,POS,Travel,TR,12,0.2817734704373164,0.0303136638513405,0
595,547,93.10184506284205,ATM,Food,FR,13,0.1697772451412514,0.0486406673626704,0
8384,909,132.98612346938853,ATM,Grocery,TR,14,0.1381221298638669,0.2508026556910991,0
4980,525,82.10165556233011,POS,Travel,DE,21,0.29682390586224,0.2566004186388997,0
857,95,164.22953593425694,ATM,Food,DE,12,0.2383733827320107,0.0808817835989396,0
38,910,54.95149907868724,Online,Electronics,TR,16,0.2490788835601302,0.1526647011188624,0
7298,57,38.69263177400754,QR,Food,US,17,0.0400902858104316,0.1897736119968902,0
8063,127,86.29918430904516,ATM,Grocery,US,11,0.2087648592562112,0.1863836246811556,0
7874,697,68.00936804040654,ATM,Grocery,FR,22,0.1774826891704751,0.0314541248452559,0
2703,381,63.46416099506755,POS,Clothing,TR,15,0.214544054583396,0.1063561126720968,0
2300,945,91.37519828012718,QR,Clothing,DE,19,0.2241196787866615,0.2616361453612297,0
1844,644,100.65901304433449,QR,Clothing,DE,19,0.2066239938663131,0.2946199872236251,0
3084,161,98.82222998896228,ATM,Food,TR,19,0.1993176693246919,0.0508497547015927,0
636,752,175.62653511512752,Online,Electronics,DE,19,0.0130279607939375,0.1964722272434099,0
7592,879,113.7001951221379,POS,Clothing,TR,21,0.1325629272062284,0.2223118906953604,0
7770,691,100.21851257914832,POS,Grocery,UK,16,0.29580845403278,0.2762283746975132,0
8082,627,42.682369557745936,QR,Food,TR,17,0.032952046194008,0.1074256384772246,0
8282,836,129.60623123726742,POS,Electronics,US,16,0.2961426398257584,0.299366204244751,0
5652,510,142.4268973670994,Online,Travel,TR,15,0.1424783217987517,0.2949400750954116,0
2432,577,135.81654921441404,POS,Clothing,DE,13,0.0576015221649832,0.1040563754066039,0
1204,649,46.43458361645128,QR,Clothing,UK,9,0.0695019490543702,0.2135152690122933,0
4502,987,128.4669586462649,ATM,Clothing,US,15,0.1890379179716497,0.090950659298152,0
4881,356,136.3970694516125,POS,Food,TR,20,0.108876606819181,0.0101092725825307,0
5873,325,115.287665451703,POS,Food,FR,22,0.196923210742612,0.2212218637033753,0
105,893,46.87462122448496,QR,Food,FR,22,0.0102425644764199,0.0744974705993255,0
3133,127,180.22639638681468,POS,Travel,TR,9,0.2150339794388751,0.2205749239211259,0
4413,845,118.19856700280492,POS,Travel,DE,19,0.0974307803216919,0.2069765967082384,0
9511,532,10.0,POS,Food,UK,6,0.7719543317345341,0.7390655089457852,1
9700,325,949.3593717866804,ATM,Food,NG,18,0.8399910850879402,0.9280857683808416,1
9736,846,10.0,POS,Food,NG,12,0.9552782337804332,0.7756793678669808,1
7776,880,146.24789472528795,Online,Food,US,20,0.104804198124999,0.1220664766766664,0
1285,120,169.8173751955922,ATM,Clothing,FR,13,0.2144027231736597,0.2972057709417643,0
8507,158,99.45494014503096,POS,Travel,US,23,0.2641046595660741,0.1139570848030655,0
9209,379,47.8378295412808,ATM,Grocery,US,9,0.1088886913344601,0.2107704749268446,0
4517,846,26.346217846769303,POS,Grocery,UK,18,0.1443351055382368,0.2801438260810284,0
3736,431,104.59630185036131,QR,Grocery,US,23,0.2472128518167246,0.2233950609199659,0
8628,835,69.38031076393429,Online,Clothing,TR,13,0.1281518851313436,0.2379201770900379,0
6545,327,79.89557866260745,QR,Grocery,TR,17,0.2247258294999651,0.2790203337782174,0
6288,371,138.98864052015634,ATM,Grocery,DE,15,0.1013738630379752,0.1716400549251989,0
8839,355,133.006578972542,ATM,Travel,UK,8,0.2437703829230629,0.0602998018687393,0
4989,477,145.06481056030128,ATM,Clothing,TR,12,0.0545468906173672,0.2300305130772309,0
2964,835,114.94292318752898,QR,Food,FR,18,0.1834505315159494,0.0036433054913218,0
4682,116,23.349366637113462,ATM,Clothing,FR,14,0.1545025760433341,0.1775182474499891,0
6019,187,16.523652535261533,POS,Electronics,UK,13,0.1975590976890233,0.0300317181151613,0
565,810,98.184203329204,Online,Travel,UK,13,0.0755187255304062,0.1393908183030156,0
4644,12,97.01114448038336,Online,Travel,US,16,0.0372214447769036,0.1646335876788875,0
2949,440,80.26087954022867,QR,Grocery,TR,7,0.1405673092536809,0.0176280584501198,0
8601,971,166.39952940919758,QR,Electronics,FR,12,0.0804254832280635,0.2569060116537497,0
4803,67,221.4467369038452,QR,Grocery,TR,20,0.2486066772894687,0.0313312286314563,0
6709,654,105.5892315664928,ATM,Travel,US,9,0.0009650319959263,0.2607379073966113,0
9574,937,1122.188810614569,ATM,Travel,DE,23,0.8298309875439829,0.8633467738684251,1
1582,313,118.7220612225916,ATM,Travel,US,15,0.28002126458112,0.2861407959043278,0
8049,550,134.06171599975,Online,Clothing,US,8,0.0119687336442069,0.2443009672956992,0
2096,226,114.96182309592206,Online,Clothing,TR,6,0.2851647211274544,0.1957321769478333,0
4673,129,1.0,POS,Electronics,DE,14,0.0236709446997675,0.1781191299434779,0
2056,183,114.86171362487582,POS,Food,TR,9,0.0188897377940716,0.2532315080404756,0
2435,377,101.21201213127384,QR,Food,UK,16,0.0685783803933212,0.2070490831138474,0
9814,854,10.0,POS,Clothing,US,9,0.9928075257042714,0.8272431384281619,1
5342,366,230.0885235660401,Online,Grocery,US,11,0.1441071676333632,0.0343003141541818,0
651,684,119.27347379241216,ATM,Electronics,TR,20,0.2915880045849206,0.2102755955405717,0
7408,277,120.8357174629458,POS,Food,DE,23,0.2054002493377643,0.0376465181796727,0
9817,170,1382.947786061551,POS,Electronics,US,0,0.9717573076590292,0.965879859716758,1
9921,528,10.0,Online,Electronics,FR,12,0.906651767295368,0.8359727795445316,1
1386,720,110.07900570997964,ATM,Food,FR,7,0.2581019266672973,0.1408615431779621,0
9025,568,18.17384118001172,POS,Electronics,DE,12,0.1901973812254224,0.1600719704320035,0
7087,243,9.385261037577123,Online,Clothing,TR,8,0.2288121122495444,0.2652443259118272,0
6126,248,21.698469199169367,POS,Grocery,UK,9,0.1163769209331154,0.0019472090172526,0
4087,216,1.0,Online,Grocery,DE,7,0.236457095222062,0.019811562560646,0
9433,819,104.90147912218345,POS,Grocery,TR,16,0.1822338053207607,0.0350882829894642,0
1422,18,35.76019200340987,QR,Travel,US,23,0.1039866320902964,0.0371182582112158,0
4726,246,138.2164807065193,Online,Food,DE,11,0.047132466104896,0.1848934119864389,0
2916,163,67.54269076205463,ATM,Grocery,TR,13,0.273467582777361,0.217486494630005,0
5468,554,107.49153642913326,POS,Travel,DE,17,0.2430618784110906,0.1161694980517338,0
8350,187,129.04811473618008,Online,Travel,FR,9,0.061751710077939,0.2320053767894486,0
7431,686,108.48084033588208,ATM,Food,TR,10,0.0177190078271248,0.1231208519350374,0
9531,657,10.0,QR,Travel,DE,23,0.9403929701826348,0.715958642743212,1
5921,667,172.90298883245518,QR,Electronics,TR,22,0.0597293419871396,0.1905943362177387,0
197,658,197.8304981292858,QR,Clothing,TR,12,0.2561518952662068,0.2880608454777328,0
9639,93,22.168429062989272,QR,Grocery,TR,4,0.7304356615048414,0.986375466806358,1
4534,837,113.08652190969418,QR,Grocery,UK,9,0.2081955054457749,0.0597693732247394,0
7064,798,70.68988906963584,Online,Grocery,TR,19,0.0975612254180663,0.2737671105347998,0
6850,414,128.77543638783422,Online,Food,UK,9,0.2726238212362483,0.1939320682260606,0
8293,280,30.05866699192174,POS,Clothing,UK,16,0.1973332000670856,0.2290709508940514,0
4037,831,143.23364652967842,POS,Travel,TR,9,0.250986257312295,0.0309952699071243,0
5880,641,185.7850046440302,ATM,Electronics,UK,21,0.2768800271808708,0.2188950689135217,0
5200,662,101.63431172192884,ATM,Travel,DE,22,0.2282837445426161,0.2871116103454983,0
6787,173,120.28322285999457,Online,Travel,FR,17,0.0850492709718575,0.2043354296802954,0
6626,973,158.6614545646749,POS,Clothing,DE,18,0.2795415809630053,0.2125055130014689,0
819,798,106.75265829061132,POS,Food,UK,13,0.1289553041120405,0.276516403518971,0
696,198,90.13161964952552,Online,Clothing,DE,21,0.0044486863078895,0.204479402127346,0
3300,967,58.79332581641389,Online,Clothing,TR,12,0.0391342140863134,0.1398409965322553,0
672,104,44.76368474511626,ATM,Clothing,UK,11,0.0294731326871729,0.1736957763271042,0
9900,541,3476.8529444036594,QR,Travel,FR,22,0.9110469210078294,0.9791658532331124,1
6689,721,87.54747194001565,POS,Electronics,UK,18,0.1376178308017952,0.0083115322044658,0
7847,939,110.31382029224508,POS,Electronics,UK,23,0.008839462374831,0.1420867186402522,0
6062,148,66.19254739741416,POS,Clothing,US,11,0.16627969715623,0.1683908646724002,0
4191,884,66.39336707513367,Online,Clothing,FR,21,0.225528678705912,0.0273378594023551,0
7568,856,132.94245705636217,QR,Clothing,UK,19,0.2483737033748798,0.2992762392280131,0
4779,199,112.27163621118925,POS,Travel,DE,17,0.2323080304662427,0.0699770102743021,0
9254,733,102.4274272340518,ATM,Grocery,FR,8,0.2821019234670429,0.0364127072320853,0
1000,558,112.95668275421696,Online,Travel,FR,13,0.1708356134098727,0.1529402493393489,0
717,111,159.772635587649,ATM,Food,FR,10,0.1286488848998689,0.1160508076061354,0
2880,795,1.0,ATM,Food,US,8,0.1372570933805519,0.2487833250861239,0
5831,39,138.96502363661176,ATM,Electronics,DE,10,0.0291407100628344,0.0915230350580343,0
1687,790,1.0,ATM,Travel,UK,11,0.2967094145271411,0.053786192580809,0
4709,156,64.09006197471192,QR,Clothing,DE,23,0.2062247914609921,0.112796262533851,0
9831,352,10.0,Online,Electronics,TR,4,0.8644276199068777,0.8443785817040521,1
3225,789,156.60990958603406,ATM,Food,US,19,0.0818577393522587,0.0844267502878042,0
9339,55,193.9593942536565,POS,Food,FR,23,0.1350265782601572,0.2193849750510602,0
1173,492,197.20538517627477,POS,Grocery,DE,20,0.2516686128087738,0.0912559483613023,0
1133,72,100.9788381045086,ATM,Food,DE,18,0.0235371181611474,0.0810896081764851,0
6188,116,106.56344355857529,QR,Food,DE,23,0.1362359685879872,0.1358305529043107,0
9171,333,1.0,POS,Clothing,US,18,0.1791395707909376,0.1160702533390357,0
1308,443,65.00173319797332,Online,Grocery,FR,9,0.0150361183878628,0.0327913802260812,0
4641,291,91.33892843241172,ATM,Food,TR,14,0.1507778836901524,0.2777624781028403,0
6651,78,142.78676259880953,ATM,Food,TR,12,0.0863206942422218,0.2818846133379024,0
9517,174,2675.171600318469,ATM,Clothing,NG,8,0.7156866204717232,0.8090615408289475,1
6296,180,110.04198693470524,POS,Travel,US,11,0.163409739352191,0.0914197814080444,0
5906,831,120.298274959151,QR,Electronics,UK,12,0.2168259760351765,0.07132341664033,0
9212,341,133.38907802980935,Online,Clothing,US,20,0.2630352207164252,0.174940419109095,0
6922,185,161.62045486233404,QR,Clothing,FR,6,0.1684797718353368,0.2568551005860569,0
7805,11,71.27987646975018,POS,Electronics,TR,13,0.0137484310696326,0.0364299834076418,0
2941,840,114.31666649335044,QR,Electronics,DE,7,0.2008554473622415,0.2154621490160931,0
2611,525,8.223159448704692,QR,Clothing,UK,18,0.2468389246081039,0.1959256649261259,0
3253,894,94.44042822563271,POS,Food,FR,17,0.0724056056911456,0.1371161970707282,0
3690,665,143.4563768609097,POS,Grocery,TR,9,0.1964279644926448,0.222325822222783,0
5826,524,100.63458820563542,ATM,Clothing,UK,19,0.0275323093017036,0.0827277473025234,0
5007,445,34.012959098300286,QR,Food,TR,8,0.1382296289021355,0.176762463826134,0
4602,269,159.0500265501973,QR,Travel,UK,19,0.0366924565364884,0.1748517485287487,0
1112,916,129.6266859793622,POS,Clothing,TR,7,0.2570619576871771,0.1073519689387393,0
3909,145,85.1846298607449,Online,Grocery,DE,13,0.1243454908127825,0.2968078051432963,0
7562,362,95.73126600136534,POS,Grocery,FR,20,0.2410528527352274,0.1095825959514656,0
9414,697,1.0,QR,Food,FR,10,0.1426123573831454,0.0500395333585272,0
5079,541,129.46686423669246,POS,Grocery,DE,22,0.2142342820721176,0.1988003554771919,0
9529,318,1024.36002166682,ATM,Food,US,0,0.9084776874807402,0.8228963222396745,1
7638,401,158.93698880026253,POS,Travel,DE,9,0.156940025194082,0.0960051825886568,0
5872,394,183.42390821670045,POS,Travel,US,22,0.0236759604943388,0.2104783641321051,0
690,587,103.41752218265653,ATM,Clothing,UK,10,0.1766275178286354,0.1914015513435181,0
7136,371,173.5051390859348,POS,Electronics,TR,15,0.0842334816926441,0.0108674812348484,0
8188,375,100.40573492361057,Online,Travel,DE,22,0.2400475866218874,0.2267506385161391,0
3104,320,71.41115456953062,ATM,Electronics,UK,11,0.1064463788024504,0.1996868462184756,0
2456,983,43.40332662028336,QR,Travel,UK,15,0.2132825960922472,0.153780965367332,0
7460,968,111.5556635524756,Online,Grocery,UK,20,0.0470525327107503,0.24513077223773,0
5443,29,98.96010847338944,POS,Food,UK,13,0.0993173854466533,0.1244969350082725,0
3541,228,99.48803010913878,Online,Food,FR,10,0.0904950941744831,0.0612716152392205,0
5169,361,118.91552798204296,ATM,Food,US,12,0.1171715247663634,0.2622455183988453,0
2155,767,49.50228986619201,QR,Clothing,UK,16,0.171970173383691,0.1588836706844804,0
3574,363,74.68332187343871,ATM,Food,UK,12,0.1177103582518502,0.1485624576060795,0
2602,389,122.39653366896952,Online,Food,TR,21,0.2184220117830635,0.0252858952065132,0
3784,75,41.59940380781475,QR,Grocery,DE,7,0.0699534859469048,0.0383316800213004,0
3910,959,32.946929051809775,POS,Electronics,FR,18,0.0352640109436736,0.1576291589509441,0
8921,92,162.47688196763428,POS,Grocery,FR,6,0.1228926876772926,0.0684999853918577,0
6980,938,1.0,Online,Clothing,US,9,0.0303078589291423,0.0619919279966205,0
4168,190,129.58285419677225,ATM,Electronics,DE,17,0.0021020536270755,0.0958417865986433,0
8658,981,32.78403511967059,ATM,Clothing,US,16,0.037736607144329,0.0732154555451553,0
4948,641,121.4410503006074,Online,Travel,DE,13,0.21021467698005,0.271096150482462,0
71,684,88.56324868706241,POS,Clothing,US,9,0.1876929832569881,0.2528514403489114,0
3537,760,10.989491509203615,ATM,Travel,US,8,0.192743037935554,0.0251143009140729,0
7080,625,63.946370100214175,QR,Grocery,DE,6,0.1899725068806301,0.0671082781044101,0
7603,575,171.1853655010387,ATM,Electronics,UK,12,0.2776189093777519,0.0687811049390761,0
6211,539,83.22220534243486,POS,Grocery,UK,6,0.1853405127044642,0.2985083677699232,0
4206,371,139.9801892651039,Online,Grocery,UK,10,0.1983071002452621,0.1274211173161623,0
7713,933,5.486990165641444,Online,Electronics,DE,7,0.2787618625605499,0.2043302678367942,0
9794,67,643.4335145166865,QR,Grocery,FR,4,0.727367398586088,0.9185417605029624,1
2782,29,79.61364913656908,Online,Electronics,DE,18,0.2359521759264417,0.0670522891717443,0
2744,978,172.21300234101892,QR,Travel,US,9,0.1529977638554955,0.183549610177073,0
4418,297,166.8696997456841,ATM,Electronics,FR,9,0.0904430372579081,0.0328928142834082,0
9554,298,10.0,ATM,Grocery,DE,4,0.9678067795219716,0.8600706737012795,1
3138,35,181.72758460384824,QR,Grocery,US,19,0.037881038449254,0.062964972285388,0
4509,888,128.03403300450253,Online,Grocery,DE,13,0.2327198570896225,0.1130488294895404,0
4314,447,101.25570420130056,Online,Travel,FR,13,0.2867034182020097,0.1059970989117592,0
827,520,43.177503066964775,POS,Grocery,FR,22,0.2375121479535331,0.1368003714005699,0
3706,554,67.83428364200893,ATM,Clothing,UK,6,0.1692050356930399,0.0140884874158963,0
4672,824,173.11870757117146,QR,Grocery,TR,7,0.025614658410679,0.0697936382640986,0
2305,498,42.07582190733823,Online,Clothing,DE,13,0.1901793337676169,0.079618397877815,0
9059,162,143.31601824118815,POS,Electronics,UK,7,0.0292143883475745,0.1530662156265302,0
5980,992,45.616115263437095,Online,Clothing,UK,13,0.1648127644603682,0.000933892018625,0
3547,904,65.49295812255527,Online,Grocery,FR,6,0.2352730622811193,0.0605131620473947,0
244,712,176.91652195262762,POS,Electronics,FR,8,0.2017274906142467,0.2882462579671532,0
5697,357,49.39229808388605,POS,Grocery,DE,9,0.1390097321720171,0.0853341622097217,0
7130,14,27.42409407858136,QR,Travel,FR,11,0.1750380125011181,0.0703513160971533,0
2857,702,143.22859862486342,ATM,Travel,UK,13,0.0198630719653866,0.2129603873238443,0
7143,987,100.4260536369196,POS,Travel,DE,9,0.2036577932094807,0.1591270610612763,0
7999,696,56.92906809512222,ATM,Travel,DE,20,0.2199712457360677,0.2800548954229953,0
4946,196,97.64782758507594,QR,Food,DE,6,0.1021030265567503,0.1531211158146535,0
3330,426,75.96117192476981,QR,Clothing,DE,11,0.1961038227340592,0.1401436624808716,0
8481,707,134.46034348245382,ATM,Food,FR,20,0.2025544972981329,0.2225175158759096,0
1919,829,166.2092618572779,Online,Travel,UK,12,0.1159059086426822,0.2237178434100433,0
3505,202,141.38565867913763,QR,Food,FR,10,0.2458920340001951,0.0966583914331783,0
9090,933,88.78407675547288,Online,Clothing,DE,11,0.2137554174939587,0.0048647757733637,0
5319,934,1.0,QR,Clothing,TR,11,0.1908787545660737,0.1942947214893497,0
5438,603,139.66976008877788,Online,Travel,UK,13,0.2090353629005258,0.0057853142823266,0
6944,949,51.56126307954956,Online,Grocery,FR,19,0.166071947253041,0.0714195710234713,0
5489,915,72.11107600769616,QR,Travel,UK,12,0.0674646481955251,0.1907748938560495,0
6307,811,115.50434541762658,Online,Travel,DE,19,0.2809547432306116,0.1033533226831943,0
9106,855,60.11673154762784,POS,Clothing,TR,16,0.065489308911584,0.1105830398486639,0
3829,645,94.3257304581685,ATM,Clothing,DE,14,0.0618939609833055,0.284534151498612,0
8499,74,84.4360358060232,POS,Electronics,UK,7,0.0264454663624199,0.03623359470991,0
9907,957,2993.361778863932,POS,Travel,NG,4,0.7595106373582008,0.963874819563174,1
7274,741,171.0589548398558,QR,Travel,UK,18,0.1533731578324189,0.0192901219420533,0
6940,72,43.52500186084172,ATM,Travel,UK,11,0.1149780362810936,0.1075317369653269,0
7510,6,123.36018464138812,QR,Electronics,DE,10,0.2092579291663667,0.0557451706045322,0
1966,97,68.16024492252214,QR,Clothing,TR,9,0.2425643812061025,0.2376515009367581,0
5966,178,91.26590417052518,POS,Clothing,US,20,0.1759374978275248,0.0530286673319105,0
8130,791,139.92385052226234,POS,Grocery,TR,11,0.0010786324749034,0.0722371716146169,0
7352,366,101.81102852326332,POS,Travel,DE,14,0.1532234195771131,0.2612753794623547,0
6278,825,29.889745483159388,POS,Food,US,18,0.1224951348316347,0.123628636518305,0
541,89,125.32103874985155,POS,Travel,TR,20,0.1955817156472815,0.1885904209179871,0
3514,254,119.03779228739664,Online,Food,DE,19,0.1664727275619591,0.029283487501228,0
1297,962,102.8209726636902,QR,Grocery,US,19,0.0423917126693743,0.0426876833742037,0
6014,969,41.23599417018724,ATM,Grocery,US,8,0.2832006986783326,0.0521780585953517,0
4061,105,140.68180743211178,POS,Travel,DE,19,0.0292213379337607,0.0229559078152061,0
2777,68,106.94437606726883,Online,Grocery,DE,15,0.0277814009501985,0.1318779767730288,0
8844,651,93.27424360883587,POS,Electronics,UK,17,0.1266671884834411,0.2579902636487425,0
9114,730,47.633205283171066,Online,Travel,FR,12,0.0362896856169155,0.0968213966349614,0
3205,784,103.45749080682734,POS,Food,DE,19,0.0450804822251047,0.0861632508711793,0
5619,640,79.24768456952253,POS,Electronics,TR,11,0.2686325387285375,0.1761495228797058,0
6038,980,100.78971505286864,Online,Grocery,FR,18,0.2190258826035806,0.2828823386098847,0
7503,439,93.87735932311271,QR,Food,US,20,0.0414896894538216,0.1049754414109915,0
3688,464,74.26785959493935,Online,Electronics,DE,6,0.2285035894010461,0.0553082475866662,0
8279,782,156.75232809348455,POS,Clothing,US,22,0.2703766396472899,0.2570010474209275,0
8380,656,67.4913863956921,Online,Clothing,FR,23,0.0538695421134839,0.0756402638872695,0
3390,497,65.22258327540635,Online,Clothing,US,9,0.1805071782909211,0.1789695152794266,0
1184,736,114.98477777755456,POS,Food,DE,7,0.211679879897341,0.2921925454501125,0
254,501,82.93450768950758,ATM,Grocery,UK,17,0.1567012221148753,0.1356386472827321,0
4636,186,133.08643675107984,QR,Electronics,TR,12,0.2493956723379811,0.2324476255767459,0
8427,42,93.71673073637392,Online,Clothing,FR,13,0.2866481558846125,0.0901240340411191,0
5560,422,171.16459742119167,Online,Food,FR,22,0.1003910840397047,0.1922410088701961,0
3288,908,154.8058967704592,ATM,Travel,DE,7,0.1422193991617955,0.064406352465673,0
3788,955,8.709712905350557,QR,Travel,US,17,0.1398572573909779,0.0712848398174445,0
6304,20,148.0880090767675,QR,Travel,TR,19,0.1892310034481359,0.1152978727782658,0
8526,84,103.85140104229362,POS,Electronics,DE,16,0.2133644645608818,0.2086526372074431,0
689,98,227.01955488407168,Online,Food,UK,8,0.2245800413736726,0.2259626872970319,0
4003,94,128.46870784118562,QR,Travel,DE,13,0.2519554322561508,0.0579949668432276,0
7088,387,1.0,Online,Food,UK,13,0.108824415749279,0.0554796320813679,0
3980,153,63.89303916855684,ATM,Travel,US,16,0.1489280957561184,0.1714426900930387,0
6981,227,117.6476542406876,POS,Clothing,UK,9,0.2782932852589426,0.1608437485461148,0
1362,676,1.0,QR,Grocery,US,6,0.010460301069124,0.0143461528260023,0
8630,204,77.86142216569017,Online,Electronics,TR,8,0.0781397706164959,0.003639615711718,0
132,73,148.5710932408103,ATM,Grocery,US,11,0.060408509825959,0.1924282819745819,0
6479,329,103.40662778496744,Online,Travel,TR,15,0.0962717368564809,0.2010022044145545,0
7964,90,94.90673241786918,QR,Grocery,FR,23,0.1456167353518059,0.0113172559575194,0
789,908,60.49149345707586,Online,Grocery,UK,19,0.0361484569879609,0.0548052274830536,0
9410,538,99.1129082742811,QR,Electronics,UK,9,0.1557465365758324,0.2192903388287637,0
3668,613,129.7349264990406,ATM,Clothing,US,9,0.1078260756118463,0.268957791943364,0
1497,412,143.14380869498706,ATM,Grocery,TR,9,0.0416425525248663,0.0858123608289262,0
4628,31,57.008726460605246,QR,Clothing,UK,8,0.227004889091201,0.1343730359182351,0
4931,734,84.61552817465491,POS,Travel,TR,19,0.2916830869403282,0.199697296961986,0
8823,652,142.12962213444078,Online,Travel,US,13,0.1666833237014962,0.0932145064738241,0
5927,826,210.2425361039076,ATM,Travel,DE,14,0.0409706140277092,0.0636341482745946,0
9459,813,56.82369684776638,POS,Travel,UK,23,0.2027415655411249,0.2242767388262835,0
5096,835,204.78451649801823,Online,Travel,TR,12,0.2614223594891579,0.2789091570429331,0
5684,462,201.12434530002903,QR,Electronics,TR,18,0.1572870536308232,0.0753136385760925,0
2178,524,143.42221552979657,ATM,Grocery,FR,17,0.1411963565364624,0.125389071122395,0
6352,758,89.77618352877496,QR,Grocery,FR,8,0.2421032031989901,0.1019274150649184,0
2180,638,75.79264345563948,ATM,Grocery,TR,15,0.0107287080138294,0.2450874171810111,0
7437,8,151.07474932037195,Online,Travel,US,14,0.0560874869444877,0.2625188137321124,0
2705,662,74.70485298038177,ATM,Food,TR,10,0.0253157045130457,0.1644549253512554,0
7066,495,155.76252466408903,POS,Grocery,DE,16,0.2081481855611322,0.2487381696441026,0
257,539,107.06525620524052,QR,Food,UK,8,0.2886757687278548,0.1736002501630444,0
122,786,167.87306828416496,QR,Electronics,UK,8,0.1479438278737678,0.0083708841227929,0
4332,673,111.94566202206936,POS,Clothing,US,19,0.1326061694562082,0.1425074402182232,0
2143,421,65.14776493202888,QR,Grocery,US,7,0.0694144010521297,0.0205603451155712,0
946,427,120.63325115909107,QR,Clothing,DE,16,0.209077521050487,0.0111533180797641,0
9257,958,26.401036148528547,POS,Grocery,TR,14,0.1681401868578975,0.2697305045007642,0
3825,84,75.48507948697092,Online,Travel,TR,11,0.1548425499268194,0.0976849885123308,0
268,891,111.26292267475492,Online,Electronics,US,7,0.2465477379475098,0.1537760969739815,0
6956,841,63.65307012139862,Online,Travel,UK,9,0.2101920217455836,0.0123289154051897,0
7665,632,170.10909369006953,POS,Travel,FR,12,0.2360438046401766,0.0814653320233921,0
2070,270,83.4002770559962,POS,Clothing,FR,13,0.2018224514699245,0.1311218634724117,0
4320,712,116.33447326708529,POS,Travel,FR,22,0.2727349958947743,0.1729415639679218,0
385,824,129.12725272515883,POS,Food,TR,16,0.2339329220448484,0.1085386476876245,0
3682,951,89.73537029743034,POS,Electronics,TR,17,0.2743673989941969,0.1987932806215759,0
1195,829,25.63200416371285,QR,Food,UK,16,0.2040310632853705,0.2860215768173902,0
829,650,83.75581890041306,POS,Grocery,FR,6,0.1008888801622981,0.1292860915772817,0
5954,564,154.99416367767344,Online,Grocery,TR,15,0.1056131881494319,0.2048677066658835,0
7862,537,79.1891190050338,POS,Electronics,DE,11,0.2108669899037992,0.1406856049728803,0
4720,204,94.51870747561422,ATM,Electronics,DE,20,0.0052972686156318,0.1992580977235451,0
5955,910,95.29126076353504,ATM,Clothing,UK,10,0.1559956678088635,0.2141753869386128,0
8763,309,161.68936384798025,Online,Clothing,FR,11,0.2314894776504741,0.2284177502698176,0
4825,815,5.001954091652877,Online,Grocery,DE,15,0.0853811078501072,0.064146929826966,0
9018,434,83.41261039500309,POS,Food,FR,14,0.0782720819960031,0.0475254648620841,0
267,872,76.18011196992424,Online,Food,UK,16,0.1034374589389226,0.1193559635076416,0
3251,962,51.63594448526882,Online,Clothing,TR,22,0.1162797843560175,0.053450520629538,0
8160,565,151.25316480255592,ATM,Grocery,FR,23,0.1115030022230804,0.0873408439858535,0
9549,984,3788.538668785971,ATM,Travel,NG,4,0.7900737725377205,0.7369173075034156,1
2052,824,75.47381737342134,QR,Food,DE,14,0.0828862436970557,0.0930971924545704,0
8366,851,61.77265474462443,QR,Clothing,US,11,0.0336748979190088,0.2537732168814013,0
1284,753,164.5352757656065,Online,Clothing,UK,17,0.277953000235542,0.1923163467899368,0
8110,375,130.9463806797619,Online,Travel,UK,15,0.0723866464381323,0.1157128293624452,0
8125,81,170.1290708521534,ATM,Electronics,TR,6,0.0503804263368111,0.1667075211188741,0
4091,182,1.0,Online,Food,UK,16,0.2701442116648751,0.1179106031008573,0
8544,329,157.7764888178729,ATM,Grocery,US,18,0.1257890318089836,0.2166472826179211,0
2441,725,143.41058091927778,ATM,Electronics,US,20,0.0116829296175599,0.2461025408404013,0
2814,902,43.16795582663809,POS,Electronics,TR,20,0.2358438402235107,0.0488036539951111,0
975,900,149.6478565226482,Online,Food,FR,7,0.11975464294252,0.1790644862631906,0
5589,722,74.998066172536,ATM,Food,FR,22,0.1256289649685603,0.1216446712851566,0
5434,690,64.04832020187536,ATM,Travel,TR,7,0.0621578959805861,0.096866809305325,0
6415,707,146.24912604329006,ATM,Electronics,UK,17,0.0333219233498864,0.2740654949359892,0
5193,495,34.5288850199338,ATM,Grocery,UK,14,0.2052761866038382,0.2839361531198988,0
1906,659,137.66922299923462,POS,Electronics,UK,8,0.2171401247421003,0.0677893489528031,0
1449,281,151.87305517544863,ATM,Travel,FR,7,0.1232912403102108,0.2343590341020756,0
6402,101,70.62839928555027,ATM,Travel,FR,13,0.2326133536540638,0.137752362684499,0
1306,195,16.894264322427972,Online,Food,FR,12,0.2819285346456003,0.2685892655560069,0
3873,295,122.41587812150786,QR,Food,UK,11,0.1242779261098628,0.2703854859872334,0
9606,412,2389.6976620888818,Online,Clothing,FR,19,0.9931622860971135,0.7833344280605646,1
3142,205,83.34228339613519,POS,Clothing,FR,7,0.2142133725959595,0.1231668408197996,0
7605,253,111.73741892040914,POS,Food,DE,19,0.2326370186256308,0.1829128104121264,0
7922,771,21.03140462312324,QR,Grocery,UK,12,0.0270879513693409,0.2952427814767255,0
8633,515,219.5267738572929,ATM,Clothing,US,9,0.1103927517046894,0.0657560513628556,0
8141,791,85.22418533722409,Online,Clothing,UK,23,0.2467265083718966,0.0319011631501315,0
8571,309,135.25498684523686,ATM,Food,UK,14,0.0872492300513032,0.0237158148973021,0
4674,351,84.57305143554804,Online,Electronics,DE,10,0.2324992270305248,0.1278220269781528,0
7339,431,145.87996351298148,QR,Travel,DE,19,0.0844302663676604,0.1766805019158224,0
7365,622,78.41257373045642,POS,Food,UK,16,0.2123101133481833,0.2111003577240188,0
8765,291,101.20105138749224,ATM,Grocery,US,8,0.0464922473369272,0.037475461930787,0
6540,274,43.89237924457372,QR,Food,US,9,0.2424441299123835,0.1868980408331622,0
6899,774,187.02606149186963,QR,Grocery,TR,9,0.1072773845668885,0.1042595304948006,0
4498,53,199.0775125024468,ATM,Clothing,TR,8,0.1658372744447148,0.0177534789365388,0
8636,76,126.40792608558417,ATM,Electronics,DE,21,0.2425679443668602,0.0499818916337709,0
5222,836,181.1971743508134,POS,Food,DE,8,0.1683954096759375,0.18825433756127,0
5057,575,163.2481779885829,Online,Grocery,DE,21,0.264739095626281,0.064024720208674,0
4375,972,186.26428284846725,ATM,Travel,US,23,0.011830398692676,0.0776937076807666,0
3628,122,67.22969801976961,POS,Electronics,TR,14,0.056390221784507,0.0217427235998288,0
2805,737,11.775551517154796,Online,Travel,UK,13,0.0304937033501861,0.0575394428949659,0
5454,444,16.53547350277657,POS,Food,DE,15,0.1970775281918209,0.1423141091527603,0
695,699,12.98160871927574,ATM,Clothing,FR,12,0.0424063997656397,0.0169968912395396,0
6649,250,97.94761046801165,Online,Electronics,TR,14,0.2178386871604181,0.1484215158568169,0
4718,619,163.62703162927505,Online,Electronics,UK,8,0.1461390076964117,0.1397893308397225,0
8068,699,127.92422603896166,Online,Clothing,US,21,0.0918952805594113,0.2904844082409665,0
4585,412,147.20210740745424,QR,Electronics,FR,17,0.2971688122038654,0.0017450678258565,0
7598,406,54.94299743990649,ATM,Grocery,DE,20,0.0110016654180453,0.1259407508535749,0
7144,845,99.31685383300412,QR,Clothing,US,8,0.0505771554132963,0.0106327348317165,0
9398,87,141.04887809124585,ATM,Food,FR,21,0.0383067827148956,0.2229688532673233,0
5361,959,125.1105022853504,POS,Food,DE,14,0.1535386173187402,0.053550965968565,0
5445,48,115.45418087272286,POS,Grocery,UK,20,0.037384935199462,0.1544388181477889,0
3134,313,136.82068722680066,ATM,Clothing,FR,6,0.1177676392833821,0.0119404611846893,0
1503,782,135.19404639121288,POS,Grocery,FR,23,0.1075346319601294,0.0829742189493366,0
318,649,49.80751364845574,Online,Travel,UK,11,0.0799665292948582,0.2924305336087371,0
1127,136,115.18021356418598,POS,Electronics,TR,19,0.0645831831815167,0.2612943658221671,0
9770,595,1815.9447705467887,Online,Travel,NG,20,0.8463364922981033,0.9585565492510172,1
8015,248,86.91682078846121,Online,Travel,TR,18,0.2276475273533384,0.2316069945083542,0
5463,652,215.736615227046,POS,Food,TR,19,0.1359194958815157,0.1287912056125614,0
6874,879,150.41772468470066,QR,Clothing,DE,17,0.2074220072764213,0.1916467883159571,0
6582,132,144.7998605206817,Online,Clothing,TR,18,0.1764230776822026,0.2471415455231573,0
1265,697,133.68181828543115,ATM,Travel,DE,14,0.1087071936816965,0.0234330201587577,0
7259,189,88.53474562337506,POS,Food,FR,11,0.1616649956829277,0.2091482205424599,0
9567,877,5182.568534644238,QR,Electronics,DE,4,0.9708418058474938,0.8305854325339748,1
9966,339,22.168429062989272,Online,Travel,US,5,0.8711477200669329,0.9401450551885592,1
9874,717,10.0,ATM,Clothing,TR,9,0.9051320315370834,0.8540388382446393,1
93,12,123.4789448449196,POS,Travel,FR,18,0.0121101363575298,0.1301587491646003,0
3954,20,22.9355669549021,POS,Travel,US,11,0.1534004441439558,0.1182421877765939,0
8046,778,108.91549781578468,Online,Food,US,8,0.1881924225076683,0.1966168267499812,0
9468,739,50.13743827714536,POS,Clothing,US,12,0.1116919021400359,0.2071592207282108,0
227,905,202.6570091870604,ATM,Travel,UK,13,0.1213710542961538,0.2355053779544876,0
1450,16,148.39868721371676,Online,Food,FR,11,0.1580678569715654,0.1846733008073564,0
6699,98,51.41159711300533,QR,Clothing,DE,15,0.1276810505521773,0.0289901705971883,0
8983,57,122.53171699634032,QR,Food,US,12,0.1953440491405333,0.0534101046834538,0
4611,669,137.42411471918209,POS,Electronics,US,21,0.0926588438765233,0.1797976932256667,0
2024,641,94.12007736709342,ATM,Travel,TR,14,0.1462351669313813,0.0297115121827917,0
4605,517,182.16356638429676,ATM,Travel,UK,12,0.0275448227087348,0.1586663216196511,0
1576,47,128.1119529879133,ATM,Food,DE,11,0.0375703971296246,0.1404612745629407,0
1444,316,99.45421594632754,Online,Electronics,FR,22,0.1410256221932724,0.1233929255635997,0
8818,704,153.44802904923344,ATM,Food,US,8,0.2501844125930052,0.279225646218365,0
2504,448,88.73023589188384,QR,Food,UK,6,0.1117496544181663,0.1250137501903878,0
1298,620,188.4668661700312,QR,Travel,FR,21,0.0057092904242641,0.2901536351030599,0
5467,220,94.45802314036357,POS,Food,FR,20,0.2249208174751068,0.0455376116520447,0
765,356,1.0,ATM,Grocery,US,6,0.0635857518590687,0.2397222996941054,0
9637,560,1148.3781142450566,POS,Travel,DE,19,0.9457090365115758,0.8356164711703118,1
7752,871,119.38906046811935,ATM,Food,FR,23,0.1984548749938625,0.2573653706610793,0
1600,91,170.36498532672942,ATM,Clothing,UK,23,0.1280621985834543,0.0834264424785343,0
6822,680,98.76754653281682,QR,Clothing,FR,15,0.2498671300551873,0.1560104789199821,0
8017,804,205.61966641572133,Online,Travel,UK,18,0.0730116346795879,0.2058472680239537,0
3383,633,48.39971718338132,Online,Travel,UK,23,0.1055332099302282,0.0495202487117643,0
1065,668,117.55262404773394,Online,Clothing,US,16,0.2928247122704497,0.253666714287505,0
5183,576,137.22648041507014,Online,Travel,US,10,0.1659780880834647,0.1768875273658749,0
6252,868,78.45200466499233,ATM,Grocery,DE,20,0.2110815181734873,0.0692257423530184,0
6734,767,94.37197354269108,Online,Electronics,DE,19,0.1828547123428058,0.2200391038381674,0
1307,139,130.98315590812123,QR,Clothing,FR,21,0.2984396324512006,0.1371294121401042,0
7094,601,116.23511917753612,POS,Clothing,FR,12,0.201611701883057,0.1072586597285315,0
110,230,112.68533597459066,Online,Clothing,UK,21,0.0137316847441866,0.0928268822064131,0
4619,626,69.35052555332271,QR,Clothing,TR,7,0.2525569554150857,0.1934133026064214,0
4346,131,99.22645776164772,ATM,Travel,US,9,0.1953801578754673,0.0643875218947914,0
4531,80,67.41565406543985,POS,Electronics,DE,6,0.1746228540535154,0.0832340652442423,0
4095,869,48.26151109732169,QR,Clothing,UK,16,0.1547582937898413,0.1295117392899719,0
9167,985,111.00155020346963,Online,Grocery,FR,16,0.2531902591776445,0.2122760001756932,0
3625,782,83.33425027459981,ATM,Travel,UK,18,0.1145512589711302,0.0188528075182971,0
4477,939,35.7857090785275,Online,Food,DE,22,0.1426567678784811,0.2726319851478322,0
3029,385,139.72491453781552,QR,Grocery,TR,16,0.050079537194917,0.1179081379609986,0
1828,920,126.62321538943476,QR,Travel,UK,20,0.0702189664693678,0.2021406806081731,0
7983,702,128.78983564454663,QR,Food,FR,14,0.1931296378605494,0.1224911054192529,0
2906,20,105.90079820539528,POS,Food,FR,22,0.0108584559992276,0.160513923311363,0
4516,107,60.175969075081895,ATM,Grocery,UK,19,0.2687754054753608,0.298253438435851,0
8990,667,71.30322936586086,QR,Food,UK,21,0.017126872690682,0.2582021705682624,0
599,155,17.551208105434853,POS,Electronics,FR,7,0.0124694195551514,0.1750715829203944,0
3999,937,92.59892467326526,POS,Travel,FR,14,0.128210823927491,0.1589841822915255,0
2693,229,68.82204723504299,Online,Electronics,UK,12,0.0190104741721028,0.2553760662800999,0
316,117,101.61271145304784,ATM,Grocery,TR,23,0.1650491481063993,0.0232553733135172,0
8829,299,170.56484329798195,POS,Grocery,FR,23,0.2772601253354709,0.1427234341462072,0
5625,957,61.57866592369975,ATM,Clothing,TR,23,0.1717838293558297,0.0784330309158271,0
4051,747,178.99334778027537,POS,Travel,UK,11,0.0677916175877751,0.2815899940810297,0
7072,395,83.37633737442036,ATM,Electronics,FR,15,0.1624171154192671,0.1112634833916798,0
6971,271,130.00326631761806,POS,Travel,TR,17,0.2393568278453068,0.0017732461490863,0
416,609,188.3512247197931,POS,Clothing,FR,7,0.1409993858285456,0.0466971103357995,0
9650,663,10.0,Online,Travel,NG,17,0.8003417580186527,0.7281952865331073,1
8989,294,67.70937736209996,ATM,Food,DE,15,0.0357842079231206,0.084067231503097,0
5199,460,55.92293639630835,ATM,Travel,US,17,0.1299696634413134,0.0732943971472655,0
5742,331,52.5479854392217,Online,Grocery,US,10,0.047178008565128,0.1042164860138962,0
2014,222,154.29914472226628,Online,Grocery,UK,9,0.0200847077493774,0.2717417135115095,0
2953,387,125.72380352658746,POS,Electronics,UK,23,0.1378034653503706,0.240496965048533,0
5909,681,13.829778964307025,ATM,Grocery,DE,10,0.2363146194122404,0.2857871752141074,0
8479,325,145.77267605386822,Online,Electronics,UK,15,0.1561503193012006,0.0378166809537412,0
7478,717,131.23710132407524,QR,Food,UK,23,0.1043315310709091,0.0149964283390611,0
1775,432,63.12220176765139,POS,Electronics,TR,20,0.1327733909053325,0.2031898384311551,0
9555,276,10.0,POS,Grocery,DE,1,0.7578468011300183,0.9567521031619484,1
800,205,1.0,QR,Grocery,TR,11,0.1167138405617369,0.0386116863891517,0
5911,687,116.57999771395303,Online,Travel,TR,21,0.2831174015282733,0.0226156918666932,0
4573,847,123.16122280000673,QR,Travel,TR,18,0.0659222046315196,0.1491405233115335,0
8363,316,20.691556652956663,ATM,Electronics,DE,12,0.2985862140672423,0.2704481594719486,0
3827,488,86.46866267298712,ATM,Grocery,TR,15,0.293554905576256,0.2746740554730385,0
7128,905,64.99335235250454,POS,Travel,US,13,0.2565081011100581,0.0765282191373023,0
4897,386,211.4819716711599,ATM,Electronics,TR,8,0.2935058950713984,0.2320046418586153,0
741,535,45.50782074897622,ATM,Clothing,US,7,0.2075191107419588,0.2660837761361701,0
6998,965,106.19541228180348,ATM,Food,FR,14,0.0702664620103445,0.1199297379380002,0
5969,893,34.785566884862774,POS,Travel,US,7,0.2050714831730702,0.2985987019325487,0
8190,966,61.9006676939584,ATM,Travel,UK,15,0.0484410688878018,0.2081303980469368,0
9162,549,142.42480344500305,ATM,Electronics,US,7,0.1840934497639713,0.1585734861502116,0
6372,8,55.46998005739322,QR,Travel,US,8,0.1280696931571565,0.1982810832781153,0
747,470,98.26672151311966,QR,Food,FR,22,0.1490304107029966,0.0338459577093744,0
6011,491,75.50050255593591,QR,Food,UK,8,0.1711778995800309,0.0742679560246696,0
6029,48,15.61475687870923,Online,Electronics,FR,12,0.2121228833213507,0.1185899689926052,0
6387,259,106.3784116526956,QR,Electronics,TR,17,0.1069105711687084,0.0452965862107424,0
9381,169,93.94963983785584,QR,Food,UK,22,0.1598642655604598,0.082613332079374,0
1861,971,183.59814800366377,QR,Food,TR,6,0.2386752955925368,0.2189846790399374,0
673,900,132.96540597556637,QR,Electronics,DE,17,0.2856154046645396,0.1421362247018603,0
4474,886,98.10501688907176,ATM,Electronics,TR,18,0.163919985239644,0.1681760329013755,0
4776,463,106.27726396498817,ATM,Travel,US,18,0.2444039315998172,0.1376720702296485,0
3705,140,186.1836450845977,QR,Travel,UK,23,0.1581239153837767,0.0834502973982177,0
1606,441,133.58712410959365,POS,Clothing,TR,10,0.0631121511623711,0.2519178423181966,0
1742,798,159.19095292553882,QR,Clothing,TR,20,0.2716022761425832,0.214636669518504,0
7067,998,85.30023956982157,Online,Clothing,FR,7,0.0879320932802321,0.1563835227632525,0
9325,460,108.12492551245444,QR,Electronics,FR,7,0.2588233859012271,0.0463861631603292,0
8511,995,114.12252446326195,ATM,Grocery,US,23,0.2347940450636018,0.1509364304345692,0
8464,824,43.907557782593145,QR,Electronics,TR,10,0.2971799157081438,0.1244451056426441,0
6728,231,166.87110207863614,QR,Electronics,FR,13,0.2857393564522949,0.2990049822400057,0
4627,552,50.27203768342643,ATM,Electronics,UK,19,0.1929046584162604,0.1835875184136343,0
5535,200,135.58108670920865,POS,Grocery,FR,8,0.0127843168641337,0.1493393368522066,0
9822,15,4150.148652837319,Online,Electronics,DE,8,0.7637725250741909,0.8523199269514802,1
9183,761,35.35093238824062,ATM,Travel,UK,17,0.2545299317439266,0.1706503529848974,0
9837,797,10.0,POS,Clothing,NG,2,0.816458659035483,0.7760935246596885,1
7033,23,148.00819484028034,Online,Grocery,DE,13,0.2166061741603221,0.2625223624324195,0
3684,984,79.11052754604674,POS,Electronics,FR,22,0.0675596832170025,0.0400241766787543,0
5557,18,35.53128210550753,POS,Grocery,US,11,0.2902642347001413,0.1593335965868663,0
5460,483,34.610004662346185,POS,Food,US,12,0.0725780739689167,0.2633559902679825,0
1729,263,55.3529015935169,POS,Clothing,FR,12,0.0161881974123978,0.1282031777977524,0
496,121,92.39545569266006,Online,Food,FR,17,0.085861722418662,0.1375973579873201,0
1822,899,75.28471993568226,ATM,Clothing,US,15,0.2644844707697669,0.175669044049116,0
8542,104,80.34740520606263,POS,Electronics,TR,14,0.248766171721242,0.2835015430016032,0
1459,816,105.01282435225798,POS,Clothing,US,18,0.2868040230340817,0.0548093612326604,0
5499,709,151.23199124153578,POS,Grocery,UK,16,0.0825000673092912,0.0037287177049762,0
7357,737,106.65678231249528,Online,Food,US,10,0.0629688698915252,0.1689576835196082,0
1589,313,89.83417330851354,QR,Clothing,US,18,0.2932973956917977,0.2860028959915145,0
5154,328,27.868216449340963,Online,Grocery,FR,23,0.1983572661939184,0.0723363968362744,0
1977,905,98.18116881702478,QR,Food,US,8,0.0488129773639899,0.1122737159717048,0
5561,465,83.48814444878766,QR,Clothing,UK,17,0.1257580034160791,0.2344934434625342,0
3045,489,104.38905999249188,Online,Electronics,TR,7,0.2678793034985257,0.2843276664568749,0
2055,180,125.95347696861104,QR,Clothing,UK,16,0.1325066526643832,0.1718042749652003,0
7700,241,43.68148019275073,Online,Grocery,TR,8,0.0018716342950176,0.0504876469121431,0
3378,74,125.45230693370335,ATM,Electronics,US,12,0.135230362214535,0.0177335939069051,0
9385,138,122.55218168729456,POS,Travel,FR,7,0.2514403464342266,0.0187680778358732,0
1927,943,25.927651017360446,ATM,Electronics,US,23,0.2849727978892778,0.1646487321274717,0
771,933,37.88753842654386,POS,Travel,FR,20,0.1249618469536385,0.1377302204395702,0
8671,151,160.77443608123917,Online,Grocery,FR,12,0.006475431796589,0.1001528122259899,0
32,578,6.55984708587647,ATM,Electronics,FR,8,0.0657446334153782,0.1625609265702731,0
9369,443,109.48888069631924,Online,Travel,US,17,0.1396593582203862,0.1782079751503475,0
2076,848,71.78059506471384,POS,Grocery,UK,14,0.1482804654880169,0.2754717961268466,0
5131,587,43.77982521298638,POS,Clothing,DE,20,0.1721451712192385,0.1715305806477583,0
2723,607,100.3010567908346,POS,Travel,TR,16,0.013773549614964,0.0417672801926224,0
919,901,21.031715031849917,ATM,Food,UK,16,0.10945630475887,0.180991711211487,0
4694,151,145.28229516518982,ATM,Grocery,US,19,0.0668276614385347,0.0908514076961612,0
610,455,68.55510229788115,ATM,Electronics,US,17,0.0574721476455269,0.1225327545812352,0
9227,614,1.0,Online,Electronics,UK,9,0.0267921009289165,0.1261595902868418,0
2552,404,118.68874374511198,QR,Food,DE,9,0.1403144880007283,0.1221239196193532,0
2742,848,100.0731427406895,ATM,Food,FR,17,0.1600587558010013,0.2539292534596825,0
2241,627,68.66038752199711,POS,Food,US,21,0.246708194496803,0.0543232054346361,0
3057,677,133.8052464647416,QR,Clothing,UK,8,0.244880840813184,0.0431256567650275,0
2315,148,90.9583307800574,ATM,Food,FR,11,0.0550760024720055,0.1099673885899129,0
8954,639,99.3108294006635,Online,Clothing,DE,9,0.0217416463840829,0.2542630657793533,0
4657,100,39.89158164128301,QR,Travel,US,11,0.2351460834838088,0.1023120920315858,0
1868,429,1.0,ATM,Grocery,TR,14,0.0526898308975065,0.1231291875889555,0
7599,507,63.73572606114518,QR,Electronics,US,12,0.1551769140258875,0.1046322740689917,0
9020,217,164.14237765230104,POS,Food,US,23,0.0466452310562185,0.0395678363610609,0
8981,30,54.245812469456666,Online,Grocery,FR,9,0.1289591996982128,0.1519060238769151,0
6755,355,123.53924871976218,POS,Travel,DE,11,0.0512843768765597,0.1740334960210648,0
7585,976,146.33542365048572,ATM,Food,UK,13,0.1786021284909207,0.2545625770428664,0
7808,451,42.72112322826225,POS,Food,UK,11,0.2579620571887999,0.0048462696786145,0
6736,303,120.66731443441012,Online,Food,FR,17,0.0937227590856812,0.2535704927488249,0
5903,477,1.0,ATM,Electronics,TR,21,0.1999745170479559,0.208415875360323,0
5897,998,180.4444046706569,POS,Food,DE,19,0.0042249962347015,0.0810159634991991,0
6094,248,157.92717256338904,Online,Electronics,US,20,0.0346570808532764,0.0685216689579147,0
9801,40,650.4209678082018,QR,Electronics,FR,4,0.783663907298616,0.7571977147140382,1
9696,720,22.168429062989272,QR,Food,FR,20,0.7806590617363476,0.914658081608408,1
207,140,85.4255289373324,QR,Travel,UK,11,0.2937159492643729,0.2756686961402549,0
5389,667,62.160779062615454,POS,Grocery,US,8,0.1508750730892026,0.0820183088339737,0
9504,167,1783.6499873776293,QR,Clothing,UK,5,0.9319152150322176,0.8783026495349175,1
9409,818,105.3949849133718,Online,Grocery,UK,14,0.1910650946060985,0.0325972430227448,0
9245,717,1.4544455670157106,QR,Electronics,TR,23,0.0277160599677716,0.220482861995553,0
7840,705,49.82067659192791,POS,Clothing,FR,20,0.0915194091376392,0.1481219231511153,0
8040,315,173.36910052677462,Online,Electronics,DE,10,0.2785925026389103,0.1945209340294162,0
4704,81,144.39494094668575,POS,Grocery,DE,14,0.1191876303944128,0.1129280106706472,0
6450,514,26.034612690830528,Online,Electronics,UK,22,0.0848287682744499,0.2530312169405806,0
4196,164,49.29193673725163,Online,Electronics,US,16,0.217304513358799,0.145287697496813,0
749,247,129.62776539643843,QR,Travel,FR,12,0.2367060861269561,0.2138023318691077,0
8924,383,115.47299980017276,ATM,Travel,UK,9,0.2455626135516413,0.0404125824697421,0
1015,476,95.58742686343564,ATM,Food,DE,12,0.2610287429958126,0.2330873966804878,0
4446,988,117.2466921261306,Online,Food,TR,6,0.1725904961266597,0.1691368254832141,0
8115,147,54.372999128971344,POS,Travel,DE,22,0.2660557000961449,0.1675729201913632,0
9436,670,50.23252078269218,QR,Food,UK,11,0.2969843246909409,0.0733607458203148,0
6008,897,1.0,POS,Grocery,FR,10,0.2101310269704693,0.2279747280751752,0
1371,44,60.92477683630283,POS,Food,DE,7,0.2161537946387892,0.07086728408173,0
912,700,170.61903355463505,Online,Food,TR,18,0.2180107395347691,0.1321574347547663,0
8847,605,103.96384577183854,QR,Food,DE,9,0.1362522213268819,0.0502042820637294,0
4783,133,90.17053015278344,Online,Clothing,UK,8,0.0854049053367349,0.0685018987735048,0
1117,609,79.66656404807782,ATM,Clothing,US,11,0.2417335503986002,0.0682487901032436,0
5491,693,55.62922911515837,Online,Electronics,US,19,0.2348742767938707,0.1615612500603848,0
3995,769,60.98557327886136,Online,Food,US,20,0.1655235698775786,0.198132589415043,0
2239,935,76.17599347742845,Online,Clothing,FR,6,0.2619497590052136,0.0387938015977109,0
242,792,188.3025152026144,QR,Electronics,US,18,0.045498563618052,0.0795315614020185,0
9793,298,3238.2810780519576,POS,Travel,US,4,0.9145567473652434,0.7946951835262228,1
1860,615,110.98207933085074,Online,Food,US,22,0.2537571202396205,0.0495551145564454,0
9579,264,10.0,Online,Clothing,FR,10,0.9234957054784152,0.8632750856542785,1
54,534,32.001540494041265,POS,Electronics,DE,23,0.2703323001694689,0.0080115815647435,0
8371,591,154.2080508477433,ATM,Electronics,DE,12,0.2848940988549137,0.0763673606730214,0
9448,925,130.43281693170667,ATM,Travel,US,9,0.1323782436920287,0.2858341781065397,0
2035,265,40.85922488478555,ATM,Food,US,12,0.1281280322697423,0.1118779270628991,0
9798,800,1054.704771298664,POS,Clothing,TR,4,0.8865573089093187,0.7670748123209837,1
1675,780,97.16939563677715,QR,Electronics,DE,11,0.008047373173451,0.0856061209155056,0
3815,443,103.88837344862648,Online,Grocery,US,11,0.1638058710154478,0.1618295972967068,0
8836,639,46.20670372555168,QR,Electronics,UK,18,0.2647885432457538,0.1274175756607314,0
2885,612,94.0792447641936,Online,Grocery,DE,10,0.178709507785006,0.2814079752176106,0
3538,937,182.13629536989836,Online,Clothing,US,14,0.0416811827648811,0.1401506914387735,0
95,110,104.68666515869266,Online,Grocery,US,23,0.1438085290666309,0.0609395685403743,0
5333,897,205.6259645481401,ATM,Electronics,UK,6,0.1597051031857738,0.1669521214521397,0
3985,610,44.91590600356595,POS,Electronics,UK,16,0.1049207816873869,0.228033676814144,0
5148,203,184.8395549370144,Online,Electronics,UK,15,0.1641499153822326,0.0558278629753751,0
6557,681,16.68885995806913,POS,Clothing,TR,12,0.1006900174200849,0.0960665139484029,0
4438,981,86.39228111803808,POS,Travel,US,6,0.155304749091074,0.2849099008418001,0
3856,679,128.14199981608022,POS,Travel,TR,16,0.0523466247300074,0.063826900212093,0
1845,342,61.56408697408173,ATM,Clothing,US,8,0.2619270531594795,0.1659743119106161,0
6172,81,177.1769465690399,ATM,Grocery,US,23,0.2103429086989414,0.0297031190775604,0
9958,894,132.4883478790274,Online,Clothing,NG,8,0.9444376553514614,0.9310437460082442,1
7882,454,33.42091693211664,POS,Food,TR,13,0.0933219536545057,0.2668477383744814,0
3454,515,78.822833330461,ATM,Food,US,9,0.1425192513918507,0.2259204476168536,0
6053,258,65.08888838307519,POS,Electronics,FR,11,0.145435860378998,0.2927562038030786,0
6420,51,4.730716605351688,ATM,Food,TR,21,0.2660595203486369,0.2102792947282162,0
5014,919,169.85052774932612,QR,Travel,UK,19,0.2040347687770759,0.2125677676373203,0
3015,305,103.43984391698449,POS,Electronics,FR,21,0.1845492732596437,0.174300795546304,0
2946,115,181.4313848940621,POS,Electronics,DE,22,0.1418340137322177,0.1561965379748989,0
1839,887,177.22210494371328,POS,Travel,TR,19,0.0958145667465893,0.2358937488588386,0
3285,684,129.9077623732353,ATM,Grocery,DE,11,0.0930175113140867,0.2176098027800311,0
4261,348,83.29553964523845,QR,Clothing,FR,14,0.2174988776820616,0.0325813937237316,0
6050,256,128.4950698221321,QR,Food,TR,6,0.127815568556561,0.2896829519155658,0
5654,712,70.682959934997,POS,Electronics,DE,18,0.1364951027184034,0.1090820851983355,0
5913,81,156.19494334456695,QR,Clothing,UK,15,0.0589809528044447,0.2062872436913264,0
5850,578,117.66583536258467,Online,Clothing,UK,16,0.1989099701132547,0.2374917191828318,0
3596,84,46.77672304501892,POS,Clothing,UK,16,0.1696261967247652,0.0775893030620788,0
4540,437,77.74713280563735,POS,Grocery,DE,23,0.2586031561259252,0.0349279158721714,0
4900,528,162.73724186688267,QR,Clothing,UK,13,0.0043775447749898,0.2922230831050691,0
8086,814,52.84268610112489,ATM,Food,FR,17,0.0275954661316481,0.2723613534350538,0
8037,738,97.58958071787195,ATM,Grocery,DE,13,0.1565407018839534,0.27593843942777,0
5943,127,124.73927176650491,ATM,Electronics,US,16,0.0043193529464663,0.2095184478601236,0
6067,89,96.78136919929705,POS,Food,DE,22,0.2295380497877958,0.0848332581389738,0
6073,906,76.97122167628727,ATM,Grocery,DE,21,0.278590829136123,0.0521483152574383,0
7575,479,78.85358274986356,QR,Travel,TR,10,0.0656478495811025,0.2431596078086906,0
984,845,155.9091508575354,Online,Electronics,TR,11,0.0644220448580667,0.0728117339796133,0
5938,861,25.911607551320856,POS,Food,DE,15,0.1340564014928269,0.0100627302252655,0
3560,486,138.8591136052411,POS,Clothing,UK,15,0.0066503200774277,0.2014535095676893,0
8024,599,1.0,QR,Food,FR,16,0.1501313796514025,0.2549720841097223,0
7414,674,87.99563400164001,Online,Grocery,US,14,0.2980001737974319,0.1932602353918411,0
82,656,204.57881848892745,ATM,Electronics,US,23,0.1442913207686053,0.2544327169625772,0
4280,600,130.43010819652946,POS,Food,UK,19,0.0286869856872747,0.0843306810608743,0
5630,879,59.78654752356656,ATM,Travel,DE,13,0.2462742716303072,0.29347899462164,0
7651,317,64.22872397116276,Online,Food,DE,23,0.2560141992987746,0.0862050914847499,0
2357,871,78.17169742851671,Online,Travel,UK,12,0.2166200914636417,0.0631888122875216,0
7267,643,1.0,Online,Food,FR,8,0.0918121105176422,0.0377106794297815,0
8751,856,159.2030807204241,Online,Clothing,FR,17,0.008236771082286,0.2534323391973389,0
7529,656,160.00707937632086,QR,Travel,US,19,0.2815372347097238,0.112139537939909,0
7951,386,57.506416429673614,ATM,Grocery,US,15,0.2467982270851582,0.2106400245053505,0
335,674,69.21312708953968,QR,Clothing,UK,6,0.0963245429167597,0.1505240888831543,0
6858,945,64.60945995016593,Online,Food,UK,19,0.1508751613107045,0.0063299836067884,0
6348,139,123.6886180929424,QR,Food,TR,23,0.1900366516657053,0.0696026733002507,0
3898,74,129.7205176978626,ATM,Electronics,US,22,0.1379791404071517,0.019094979557938,0
5322,445,99.12320456582736,Online,Food,FR,11,0.0861383441701993,0.1419275463391905,0
2944,549,192.8738604647865,Online,Travel,US,20,0.0963046158173847,0.1537109218100942,0
1912,720,49.15580072260776,QR,Travel,TR,8,0.1238501924768881,0.0393994218053259,0
2485,202,24.639571707188253,POS,Electronics,UK,15,0.1420722283970395,0.2209060097219036,0
7525,291,1.0,Online,Electronics,US,21,0.0965522163465776,0.2684385425977363,0
8466,841,121.68967025095046,ATM,Grocery,US,19,0.242556226414815,0.0421148595937194,0
6156,598,183.95123992519143,POS,Food,US,9,0.2319172373591287,0.0583992033671808,0
3018,720,148.4475326126085,QR,Clothing,UK,22,0.0434269174731246,0.0183311654511434,0
6521,277,89.06959337579394,POS,Travel,DE,19,0.1845800655715038,0.0441450598247575,0
1680,585,135.24307740978807,QR,Grocery,FR,12,0.1277119662182291,0.1717280591415039,0
4686,167,45.386091798440845,POS,Food,DE,23,0.1110288959886296,0.172677760618998,0
1705,607,139.40609023467312,QR,Clothing,DE,10,0.0913244323335162,0.0969492024633709,0
2211,496,42.80054993383141,QR,Grocery,FR,18,0.0097058028906271,0.2802170107441477,0
5250,100,150.12522274410193,QR,Clothing,FR,23,0.1719642669231598,0.0864758874371916,0
7093,58,104.4853631342502,Online,Travel,DE,6,0.0388877642905206,0.0377085880777132,0
748,180,136.44093188298183,POS,Electronics,US,15,0.1974150105032791,0.1533701612227176,0
8191,307,181.90277991854705,POS,Clothing,TR,7,0.0362315583306731,0.1234493431938986,0
9707,134,2980.0269343249624,QR,Clothing,US,2,0.8906650772885849,0.8111179783954015,1
8858,712,107.0029653058124,ATM,Electronics,TR,6,0.0364136706846519,0.0446245667078955,0
252,912,43.73675550961702,Online,Travel,UK,9,0.230395158723542,0.2495043818199031,0
4164,904,194.33607796287765,Online,Clothing,FR,8,0.2121227576009162,0.0203413759500682,0
7114,394,202.21619011873983,ATM,Grocery,FR,14,0.0214319912145446,0.0034509440001405,0
353,832,3.8842947273017217,Online,Food,DE,15,0.1458553577361919,0.1615955551703271,0
9061,887,144.45208858671828,POS,Food,DE,13,0.2770201563632067,0.2472131217994784,0
2865,140,123.54381283692165,Online,Food,US,8,0.003410637366036,0.2037100291629317,0
9451,485,19.862455625055404,POS,Food,DE,21,0.1581420741892278,0.1550486771836372,0
6104,803,73.95338198591082,QR,Electronics,UK,10,0.1161273284966109,0.2302106070224173,0
8182,252,33.70649556377596,QR,Electronics,FR,22,0.1234166314911592,0.0207262288707719,0
4751,642,113.91510257815888,ATM,Travel,FR,20,0.016661907982986,0.0976608599959442,0
5196,218,165.42370846000816,POS,Food,DE,13,0.2349351024503577,0.03362188345901,0
3389,790,19.901249381516024,Online,Electronics,DE,23,0.0222594965391038,0.1476797001945879,0
9229,9,91.58973546839428,Online,Grocery,TR,22,0.1812634340218947,0.2033972932907962,0
5118,409,128.1667751529453,ATM,Electronics,US,18,0.2560496265151467,0.2071299193305452,0
9200,243,47.92667775291844,ATM,Electronics,TR,6,0.2237061723768428,0.1573466191039912,0
4521,205,138.82074593192155,POS,Electronics,DE,11,0.2633000584393704,0.237680409681408,0
3063,443,22.78633394512224,Online,Travel,UK,6,0.2943895333856545,0.0172642409660938,0
5749,833,177.78559889581243,ATM,Grocery,FR,6,0.2823196511901666,0.2783929205205162,0
3153,147,48.79086797761328,ATM,Food,UK,6,0.1271487621778265,0.1424684355488035,0
6766,230,95.16957575715642,ATM,Clothing,DE,12,0.166154156629193,0.0486461168096679,0
1498,338,30.568899273250796,QR,Electronics,US,18,0.2096305983140791,0.1469618650552937,0
7953,274,118.67226777222196,POS,Food,UK,23,0.2499717404586446,0.2546893697470226,0
9991,632,10.0,POS,Food,FR,3,0.9314011110708432,0.8386559731838623,1
5042,937,208.46353675628416,Online,Travel,UK,8,0.1187227785233704,0.071103601587356,0
9483,426,185.67190045252863,Online,Food,UK,8,0.0009566518472445,0.1578374350526214,0
3109,922,131.85259198043792,ATM,Travel,US,11,0.1079535119208765,0.2444792737033625,0
2716,5,52.278845017904494,QR,Travel,FR,10,0.2950874824692518,0.1209386324162985,0
8132,291,85.86953662543871,ATM,Clothing,TR,8,0.1544713917869256,0.1914412403490999,0
8496,413,176.3506630612996,ATM,Food,FR,15,0.1070368909577427,0.2638999586097423,0
5513,322,139.10665071019716,QR,Electronics,UK,6,0.1203172681778122,0.127559139814218,0
4088,491,14.68695900151802,POS,Clothing,US,8,0.1433878930437553,0.2915634459279948,0
7355,224,127.98740137949514,POS,Food,FR,20,0.1386748989218172,0.2441529198692201,0
823,442,94.16180011092118,ATM,Food,TR,11,0.2502030063241643,0.1038010989292601,0
5264,521,172.83947255452534,QR,Food,DE,6,0.0841837131598621,0.0039696044662161,0
5033,755,51.260456120107975,Online,Grocery,TR,21,0.0890401246918216,0.2719882122229112,0
9537,640,10.0,QR,Clothing,NG,19,0.875728287470392,0.7455784547417288,1
8679,655,18.82064571825808,ATM,Travel,UK,8,0.0748770675669403,0.1873857222211285,0
5813,441,67.35490074107754,ATM,Travel,TR,21,0.2995131016362191,0.2575160153940179,0
1588,479,110.67805998446228,ATM,Grocery,TR,14,0.1146855631970519,0.1180969208548249,0
3807,844,26.888551373947635,QR,Food,UK,23,0.2579298852034841,0.0299728900845312,0
6948,325,159.9795074496703,ATM,Electronics,US,10,0.1846137452549206,0.0976462688323169,0
3860,49,137.35706160133014,QR,Food,UK,20,0.1345578309300081,0.0421026547580808,0
8397,521,38.04883698450685,POS,Electronics,US,20,0.039105397284271,0.2516729499922129,0
2130,119,66.78088542520156,QR,Electronics,DE,13,0.0380100474213388,0.2987303791367657,0
7662,414,53.826750172102365,POS,Grocery,UK,7,0.0708083359762211,0.2442187119483911,0
9055,179,182.03761291363787,QR,Food,US,21,0.1475142959480964,0.2931028708898308,0
7866,325,115.01904684789427,QR,Grocery,US,21,0.0076957439618683,0.257242712843628,0
2993,129,158.0839115661615,QR,Grocery,US,19,0.1330102362123084,0.1350852837313191,0
300,325,61.90621855141208,POS,Travel,TR,18,0.0189721336829538,0.1031400781061005,0
7884,152,162.68870089990466,QR,Clothing,DE,19,0.2122220476837851,0.0558173561630002,0
1972,762,210.9133496560433,Online,Grocery,FR,6,0.2476818163867394,0.0230440700013019,0
9464,335,121.44191489026406,QR,Travel,DE,12,0.2086880906812549,0.127200845732347,0
3210,189,129.72228020020572,ATM,Grocery,DE,17,0.2238187212705798,0.2445761860600892,0
1830,714,112.33443851680282,Online,Grocery,FR,20,0.0447026590787004,0.2548422254765901,0
6105,83,118.75950084711464,POS,Grocery,US,18,0.1564005737061895,0.0352053905317433,0
9663,877,1274.0181925796746,ATM,Clothing,FR,12,0.9242728184986704,0.9716739326069308,1
8537,949,152.43203545603217,ATM,Grocery,FR,23,0.2489552631753173,0.0104789980566366,0
3322,973,135.1005305764704,POS,Clothing,FR,16,0.1440289212593486,0.1547285641540104,0
8692,463,33.065862922724804,ATM,Electronics,UK,7,0.0610132198937916,0.2362890709099795,0
6826,818,49.87175750012221,Online,Clothing,UK,12,0.2454002332595279,0.0521199739712329,0
4590,662,188.04156699688667,QR,Travel,TR,18,0.223443090474832,0.2739567986403489,0
6839,993,175.26193447032068,ATM,Travel,TR,20,0.1007519289706506,0.1052753577631849,0
6494,396,68.9557880406368,ATM,Clothing,FR,6,0.0261019925063204,0.1997848337478906,0
5481,532,104.4178995578036,Online,Food,FR,6,0.1916519243195703,0.1057119919692751,0
7189,261,70.81525486190381,POS,Food,TR,18,0.0127263318097385,0.0828327932773629,0
5747,268,173.53812371603587,ATM,Grocery,UK,14,0.1659306530787038,0.1682480810562181,0
5128,697,36.64714489674665,QR,Travel,DE,15,0.0673738698102669,0.2794573502588358,0
3252,192,84.54858620914781,Online,Grocery,TR,13,0.194932208315072,0.1744298729638653,0
9235,760,128.11444589502054,Online,Food,FR,13,0.1263935630829924,0.0598140692966767,0
790,342,145.90157343399932,Online,Food,FR,12,0.1289611929800369,0.2422469210480689,0
4962,840,90.634581919598,ATM,Grocery,TR,15,0.2105811457744563,0.2109410495601425,0
6068,697,117.6975397188491,ATM,Electronics,US,19,0.134741016923878,0.2981655352217712,0
8066,252,51.4666116308613,Online,Food,US,8,0.0837297113895074,0.2687990228617939,0
6093,497,58.954342091358,POS,Clothing,TR,23,0.0684334819864309,0.2157734148587027,0
6411,984,158.03636421587464,Online,Electronics,FR,10,0.1407503447848404,0.1625371134679512,0
6333,953,1.0,QR,Grocery,DE,6,0.1918383247301777,0.2191397003731668,0
3472,291,154.94070353386007,ATM,Clothing,FR,21,0.0985281620158643,0.1269525618828913,0
4023,267,149.69638953973177,Online,Travel,FR,20,0.0246611027302519,0.151548046717576,0
9000,100,54.45209122783609,ATM,Travel,US,19,0.0786892237488256,0.2460302632098555,0
9346,448,43.56518331965621,ATM,Travel,UK,21,0.2541082230729139,0.0806300342406662,0
4524,326,37.8242163837954,ATM,Travel,DE,11,0.2163308104540713,0.2514820842487077,0
2751,533,85.45674149046626,QR,Electronics,US,21,0.112117767382873,0.0891373141667162,0
5656,199,182.63427323409724,QR,Clothing,DE,11,0.234107748798263,0.2298207200607838,0
9088,467,89.34547990331694,ATM,Electronics,FR,16,0.0577093616491187,0.1301634960905364,0
6390,440,54.94225243305227,POS,Travel,UK,9,0.2803139067961697,0.2933395440906299,0
9157,808,110.37598188580608,POS,Travel,DE,18,0.174277280380245,0.2637571152030613,0
2059,789,65.56379217378634,ATM,Travel,DE,9,0.2038068065240068,0.0747714446757995,0
4361,581,29.836448512977626,POS,Clothing,UK,8,0.0201878151334451,0.1486742524444211,0
9652,694,303.42879899215177,QR,Travel,TR,10,0.8603900088587768,0.8449696597452906,1
4734,685,91.8677855111428,POS,Grocery,TR,9,0.0610120111781031,0.2392618003684343,0
4621,681,23.489292708874515,QR,Food,US,17,0.221927826258066,0.1175269327368881,0
8112,466,51.69289856050819,POS,Electronics,DE,14,0.1595879840815236,0.0139913271448206,0
9348,256,187.58981085353,ATM,Travel,FR,10,0.0096633727251943,0.1158946926284141,0
5517,997,142.30796313701418,Online,Travel,UK,8,0.0949044445941573,0.0259401268165619,0
7549,967,115.49299721838403,Online,Grocery,DE,22,0.1190647909972566,0.1658643723784954,0
313,524,141.33514871907403,Online,Clothing,TR,19,0.0884580336690151,0.1281263503146736,0
3262,325,121.89114392551434,Online,Travel,US,15,0.2826057862959397,0.2045389912264567,0
5038,282,116.53466133284276,ATM,Clothing,FR,21,0.1024647187392491,0.1675512224806578,0
3368,888,62.89579525386116,Online,Travel,UK,12,0.2948793223234914,0.1935998323395292,0
7773,294,168.61849154681508,Online,Grocery,US,22,0.0219372693105466,0.0989202950929136,0
1094,442,68.7957627481253,QR,Grocery,US,18,0.0996333154501206,0.292380197179041,0
9988,498,10.0,POS,Food,NG,15,0.832517262671401,0.8231898790480047,1
764,325,152.3756818543814,QR,Grocery,UK,16,0.1919072694660517,0.1412612576665778,0
4822,281,124.38577130993409,Online,Travel,DE,14,0.1339809802072097,0.1300968219973144,0
6040,229,38.70891156591385,ATM,Food,DE,17,0.2763434925710595,0.2945179120278538,0
7292,700,161.1552646988175,Online,Electronics,UK,15,0.2284687959027322,0.0068160258667215,0
2808,458,82.18014963396975,Online,Clothing,DE,8,0.244229292683781,0.0151924323426455,0
5126,615,114.37398375074105,ATM,Travel,FR,13,0.2107424722914875,0.0602296913254259,0
3422,558,187.9346418477432,QR,Travel,UK,10,0.0168126370634093,0.1580914948691695,0
1842,276,130.18520775613138,QR,Food,FR,19,0.1076205431833552,0.2660404220075203,0
7289,470,104.95008137946606,ATM,Clothing,UK,13,0.010100825099643,0.2089106294170478,0
9096,72,76.8476869987474,QR,Food,FR,15,0.2400137017934645,0.1364424578224049,0
4287,756,44.36477024967495,POS,Travel,US,12,0.1967959648131521,0.0304905680097748,0
7643,235,18.413230011114308,POS,Grocery,FR,13,0.2245454013864695,0.2332539345356324,0
2031,189,118.54151046681046,Online,Clothing,DE,23,0.2361554345513386,0.0909345715508516,0
7165,717,125.7728848962418,ATM,Travel,DE,15,0.2019922581144858,0.0007894825283066,0
6132,540,29.5225559796196,QR,Food,FR,19,0.2488968970908744,0.1830808653549682,0
484,360,69.181728540883,QR,Grocery,TR,11,0.2528579661192502,0.027996494597865,0
7533,92,106.0645915450041,ATM,Grocery,FR,21,0.2802407592351743,0.2038940031448174,0
1440,559,68.96331266987218,ATM,Electronics,US,6,0.0096708339290906,0.0578692307489056,0
3890,497,79.89618702800749,POS,Clothing,DE,14,0.0648335682999691,0.1640470920862046,0
8501,710,153.32508295905208,POS,Electronics,DE,22,0.2898099501956496,0.1461299491326085,0
6440,28,50.3955159950189,QR,Grocery,DE,23,4.8880811947626944e-05,0.1793972616187268,0
4942,213,173.8095049864902,POS,Food,DE,15,0.0042993229650537,0.0729717824976265,0
6086,447,25.33411373657897,Online,Grocery,UK,11,0.0669915885981444,0.2003686945270532,0
2381,286,184.3046577169497,Online,Food,FR,13,0.0320965783419468,0.1694912885006253,0
6809,340,103.6036696068227,Online,Grocery,DE,6,0.0461984523625963,0.2474768579707124,0
1599,582,129.7613885917101,POS,Grocery,FR,15,0.1227846561933673,0.2724375302982306,0
5329,968,120.11759942271706,POS,Clothing,FR,19,0.0827589511499072,0.2299784060948967,0
5403,419,72.07899157562335,POS,Travel,FR,11,0.0394030693347094,0.2464643354512452,0
7038,24,173.93557840167364,QR,Food,DE,9,0.1131347581348887,0.2142550693510971,0
5768,515,136.91992245302686,Online,Grocery,FR,11,0.2064746715262847,0.2051034515713543,0
1443,831,168.88037235871525,QR,Clothing,US,19,0.1295610419039384,0.1726470220833027,0
9221,503,141.3757107365605,Online,Food,TR,22,0.0621301561346553,0.2519976570447943,0
6283,306,109.12814953476712,ATM,Food,US,18,0.1569192332097857,0.1425394190503428,0
7023,796,168.706269625108,ATM,Grocery,TR,13,0.0514004406463428,0.1679349036812916,0
7837,195,98.67925004564772,QR,Travel,FR,12,0.2160806511140408,0.2885132768392836,0
8393,798,113.67038948751969,Online,Grocery,UK,10,0.2226684737602295,0.1696051971509081,0
2645,163,164.65890427641114,POS,Clothing,US,13,0.2747314643649437,0.0479513593629976,0
21,302,188.53528253669,QR,Electronics,US,14,0.2762397283642207,0.1735052460177731,0
5006,374,114.55259505131816,QR,Clothing,UK,21,0.1013967124506139,0.1051645612036905,0
4049,433,64.28241083579402,POS,Travel,TR,7,0.0443113952824256,0.0828808314545633,0
3522,89,102.2814664993932,ATM,Travel,DE,20,0.2499089896321429,0.0573715706954563,0
8338,638,128.63076960284135,Online,Clothing,TR,19,0.1015282955028614,0.1301854282236956,0
6733,333,142.484201246419,POS,Electronics,UK,19,0.2096464232378506,0.1430924947458796,0
5221,523,126.45575542818602,QR,Grocery,DE,22,0.1767953629021585,0.0205577520639876,0
9170,613,73.81626559722423,ATM,Clothing,UK,23,0.2546268875817457,0.0976180687846635,0
3504,277,103.27516340596718,Online,Grocery,FR,7,0.046007178515256,0.0217089081011928,0
3932,918,106.58945791056682,Online,Food,DE,17,0.0690167192645333,0.0273832707885388,0
1627,53,101.50731993910073,ATM,Electronics,DE,7,0.0208748202843143,0.07605741427456,0
4907,421,198.485133952556,Online,Electronics,TR,6,0.0171833116455263,0.2570423515755018,0
3123,279,121.09668560867551,QR,Food,DE,6,0.1774615941576412,0.0693142988528741,0
49,675,110.87897681714811,ATM,Food,UK,9,0.1360449331177391,0.2865133562128663,0
1463,752,97.93781466804732,QR,Clothing,TR,19,0.0841541403491596,0.1719026403131553,0
1799,449,171.69172445800783,Online,Electronics,DE,22,0.0759516035568792,0.1030041527065774,0
3395,537,145.05026621010578,Online,Clothing,DE,12,0.2251616262665374,0.1473730815936393,0
6872,765,63.5304332814913,QR,Clothing,US,9,0.0919486473795423,0.1463094641488222,0
3772,727,149.9642320117254,ATM,Travel,DE,12,0.2526498002842105,0.0695006490285995,0
889,191,87.22747843092421,Online,Food,TR,13,0.1374296451995577,0.2064244558440351,0
5247,567,131.2045091592068,Online,Grocery,TR,12,0.0800089142562942,0.210519024421045,0
9757,942,10.0,POS,Travel,UK,4,0.7822329726231388,0.947526654998086,1
1507,941,61.55291875530388,ATM,Electronics,DE,19,0.2923955559707851,0.2704479505110616,0
8223,463,118.18849533639153,POS,Food,TR,21,0.184986332913823,0.0860450513769679,0
7138,817,178.67714600248587,ATM,Clothing,DE,20,0.0241122066175713,0.124895949287221,0
6130,972,140.3180050310413,Online,Clothing,DE,13,0.0100341189541696,0.1126272776118273,0
5820,12,157.1387633333776,ATM,Electronics,FR,10,0.1822283874741966,0.294860192278275,0
8848,491,212.96418601366096,Online,Travel,TR,16,0.0312353395429667,0.2607704192267095,0
1720,743,72.74901358675993,QR,Clothing,UK,22,0.1376199312719415,0.1011956062937136,0
1045,688,223.04981129212905,QR,Grocery,TR,10,0.2647206048693636,0.2962764582993483,0
1419,288,202.99589542072368,QR,Grocery,TR,23,0.1565442993059684,0.082757566529072,0
7098,503,68.29282773638406,Online,Electronics,US,14,0.168091217061452,0.1854187320619876,0
4923,545,77.3710015028405,POS,Electronics,TR,6,0.2687080286122318,0.2172807204014813,0
6659,33,83.78389795449021,QR,Clothing,TR,19,0.0084328026622557,0.0013635221524785,0
8502,665,87.41165864648156,Online,Grocery,TR,13,0.130361242582813,0.2124172787120641,0
7500,21,135.81549252830075,QR,Grocery,US,9,0.0025571912910267,0.0131364279926915,0
9534,334,239.5737089258145,Online,Grocery,TR,3,0.971055034639788,0.8463428405754633,1
2520,444,76.14971408393217,Online,Grocery,FR,16,0.2535071814413191,0.2282573473696184,0
4056,664,170.16893283492948,ATM,Grocery,US,15,0.1462990094544996,0.1226592842390279,0
9415,542,55.489032896807885,ATM,Electronics,US,19,0.2784880128992724,0.2355971422878893,0
8059,313,139.3679023347168,QR,Travel,UK,17,0.279294464683151,0.118484475490122,0
2101,806,12.68137601881601,POS,Clothing,DE,19,0.2605107310990042,0.2715953350114479,0
3181,799,113.79370031875744,Online,Electronics,FR,10,0.0640512492565257,0.2252121796334193,0
9050,802,90.66760311292056,POS,Electronics,TR,17,0.1956734308098919,0.2803861115995242,0
662,57,57.365749188358016,POS,Travel,UK,13,0.2773394907336038,0.1914704582461348,0
8676,762,86.35583486201861,ATM,Travel,US,15,0.1986209313448393,0.1413395859729257,0
6969,591,136.76207221448112,ATM,Grocery,UK,9,0.1277187891428122,0.0918241902056474,0
8061,663,146.6996111576893,ATM,Clothing,DE,10,0.2609498604679249,0.251836408135731,0
4888,191,76.11052979682111,POS,Electronics,UK,16,0.1151228963168749,0.2232229281517033,0
4074,725,108.20079783203056,POS,Food,DE,13,0.2579593620454176,0.1322990495205196,0
1782,234,132.1887690468966,POS,Grocery,TR,20,0.1421174504314791,0.0013549928378937,0
1019,791,125.09938286944164,ATM,Travel,UK,8,0.1521773164742166,0.0238961020373529,0
2930,652,157.0779366138361,QR,Food,US,22,0.1496806314929452,0.1949135631344568,0
4033,571,77.45030334367951,POS,Food,FR,15,0.2711158762736851,0.0314726599329538,0
3014,878,102.29039842657984,ATM,Clothing,US,7,0.2731030493557792,0.1618281559880884,0
5063,529,40.88767990058,POS,Food,UK,6,0.2222972371553601,0.2573898621004662,0
5039,585,39.537562276919815,QR,Food,US,14,0.1486767537275607,0.2267979534028465,0
1259,529,138.47825718905037,ATM,Travel,TR,23,0.2157850704209271,0.0500242790726056,0
6155,128,167.66774612941015,QR,Grocery,US,18,0.2453611611298513,0.2516665155695873,0
5266,3,168.75272455823546,Online,Food,TR,11,0.0276605677963402,0.2042804550302055,0
7351,712,9.479160832112754,POS,Clothing,FR,11,0.0579160770924875,0.0353754418624493,0
5404,867,61.80262988778239,Online,Food,DE,17,0.2927773999319798,0.1608837374025374,0
2077,31,36.82984187271968,ATM,Travel,US,15,0.0276332871931039,0.1866421430293856,0
8683,42,92.806786305429,POS,Electronics,DE,15,0.085897659889526,0.2504757280221466,0
5348,950,103.79114654902192,QR,Food,DE,14,0.1048589349082282,0.029781070930342,0
4582,78,162.12186432628454,ATM,Clothing,DE,17,0.2347024152437553,0.0072653308008338,0
3667,838,91.4120976320019,POS,Grocery,UK,10,0.2411140842644424,0.2662950967055795,0
932,239,94.03878218670478,POS,Travel,TR,11,0.1985773373715604,0.1838258325817671,0
2025,30,56.350836932473655,QR,Grocery,FR,17,0.1656584482184298,0.0323953232421262,0
5764,722,99.23172761766294,POS,Food,FR,10,0.0661723168663868,0.12793657610136,0
2671,757,102.3239334602394,POS,Grocery,US,6,0.219330790792027,0.1474444667465083,0
2632,431,102.6341227155041,Online,Food,DE,21,0.2084395959865321,0.187647478137383,0
553,977,107.05777073455975,POS,Grocery,FR,8,0.257519629274156,0.1417418392922062,0
6963,217,111.58605001070958,Online,Travel,DE,14,0.1536328259484441,0.1837323522074984,0
3658,332,75.0700982162913,ATM,Grocery,DE,20,0.1022133050232909,0.2791777912296977,0
126,30,82.5074128110936,POS,Electronics,US,21,0.1501990484451694,0.2421626493998301,0
5676,158,47.538837497649055,QR,Grocery,DE,15,0.0296813153157425,0.211456838882175,0
1659,805,1.0,Online,Food,US,8,0.2087223916676069,0.0518801791172331,0
1534,556,135.11382137757892,Online,Food,US,15,0.2835674145095108,0.1072649931559357,0
6825,512,87.385216206076,QR,Electronics,FR,6,0.1070400390090157,0.1180421414367445,0
4799,723,154.00720832600476,POS,Travel,UK,14,0.233651811120323,0.0267324635181709,0
6613,215,41.640787307616925,Online,Food,US,17,0.0926333575182487,0.027984797985671,0
8070,229,114.87243026119744,QR,Food,FR,19,0.1230092047378555,0.0632850530110912,0
8460,275,67.22287320945293,ATM,Clothing,DE,6,0.0252671153213221,0.1931703813373812,0
6735,792,152.62752472991698,POS,Electronics,TR,18,0.2594153020464829,0.0762767889495177,0
7382,784,101.48695154780778,ATM,Grocery,UK,8,0.0958602434139906,0.1369076987746591,0
9232,542,123.99141857597446,Online,Travel,FR,13,0.1778855260910723,0.153675279714843,0
2825,53,142.1985512202797,Online,Food,UK,15,0.1357448231835875,0.2275632629138897,0
7940,148,158.02492447050156,POS,Electronics,DE,16,0.1994195629224874,0.0432984662843006,0
2675,170,68.32732790581503,QR,Electronics,TR,16,0.2743382144851156,0.2419808759014441,0
7906,400,118.86821830676234,Online,Electronics,UK,10,0.2022481737818631,0.2326444520821937,0
1420,957,43.95764232172152,QR,Clothing,DE,17,0.1502691409185385,0.2220785213196409,0
279,328,112.27020306029058,QR,Travel,UK,11,0.2290571447623105,0.0763629696413972,0
4693,924,210.5701787965101,POS,Electronics,DE,14,0.0197804944574317,0.0394463652458637,0
4307,389,117.09608052946518,QR,Electronics,UK,8,0.0951645083761074,0.2270335201215071,0
9998,411,3019.9528984734507,POS,Food,US,23,0.8343167649164634,0.7325152646183462,1
8926,735,134.82382320839906,ATM,Food,DE,22,0.1598912599311502,0.0891306144317797,0
8817,611,111.3260770120834,ATM,Travel,DE,19,0.1045690095265508,0.204967542793026,0
4396,145,101.0007775055462,ATM,Clothing,DE,21,0.2519164875383429,0.288004253269646,0
5863,737,88.6661111451981,ATM,Clothing,DE,13,0.2608123599711132,0.2993187505725441,0
586,599,92.38510107529268,ATM,Travel,US,18,0.1569610458851006,0.2048611853566052,0
4239,701,1.0,POS,Clothing,US,13,0.2642059041392989,0.1004181335510952,0
5707,121,75.34383742102656,POS,Clothing,FR,21,0.1698318371020755,0.1683233615342031,0
5608,418,42.7823395827279,Online,Travel,US,10,0.2148583790009647,0.1449753071452126,0
9560,167,807.0953827713436,ATM,Food,FR,4,0.7709913616589119,0.71102406442959,1
5366,213,126.80046127956832,Online,Food,TR,12,0.2207958595377128,0.2833512563465442,0
3464,177,40.99925599528567,POS,Travel,UK,10,0.2534583682937685,0.2312359856330509,0
8559,449,151.45804137348136,ATM,Clothing,FR,6,0.2932991959409149,0.1953095949553521,0
1727,913,157.12617804390652,Online,Travel,US,15,0.0890449892778912,0.2612337043219088,0
103,973,199.5447316472104,POS,Travel,FR,18,0.1491219682714577,0.1108979421275714,0
4593,313,64.68668260479454,QR,Electronics,DE,20,0.2286798297186369,0.2509407733224514,0
9642,516,395.7269656197288,ATM,Travel,NG,4,0.7843007640518262,0.8891420732924689,1
5936,188,135.71419880506875,Online,Electronics,UK,6,0.2140297495606152,0.2690937676959321,0
5135,667,110.49896403788914,POS,Travel,US,19,0.0814911938379861,0.2492349408629138,0
8884,143,21.430220275851298,Online,Grocery,FR,14,0.0714265853529435,0.1085820940970247,0
7945,631,56.06736596854424,POS,Food,TR,9,0.1246524212517569,0.1790499900178717,0
1286,384,87.00080373736473,POS,Travel,TR,17,0.1745919314632508,0.0038651628399246,0
4864,523,61.64643243405643,Online,Food,UK,17,0.06374223282993,0.0298201457562785,0
637,834,43.4218696726835,QR,Grocery,UK,7,0.0815554899900953,0.0370603335449728,0
3501,643,71.32429897397859,POS,Clothing,DE,18,0.2987492261058809,0.1533177215975157,0
1494,744,96.53108165298354,QR,Food,US,18,0.2839958140377444,0.1323203426941188,0
27,112,193.29222761426357,Online,Electronics,TR,13,0.1087464019905167,0.0295179044416558,0
1592,354,85.24863239429213,POS,Food,UK,11,0.0546802764377208,0.0352641555703634,0
6537,275,111.70306554471568,ATM,Clothing,US,18,0.1049004803964844,0.163508603227844,0
6186,762,65.06515323705958,Online,Clothing,US,21,0.1714951477604676,0.0797536669133769,0
2403,4,112.53158371707318,Online,Clothing,TR,23,0.0914172575801462,0.1433902296568075,0
2397,959,92.75870232002076,POS,Food,FR,17,0.0826828508156558,0.1745201559333829,0
7926,660,185.8179249399727,QR,Food,DE,9,0.2004634859498306,0.1853935057863601,0
4223,849,119.17762018535625,ATM,Food,US,20,0.1941529532233635,0.196368774660324,0
5016,265,51.41414103615365,POS,Electronics,TR,21,0.2696947972050068,0.2600822642894791,0
4387,498,152.52291401534794,ATM,Grocery,US,15,0.0239347507497168,0.2090756378295057,0
4047,88,156.93904059610645,ATM,Grocery,FR,11,0.2311009956805658,0.1616938377181794,0
1361,238,44.925812151152144,ATM,Clothing,TR,11,0.2503404760122525,0.002507721880284,0
1544,2,86.42974699177516,QR,Travel,UK,19,0.1562938363185732,0.1220285567678167,0
2257,693,128.3255964720595,Online,Travel,UK,10,0.1821157356821913,0.2615118803140175,0
8272,393,143.88064072639952,ATM,Travel,TR,20,0.0148448140026093,0.1025768923122028,0
2161,348,63.35495957541112,Online,Grocery,DE,20,0.1533982926947949,0.1822900478129074,0
2182,625,139.99556408441933,ATM,Electronics,UK,8,0.0278821083510375,0.2572713279689099,0
1470,386,83.75525926798875,QR,Food,TR,16,0.2306120294746889,0.2346777500361907,0
7141,68,131.24768490320784,ATM,Food,US,8,0.0353804340158531,0.1315682466584125,0
2425,86,176.8267078159085,ATM,Electronics,DE,13,0.2146227778641281,0.0542643911334177,0
6799,538,41.71583631747852,QR,Clothing,US,15,0.2394981706354338,0.0856075830071869,0
7626,331,100.96537646130652,QR,Travel,FR,23,0.069515775767895,0.0459822883669818,0
6308,614,88.81719646935399,QR,Electronics,DE,11,0.2587815881422471,0.2103882535252702,0
9215,220,10.38668971080702,QR,Electronics,US,22,0.1962285217146968,0.1107666453338902,0
3078,467,63.11223765835589,ATM,Travel,US,23,0.1137564975342737,0.1057483458345566,0
2375,922,87.01737958526527,ATM,Electronics,TR,17,0.2558966661189031,0.0860960374558236,0
6769,247,103.7894343926934,POS,Clothing,US,21,0.2347583722070897,0.0824020227885623,0
6220,206,148.56949447137714,QR,Travel,FR,13,0.1253991235572423,0.1738901736761562,0
8629,650,106.15968306823989,ATM,Food,FR,15,0.1013090463771742,0.2224245562356983,0
6069,829,34.33988854767652,ATM,Travel,FR,15,0.1237542581058706,0.1208777294156168,0
9501,337,10.0,Online,Clothing,FR,20,0.8846089151360182,0.7579906569356213,1
6159,947,153.43436768294535,Online,Electronics,FR,17,0.1217847065192587,0.0636158509890883,0
6379,920,78.34290502816822,Online,Grocery,DE,10,0.2433086847233147,0.0443658693243038,0
1461,820,39.509390147104405,Online,Food,TR,7,0.0307439428820031,0.2859474520304541,0
4120,545,155.62820510374164,POS,Clothing,US,11,0.0200732551982485,0.0315766926431887,0
3496,941,128.63956811048126,POS,Clothing,DE,15,0.0801564071055237,0.1523532111844045,0
9336,327,100.51127371263728,POS,Electronics,US,18,0.1842749808644501,0.0752446515021983,0
3738,605,94.736469221035,POS,Travel,TR,21,0.2913720837076249,0.1488052123856025,0
5492,24,198.47226906659895,POS,Electronics,FR,23,0.1565972219933874,0.2247142486940125,0
521,160,190.37951610961537,Online,Grocery,TR,20,0.1668283525293623,0.2169527034704499,0
4918,651,203.03444668639597,POS,Food,FR,8,0.2501372490256624,0.2894672054276851,0
1926,951,100.54665066215948,Online,Electronics,TR,13,0.0015032752264423,0.2675875917187717,0
8764,781,40.31368778621209,POS,Electronics,FR,6,0.1213903856686874,0.1750714725483469,0
4381,425,3.21138345801873,POS,Travel,FR,17,0.1284433510105972,0.2208100852097668,0
7905,474,221.95115935886585,ATM,Electronics,US,12,0.0365894912551243,0.2430431720271221,0
8554,395,136.8309966450285,POS,Grocery,DE,10,0.1452680811781835,0.0983548422175547,0
9610,647,10.0,POS,Electronics,FR,5,0.8320402591257461,0.951142701966168,1
8035,965,143.34105429583286,QR,Travel,DE,22,0.1519632419902581,0.1223034912570223,0
1457,6,110.77998418529334,QR,Electronics,FR,8,0.1572509938030959,0.1815502471872842,0
9739,760,10.0,Online,Electronics,TR,4,0.864574456331016,0.7127787823768585,1
8142,716,1.0,ATM,Electronics,DE,21,0.2995001417174142,0.1302682091467382,0
5036,815,110.91998227053864,POS,Grocery,DE,10,0.076317425699014,0.198993594684475,0
6198,215,82.08060159113398,POS,Clothing,FR,10,0.2423697346515479,0.2076779922717418,0
2378,911,68.07489878613958,QR,Food,FR,13,0.2802214633912038,0.0057889378833969,0
2198,730,109.89830499867774,POS,Travel,FR,6,0.135056821022883,0.1566809263988559,0
4321,708,38.21042942467871,QR,Clothing,FR,16,0.2206678814944458,0.0867820736719257,0
3223,408,40.38182208658221,ATM,Electronics,UK,7,0.0438044386116093,0.2896459453023904,0
3434,277,143.33873325923065,Online,Clothing,US,19,0.1364657521758562,0.1323274482428403,0
16,546,11.777591388472077,Online,Food,DE,21,0.2197029796335779,0.0549996396536485,0
2464,363,151.35229260888804,QR,Food,TR,22,0.1850201542092421,0.2052578255097729,0
9646,694,1909.7273810401516,Online,Electronics,US,11,0.9933839236760376,0.886070782863841,1
3182,526,163.56667197925495,QR,Travel,UK,15,0.1743703632724857,0.2936948535089956,0
5529,197,94.957759081077,POS,Travel,UK,15,0.0036442310434115,0.0385143779970645,0
364,794,165.78159310941223,QR,Food,US,8,0.2783580793843136,0.0473951431010952,0
588,853,102.24090985500838,ATM,Grocery,DE,23,0.21824393593452,0.0428822408595636,0
8410,559,99.41209708030595,Online,Food,DE,10,0.0847735516439609,0.0143336886378726,0
6748,832,132.5425090006136,Online,Electronics,US,19,0.1282924322378773,0.0520387408352545,0
6701,355,209.25134643222148,POS,Grocery,FR,21,0.1269800972217592,0.1021332769623546,0
785,419,99.60093978241476,QR,Food,UK,17,0.0520560797790127,0.2821092736642136,0
5836,546,105.15365209620438,QR,Grocery,UK,14,0.2023506481686805,0.0725667308135477,0
3656,854,89.4354321103372,ATM,Grocery,UK,21,0.1559169746414239,0.0206023318744962,0
6316,335,81.12017098657698,QR,Food,US,20,0.1381562491194004,0.1070537146068891,0
5246,70,115.74937677102504,POS,Electronics,TR,17,0.0782204473159369,0.1555066202098504,0
3580,890,122.8757450922518,POS,Grocery,UK,13,0.2216984613948193,0.1894891528652771,0
1,348,112.99416174596487,ATM,Travel,FR,23,0.1636059208217654,0.1995452466223179,0
2172,761,115.91327687801024,POS,Grocery,UK,15,0.0557501032748503,0.1963340902237816,0
504,445,28.69431414284477,ATM,Grocery,UK,18,0.1764507203712976,0.089229118477133,0
8556,912,77.44869406922969,POS,Travel,DE,14,0.1222465749236631,0.0266933803845237,0
1670,991,118.40925182060042,POS,Electronics,TR,18,0.2277528891054844,0.0885059293079338,0
7383,893,103.27904856850893,QR,Travel,UK,19,0.0305365161321535,0.2961965933158693,0
3126,621,171.3975951126543,ATM,Grocery,FR,13,0.1504868429195192,0.2095870737089598,0
9031,601,168.4325393449957,ATM,Clothing,TR,6,0.0600989096476214,0.1929639864424231,0
4646,600,150.2579553345045,Online,Electronics,UK,14,0.0340488082665116,0.2606017332981812,0
5695,177,86.20089284466252,POS,Food,FR,18,0.1584451437741674,0.0194302928443832,0
7985,11,155.44901192635513,ATM,Clothing,FR,15,0.1045633997567756,0.1397967618183367,0
3791,914,32.76553998750235,QR,Grocery,UK,11,0.210100751934306,0.1584412464257858,0
487,565,138.89933391540345,QR,Clothing,FR,9,0.0971117842510112,0.2632820581170277,0
3239,586,16.789536364973358,POS,Grocery,FR,19,0.2887264051820507,0.2745945727548603,0
665,403,121.56499065318582,QR,Food,DE,12,0.1055971027364307,0.0628054174862123,0
3765,308,223.037646435419,QR,Electronics,FR,6,0.2942787063876252,0.046752061590638,0
9844,535,6336.894416447748,ATM,Food,UK,4,0.7741604394573004,0.8910120864612225,1
6702,138,156.8324853187773,Online,Travel,US,16,0.206689299567316,0.0910948723563827,0
2426,687,86.36697798875416,Online,Electronics,DE,7,0.0865748100079542,0.0031932032019286,0
107,26,130.37828135606884,POS,Travel,DE,18,0.2054252330747963,0.1034489952075542,0
6447,921,54.56920560159514,Online,Food,UK,8,0.1661354999255096,0.0934197763001739,0
8625,435,76.3657805781504,QR,Travel,FR,10,0.1364059188225622,0.0649670795431227,0
2197,327,89.59339519578724,POS,Clothing,TR,10,0.0945760173109801,0.0832864467580686,0
5543,117,84.11481344665964,ATM,Electronics,US,18,0.2469831737648571,0.133956629978605,0
7330,393,11.073236540272362,POS,Clothing,UK,16,0.1705884984838136,0.0844608027941872,0
5360,463,87.79763135597968,POS,Electronics,TR,14,0.2212329546170306,0.2138040965207473,0
3645,903,106.07837438563246,Online,Clothing,TR,14,0.0167834773423088,0.1319459525909126,0
5784,460,125.43252717737096,QR,Food,DE,18,0.2082760401405721,0.2906488694328634,0
6397,898,116.2802840721711,Online,Electronics,FR,13,0.2734161764007777,0.1886136597990399,0
9181,286,85.87611446083872,ATM,Food,TR,8,0.2607833119428512,0.1081160556638285,0
9575,622,1110.128547115012,ATM,Electronics,US,4,0.9758575876519088,0.8340836750038032,1
7201,714,237.185458466843,QR,Travel,FR,22,0.0765400675712663,0.0472960121412175,0
9191,5,60.22436531525671,QR,Travel,DE,9,0.2807471112218455,0.0030681378399841,0
3417,216,142.12443686175698,ATM,Food,DE,23,0.1121075734131208,0.2337758685574477,0
5284,930,157.03957237772693,QR,Grocery,US,7,0.2733652410989394,0.0171000951297982,0
9286,384,138.06711783967563,POS,Electronics,DE,7,0.2893212676458481,0.1778797109600741,0
8821,50,152.15352459851803,Online,Electronics,UK,13,0.0682958908682835,0.2992133578460437,0
9526,769,2824.547111948784,Online,Electronics,TR,8,0.8315489301635683,0.8520589432698246,1
830,479,131.1466134905982,QR,Travel,UK,10,0.0012219530049934,0.1756286705628394,0
7188,343,104.68139307276527,POS,Travel,DE,22,0.168375590408298,0.2802572524460813,0
2622,750,188.48953664185552,POS,Travel,FR,12,0.2804217568184606,0.0276485190406891,0
712,220,73.55387488073448,QR,Food,UK,15,0.2086740420177792,0.0504981577678695,0
4969,739,57.50458736199373,QR,Grocery,US,22,0.1233605203965816,0.1506633304306027,0
3441,390,70.84014210581398,ATM,Electronics,US,7,0.0041644764170277,0.2326915296438983,0
8124,403,74.12332555434028,QR,Food,FR,10,0.0972223099582725,0.0579509959844888,0
8588,2,101.5233703402002,ATM,Food,FR,23,0.1880058496262729,0.2981005839235298,0
7105,273,133.436387545064,ATM,Food,DE,21,0.2591849891755393,0.095851483483383,0
5164,168,75.82654900112499,ATM,Food,DE,6,0.1003327686159476,0.0415731741918911,0
9832,86,2355.8773297893176,ATM,Grocery,DE,4,0.9710118727581444,0.7617174508646152,1
9679,80,402.5086928112361,Online,Travel,UK,5,0.8850831123209718,0.9703839966005045,1
7859,983,137.0560006441631,QR,Food,DE,13,0.2383890507108615,0.0274947609429154,0
7226,378,38.11786369359857,QR,Grocery,TR,9,0.0098234662392151,0.0057119440994736,0
3061,380,52.89389523235953,QR,Food,FR,13,0.0372585766412383,0.0369824536592972,0
1873,111,131.29852374943587,QR,Travel,US,16,0.232296707240328,0.2541274978725065,0
3675,427,60.80747076726414,Online,Clothing,TR,8,0.0104713065433774,0.1977826621760657,0
7996,851,164.65958843510802,QR,Grocery,FR,18,0.0143247513560128,0.1042315947134666,0
5073,401,153.10956538135957,Online,Clothing,TR,9,0.0569812513003784,0.2486451421315096,0
148,21,32.997155481959524,QR,Electronics,US,17,0.1033971455132528,0.1365961382795885,0
6351,269,187.89533449273,POS,Grocery,TR,18,0.1455569425953191,0.2078890919645161,0
1777,355,97.28317601256477,POS,Electronics,TR,15,0.1291998219042245,0.2280428897870626,0
2491,692,60.82074712581088,ATM,Grocery,UK,10,0.0205686281611597,0.2103794398116613,0
526,49,17.291177988617065,QR,Grocery,FR,18,0.1446167845853481,0.1599366963514499,0
7391,418,124.2959169729558,POS,Grocery,FR,15,0.1550344750058186,0.1372957977232744,0
149,29,89.1542504786731,POS,Grocery,FR,12,0.2777799839339516,0.0561421617975795,0
9001,55,165.84399192342408,Online,Electronics,FR,21,0.2065643347568415,0.2211107017736798,0
3687,344,173.6315125331529,POS,Clothing,US,15,0.028895341300785,0.1353067985592926,0
6657,50,82.09010043561119,QR,Grocery,US,8,0.1956149843917833,0.0267378982541017,0
4263,81,132.90337877784268,POS,Electronics,FR,10,0.0934022805603959,0.1684848876891333,0
3776,938,199.03255233478103,POS,Clothing,FR,12,0.1344690004352771,0.2955381633948523,0
7250,281,191.11356133616212,Online,Grocery,FR,19,0.2608445142620843,0.2445422350435029,0
5974,522,154.73254079551364,Online,Food,UK,17,0.1340953762410635,0.0718801010444714,0
236,535,137.53463975644934,Online,Electronics,DE,7,0.1370803174667753,0.0167712918518023,0
2996,983,188.18096038753956,Online,Grocery,FR,7,0.1041815667638514,0.10874295558021,0
6716,944,101.80330301911616,ATM,Food,TR,17,0.0508695913718058,0.2193724130787221,0
1394,649,204.3872992937572,POS,Travel,US,20,0.1798292427772443,0.210598685602814,0
2680,961,65.59314689242052,Online,Food,US,18,0.0624033635648825,0.1345247199362278,0
4285,596,59.96794177740558,POS,Electronics,UK,19,0.0025485991020985,0.0644917479221005,0
2681,775,221.63181620108776,POS,Travel,DE,21,0.2704423981663038,0.0525846916464292,0
1961,349,186.91985970247052,ATM,Electronics,DE,12,0.2238108695654918,0.2097212364307291,0
9882,574,2541.10182231806,QR,Electronics,NG,4,0.9132637256484786,0.9775784613960896,1
8973,52,93.50636784413052,QR,Travel,UK,10,0.1342480283304727,0.1664765001937995,0
7151,660,107.16948731802292,Online,Clothing,US,12,0.2113632402453937,0.2742040207444843,0
2765,269,87.3218414275899,QR,Electronics,US,13,0.2858737778152205,0.2264220350789567,0
398,456,76.84680278829913,QR,Grocery,DE,23,0.0694398140791162,0.2304552265228856,0
6705,173,134.46348345626535,ATM,Grocery,US,13,0.1687279362425683,0.1137621717183043,0
7206,273,87.39311736752946,POS,Electronics,US,7,0.0198463256273732,0.283883202952023,0
8982,134,72.95363857025656,Online,Electronics,FR,23,0.1983419164151988,0.0617615519604566,0
8113,897,89.32844674008794,QR,Food,DE,7,0.0396114958358186,0.1981247292755797,0
3261,851,62.83641163205517,POS,Electronics,UK,21,0.281178497323322,0.2578504070769257,0
9633,783,5446.956025523502,ATM,Travel,FR,22,0.8401003098641769,0.9285290515903324,1
2277,267,91.2706137886121,POS,Grocery,US,12,0.1112399915169032,0.0010432689068865,0
2867,554,138.8541129232628,QR,Food,FR,16,0.1588391666878052,0.2853882387598025,0
8211,145,169.46425645467994,ATM,Grocery,FR,15,0.1633205835375804,0.0703034156958372,0
4045,196,169.04032942275046,POS,Food,TR,15,0.0752278552527995,0.2474212583893864,0
6377,113,109.3787396595487,ATM,Electronics,TR,14,0.1077310459536454,0.260624115171732,0
2063,529,165.0507831327355,POS,Electronics,TR,6,0.1020546237049878,0.0181735097778734,0
3462,70,156.65317208035862,POS,Travel,FR,10,0.2941576408159422,0.1106094857816674,0
176,785,146.93618081190797,POS,Travel,US,11,0.1169947253843493,0.2220179446874149,0
1151,340,87.90242376711085,QR,Travel,DE,9,0.1739488975949404,0.047513333171568,0
9838,758,2063.7180726334805,QR,Travel,US,7,0.9592204988338492,0.7777415461657338,1
2817,447,108.15970123275837,QR,Clothing,UK,10,0.1794560619068453,0.2787964708862874,0
5595,714,121.6587092992402,POS,Grocery,US,8,0.0747990060523544,0.0666292349471648,0
6012,508,113.4405598591021,QR,Clothing,UK,11,0.1886131509372736,0.1134688759365851,0
7487,797,139.2773159949014,Online,Grocery,FR,18,0.2958950648977658,0.1928895659621566,0
1194,962,43.694301211063,QR,Travel,UK,6,0.0679418111437301,0.0894514062384095,0
6618,987,1.0,QR,Clothing,DE,8,0.0424442011995046,0.1018867345768582,0
7050,319,20.16741698746158,QR,Grocery,US,11,0.2203802455548457,0.2946445226177047,0
5035,971,48.77575004922807,QR,Electronics,UK,23,0.0308392979953901,0.2796101877045411,0
4175,757,59.02566306746655,QR,Clothing,FR,12,0.1584988355101023,0.0582665478645473,0
1381,605,120.73126996336416,Online,Clothing,DE,15,0.2378183863865386,0.0206619811561967,0
2792,717,157.31830376484157,POS,Travel,FR,21,0.1095994144980461,0.1771481961969477,0
4965,761,28.513467188199613,Online,Travel,US,6,0.2221132280192643,0.2433570359949644,0
5159,516,111.23710597910872,POS,Electronics,DE,10,0.1238367188814408,0.1627330655284988,0
8551,842,92.73273427561304,QR,Food,US,22,0.1558386154933439,0.1175569626393488,0
8452,324,88.54716389291552,Online,Clothing,TR,15,0.2597322121112173,0.0835358332887058,0
5893,789,89.5140961588584,QR,Grocery,TR,13,0.2725376496176551,0.1314712675558506,0
9522,551,10.0,POS,Clothing,UK,18,0.8896193193236599,0.7929608821945389,1
2812,213,36.49966161045566,POS,Grocery,TR,6,0.2920249725042298,0.1675941726082255,0
4608,582,51.601380481226414,ATM,Food,FR,17,0.185526041700701,0.0306266017362005,0
2920,783,173.60689140825593,Online,Grocery,DE,8,0.2783391255636054,0.127596705395676,0
1806,210,37.82074610963993,QR,Grocery,UK,21,0.2770499281725905,0.2172848991254226,0
7102,412,81.38907451766039,QR,Travel,TR,20,0.2533720556682602,0.107804276453211,0
3136,149,140.42055884663486,POS,Grocery,UK,7,0.1281204927611062,0.1849045253481365,0
1179,110,80.88290295121733,POS,Grocery,TR,7,0.0175574240619435,0.0046889061089964,0
2339,298,110.16768792024988,ATM,Electronics,DE,18,0.1773973489174554,0.0017427384307473,0
3167,754,118.70862705544089,Online,Grocery,UK,21,0.1428639691771491,0.1659964537812047,0
4564,703,89.48477525039786,ATM,Electronics,US,23,0.2715457686979783,0.1199881931238423,0
607,871,82.07722465815947,POS,Electronics,TR,14,0.1808254071066368,0.2904064530960824,0
9778,959,1841.032004595765,Online,Travel,FR,5,0.7363254853602256,0.9654965817012288,1
4401,469,129.16861156357075,ATM,Clothing,TR,23,0.1091690340199527,0.2018083891025325,0
3619,479,176.85689054409,POS,Travel,UK,11,0.1943542977921831,0.2630478601104404,0
1505,138,62.80703054385422,Online,Grocery,UK,12,0.2034606478387708,0.0732554994176363,0
8437,105,53.85935250087829,ATM,Clothing,US,14,0.006593762187669,0.2953175454800519,0
4185,171,50.604108317949056,POS,Electronics,TR,14,0.2493861346437572,0.1523758428765454,0
9023,527,175.96972984706707,Online,Food,UK,13,0.2670809187523786,0.0570538872646498,0
2591,981,135.37932287427805,Online,Food,TR,12,0.0070070854409685,0.1787583662676323,0
9283,138,81.03770461143704,ATM,Grocery,DE,16,0.1327338261700888,0.1367923667148999,0
8557,463,78.59903721456492,ATM,Grocery,UK,16,0.0528071329101279,0.2512990934012317,0
6468,30,148.54429445440792,QR,Clothing,US,17,0.1926472312378272,0.1561229129006353,0
2839,430,95.81277823090493,ATM,Travel,TR,11,0.0525301879831136,0.0773712319082331,0
1246,569,87.84609719603961,Online,Clothing,DE,15,0.0955944508627148,0.1322821433336735,0
1939,233,194.2000568784929,QR,Travel,UK,22,0.2834267899622508,0.0146617760739243,0
5585,836,199.3205288136626,QR,Travel,TR,14,0.0549624237385024,0.0464303338669341,0
410,643,152.1922721086335,POS,Clothing,TR,14,0.1846658495422219,0.2638549862785011,0
2577,71,127.58261342895372,QR,Clothing,UK,15,0.2187607599788224,0.1226037875114424,0
2687,124,132.9670497534556,QR,Travel,UK,6,0.0700000954341874,0.1421791819981058,0
8075,197,171.40354059512435,ATM,Grocery,US,6,0.2972526044580611,0.2525365382164236,0
8047,267,51.191549076573104,POS,Grocery,UK,15,0.2406249477479945,0.1663804621847796,0
8876,616,40.40921545068461,ATM,Electronics,FR,13,0.0204732438706169,0.2952687604454662,0
1357,894,135.07692291791997,ATM,Electronics,UK,14,0.2104630259255595,0.2194321340609716,0
3367,719,155.63862589075276,POS,Travel,US,14,0.2555272148300005,0.0216589096994303,0
9964,271,1421.0946261127783,Online,Electronics,DE,0,0.8932817334800807,0.9573452268778562,1
7903,717,203.51265424335972,POS,Food,US,10,0.1098915211713865,0.2223817943693909,0
4465,397,183.9818616710631,POS,Electronics,TR,20,0.1831054613631275,0.0508495691584683,0
6031,837,71.83511662270585,QR,Grocery,TR,18,0.0524091479738481,0.1491914133152473,0
9933,121,4284.177966789535,ATM,Food,TR,12,0.7378542343081798,0.7310706966099291,1
9246,831,143.1178082235008,ATM,Travel,US,12,0.2569341290615791,0.2005704468745231,0
1059,21,37.52220486302599,Online,Clothing,DE,19,0.2141524961645319,0.2563431907700492,0
4385,918,58.14899517794424,ATM,Clothing,FR,20,0.0122803761794868,0.0703460212573186,0
4010,767,39.87581507093535,Online,Travel,US,10,0.0098929880146512,0.1007904398943378,0
7073,526,116.99851797846198,ATM,Grocery,DE,9,0.1305210893265523,0.1117300570381892,0
4967,635,151.76982249023715,ATM,Clothing,US,13,0.2373548249401227,0.0201138759223259,0
8947,14,121.13057866570632,Online,Travel,TR,18,0.2329353550365007,0.0931034079049095,0
9695,607,18.620488300851207,QR,Travel,FR,12,0.7739514686939744,0.7414418264696989,1
5130,254,109.1307891832698,POS,Travel,FR,8,0.2084886773204133,0.1842424190263085,0
2576,238,96.63471650161422,ATM,Electronics,US,6,0.0649780437804571,0.2156983765135072,0
3001,301,180.88585378878923,ATM,Grocery,US,18,0.1692346298385301,0.1469618427637981,0
1324,543,71.60412607070235,ATM,Travel,DE,21,0.1703684796014564,0.0192196661499227,0
2489,889,70.43476805605272,ATM,Food,US,20,0.0202402539397437,0.1259680880728668,0
220,924,64.2751954348451,ATM,Food,TR,8,0.2190492007915025,0.0379338436908838,0
8398,519,17.69018498106459,ATM,Electronics,UK,18,0.2174141510646325,0.0180241247835611,0
4790,810,87.81849721410349,POS,Electronics,UK,19,0.2472461984838214,0.2784266489833876,0
3132,673,71.86015346239842,ATM,Clothing,UK,12,0.1359284995839777,0.1586263252901485,0
7839,28,91.02658211620148,QR,Grocery,TR,8,0.0956851166947234,0.2260861191914885,0
7656,856,54.887506226786606,POS,Electronics,DE,23,0.2324352025512586,0.1700847280999256,0
8344,768,137.75513653966982,ATM,Travel,UK,12,0.0106020263555803,0.2274148911288639,0
766,824,84.56612951626086,QR,Electronics,US,21,0.0955995879672234,0.206751710711301,0
3263,7,141.76297835997156,QR,Grocery,US,21,0.2463277255421871,0.2018405095119854,0
406,455,63.7615770877263,ATM,Clothing,US,15,0.0312384612290157,0.2847253846898069,0
5032,824,86.39528012579166,POS,Grocery,FR,6,0.1098808359101471,0.2419426542974301,0
3944,847,171.35044513495308,POS,Clothing,UK,23,0.0978013208947374,0.1467259803027358,0
6066,677,4.729176599206198,Online,Electronics,DE,7,0.025733630779756,0.0947162592411922,0
8767,494,80.05718014445529,Online,Grocery,DE,21,0.2329709342931784,0.0717510276858058,0
9718,592,703.5709576551749,POS,Grocery,UK,8,0.8570310632272782,0.7966338479876812,1
4539,128,41.567628502984434,Online,Grocery,DE,6,0.0811184073289846,0.0219176823610263,0
2205,473,49.59350216115751,ATM,Clothing,FR,15,0.0343292653449576,0.1464259592827441,0
5837,258,86.59739187193547,ATM,Clothing,FR,21,0.1409097767889998,0.1539881018302342,0
8486,144,148.01750761784842,ATM,Travel,TR,17,0.0054188534065122,0.1768097612754043,0
3196,767,24.78766644775895,QR,Grocery,FR,23,0.2711203751963141,0.1631307230674802,0
9100,695,184.9344076891796,POS,Grocery,UK,20,0.2304899585044953,0.0419489362575253,0
5214,907,29.80533242999229,QR,Grocery,UK,18,0.2741672229751916,0.022999778276571,0
8233,336,79.663430924241,ATM,Grocery,UK,8,0.0442258348088781,0.1640430660764834,0
6419,91,6.1188174888091,ATM,Electronics,UK,17,0.2805274262874324,0.2059986533485225,0
8688,267,6.00441473139999,QR,Electronics,UK,12,0.2836830889395336,0.011689450186842,0
7843,588,141.36124034368743,POS,Travel,US,7,0.0048938328152218,0.1813426529062848,0
8957,16,81.65192027359159,QR,Clothing,FR,16,0.1775847447603034,0.1616234095416893,0
5879,165,61.06550184374694,QR,Electronics,FR,15,0.2661549239527431,0.1070592405813467,0
5806,533,2.2372420454213966,ATM,Electronics,US,11,0.0860389951498521,0.1064000077225387,0
1070,552,149.54790935178306,POS,Clothing,US,21,0.2024374759350359,0.1303833433967829,0
6359,31,169.38154403920225,QR,Electronics,FR,15,0.0501235562556032,0.1116696104914733,0
8782,582,159.13795096097613,ATM,Travel,FR,18,0.0462052495171021,0.2623255027973334,0
522,720,114.9766251521606,POS,Electronics,UK,22,0.2377298793476729,8.340773251656052e-05,0
9787,230,1101.988356709426,ATM,Electronics,UK,10,0.8482345591036276,0.7284225626760417,1
5761,904,102.66393552824348,Online,Grocery,DE,11,0.0259861543465111,0.1739249844207912,0
872,476,63.52184921311919,QR,Travel,UK,15,0.0593462991971415,0.022321282249461,0
9044,798,52.12565708777003,Online,Food,TR,22,0.2601067344375299,0.0116217054588501,0
182,87,48.73330547337736,POS,Grocery,UK,18,0.1023399606875471,0.0320388866088352,0
7198,679,98.08807461609535,QR,Electronics,US,23,0.2433275132882099,0.1348323969854834,0
9103,589,120.2044807108457,ATM,Food,UK,6,0.0293627900283857,0.0065733373462757,0
4814,555,119.2183858258403,QR,Travel,FR,12,0.2979899628839946,0.0607881471173199,0
1942,222,49.918906725480106,QR,Clothing,UK,7,0.284916257450808,0.1107479119697189,0
728,420,64.2389524100306,POS,Electronics,TR,12,0.2711487041489731,0.2671299566765557,0
849,803,109.22082847134888,QR,Grocery,FR,20,0.0083689323318303,0.057559638483119,0
3751,369,47.67923819031442,POS,Food,DE,20,0.0477108311595459,0.0036576104228684,0
3117,523,145.30910786741495,Online,Food,US,17,0.2388465099204057,0.051347635068373,0
8060,183,62.83818166109528,Online,Electronics,UK,17,0.2603628067596211,0.1900168880649239,0
7687,38,103.54359352376812,Online,Food,UK,8,0.2212122305439103,0.17977257820097,0
1517,647,95.31688375553613,Online,Food,UK,20,0.248272663524106,0.1143970142953967,0
294,775,41.33771550261661,POS,Clothing,US,21,0.0777088729761746,0.2381195486767899,0
6285,727,156.63510866080557,Online,Travel,DE,11,0.1137106153939864,0.152193110890557,0
1275,87,133.29744189170327,Online,Travel,DE,15,0.1659542752187059,0.1431246756720071,0
8591,853,130.6120900723888,QR,Grocery,DE,7,0.0648491336804412,0.0199204305499903,0
2195,919,77.93206042425741,Online,Travel,US,9,0.0360095620898629,0.0886783137081212,0
2961,676,192.81968491624428,ATM,Grocery,UK,9,0.0754584503934895,0.2986187347056742,0
6832,920,10.133251103336534,ATM,Food,US,13,0.1612273017050935,0.2324022695325923,0
281,458,93.88383089336274,QR,Electronics,UK,18,0.0101244505670858,0.0968862053756255,0
4552,409,68.58345827052246,QR,Food,UK,21,0.0877310913221819,0.2592806158016265,0
7376,499,150.62818533480137,Online,Grocery,US,13,0.2244149782295643,0.2912820066711541,0
4607,9,109.67326854941196,QR,Food,DE,18,0.2294990587580944,0.0820110748472259,0
7326,634,61.98977106223085,Online,Electronics,FR,13,0.2111500904623991,0.1269322844750469,0
6732,505,57.3810379070604,Online,Grocery,FR,14,0.2366693676121882,0.0702645692458664,0
2729,623,15.490189118359922,QR,Food,TR,16,0.2431127002044402,0.0745956254333468,0
1079,413,142.2695691639036,ATM,Electronics,DE,8,0.0889506651502755,0.0016975829637737,0
6518,947,73.39353113011228,POS,Electronics,US,20,0.2940348929844714,0.0850055504960445,0
9971,446,1719.8294369716934,QR,Clothing,FR,6,0.7426636639188907,0.7815727913918493,1
2439,432,72.66079220421452,Online,Grocery,DE,20,0.1664624055267932,0.290343782060506,0
3762,146,91.91428419096977,Online,Travel,US,22,0.2593753699267821,0.1904383506324601,0
6824,736,109.08844476919086,ATM,Electronics,DE,19,0.2153453242177821,0.0454678383720297,0
8206,556,96.79717826771302,QR,Food,UK,7,0.2859140258548494,0.063394180113531,0
3313,439,85.97457076877652,ATM,Food,DE,17,0.0809338316975144,0.2875172319465229,0
7010,25,153.9542885673593,ATM,Clothing,US,20,0.2508742296620772,0.1247011643393104,0
6960,522,54.42207223304102,ATM,Clothing,TR,11,0.0698917077592561,0.0793242860643421,0
3004,926,52.90924892763347,Online,Travel,TR,12,0.1770899532876519,0.0108261211611931,0
2098,17,138.0054015407345,QR,Clothing,DE,23,0.1000291667023093,0.2521127426464472,0
7014,181,146.867298904785,QR,Food,FR,9,0.2223928775896458,0.0335752044302958,0
9423,738,174.44725300581672,QR,Clothing,DE,10,0.0721344758105618,0.0173998627406262,0
7240,99,133.77593682911427,ATM,Electronics,TR,21,0.215119268234152,0.062201296200143,0
2555,21,154.4669654658346,QR,Clothing,TR,13,0.2686553959785591,0.0344185564939678,0
113,320,142.29198121216962,ATM,Grocery,DE,13,0.0037561613650811,0.1796135002627451,0
5833,335,110.07919803201813,QR,Clothing,DE,8,0.198886652636392,0.2293814752219647,0
3540,969,1.0,Online,Grocery,FR,10,0.1900790005597043,0.0194140285124374,0
3583,880,131.00418408059784,POS,Electronics,DE,16,0.1506328310607509,0.1044964636640444,0
8260,764,126.59270102369,Online,Travel,DE,10,0.0281294270615321,0.0411272591949604,0
4925,521,28.66438471166846,QR,Clothing,DE,20,0.0863745380813191,0.0643725790631397,0
1158,604,179.89529300982042,QR,Electronics,DE,13,0.1113554419177348,0.0433832494953065,0
1571,123,147.15257233033978,POS,Food,TR,20,0.0737795072735123,0.1177755696467526,0
9206,621,70.24251108667758,POS,Grocery,DE,15,0.1069986367384101,0.1620116144464509,0
735,958,123.99984971675188,QR,Grocery,US,10,0.0016642825837831,0.1584891201698754,0
9608,363,4922.5875423114285,ATM,Travel,TR,12,0.9923465237053082,0.9479076765522912,1
6778,68,117.38803241134455,POS,Travel,US,21,0.2718883428379874,0.199214675858094,0
4635,493,155.36590932579668,QR,Clothing,US,17,0.1734784118238264,0.1000853527348466,0
2421,851,47.642508611002135,POS,Electronics,FR,22,0.1673007578124903,0.0514210841473445,0
285,992,111.39955818545305,Online,Food,DE,9,0.0478457553258105,0.2083519113980796,0
6326,755,70.58214887671798,Online,Travel,US,12,0.2631822371618789,0.1931104830968238,0
2642,64,121.8076490754018,Online,Travel,DE,22,0.0462053002828273,0.0343638189087327,0
9222,273,89.12181568720646,QR,Food,US,19,0.2641613861142777,0.0554435488108643,0
3570,421,55.33752512408012,POS,Grocery,US,23,0.1963072926054364,0.195774424278303,0
9879,751,2828.7014370286843,Online,Travel,US,13,0.7059476988623287,0.8911075416413884,1
4515,326,49.40363453183133,POS,Grocery,UK,19,0.1079783903767226,0.1989454262092228,0
2409,270,145.74617400589156,ATM,Clothing,FR,16,0.0768964702787741,0.1986639759777134,0
2146,71,114.759653085421,POS,Clothing,DE,17,0.2249268601079602,0.0305231428803545,0
9868,721,10.0,POS,Electronics,TR,19,0.8855746611072106,0.9637642398308804,1
2117,269,57.31612958560315,POS,Clothing,FR,9,0.0608660932045127,0.2526630629451004,0
5855,838,148.00918346871745,POS,Electronics,TR,13,0.1433957633604173,0.2747704701272235,0
8326,707,103.63430625318504,POS,Travel,TR,12,0.1493633823819507,0.2284040993009535,0
9403,381,1.0,ATM,Food,DE,22,0.0786035756143082,0.1633226678377272,0
8917,909,23.52861399836553,QR,Grocery,TR,15,0.2654795013835119,0.0972485674128214,0
5751,137,136.73548337864975,ATM,Food,UK,23,0.0364201978093807,0.2162849604930392,0
5069,802,102.1348637229222,ATM,Travel,FR,20,0.1539209127674202,0.0925866132674021,0
4926,633,85.10443360009644,ATM,Travel,US,22,0.2652564235418858,0.0963833265663394,0
7377,288,129.51599228535912,Online,Food,FR,21,0.0314561792093651,0.0109786480483729,0
3236,939,135.51492893105174,ATM,Clothing,US,13,0.2585658351182122,0.045763865300558,0
4698,273,89.89493598228911,ATM,Grocery,DE,19,0.0416910889800009,0.2402551316021842,0
3152,163,123.65413359975288,QR,Travel,DE,9,0.1638548256454259,0.2375386666648549,0
551,869,66.12037851107742,Online,Electronics,US,23,0.1042279645129404,0.2463530782314678,0
3881,757,117.61760551570268,POS,Electronics,TR,17,0.2020141759347238,0.1237102595010797,0
6042,235,141.74586737133768,POS,Electronics,DE,17,0.0196945518386455,0.0028849695821021,0
4939,865,91.87201912624651,QR,Travel,DE,12,0.0068523869470182,0.2481665374706544,0
3605,219,92.6511508976431,Online,Travel,UK,15,0.1754836559757646,0.1886282447396433,0
7388,136,1.608493845371001,ATM,Food,TR,19,0.1519580534630428,0.108324064781326,0
3097,504,167.64710238853496,QR,Travel,FR,13,0.1627409013048692,0.1790127660329902,0
8968,742,11.872390697918007,POS,Food,TR,12,0.1690252267507174,0.2016443431851914,0
742,3,129.1188472976376,QR,Grocery,DE,6,0.027656762862018,0.1148218723878221,0
2854,590,131.06951682691505,QR,Clothing,TR,10,0.2933945685998158,0.1424566592563197,0
6533,824,32.51781325687479,ATM,Grocery,DE,17,0.0005028686364498,0.1576292768294046,0
4355,283,99.80688606040692,ATM,Travel,FR,21,0.2580088283808814,0.021592625310856,0
8612,647,74.85535706183339,ATM,Food,DE,14,0.0909852616537185,0.2607697559036946,0
8296,901,91.04482231836748,QR,Food,TR,15,0.0703109249423592,0.0286993739647796,0
5113,903,159.12584588351567,QR,Food,TR,18,0.0346580155596569,0.2169053990656775,0
6395,74,140.5553452226569,QR,Grocery,TR,20,0.0299084939621332,0.1402274163068727,0
4581,546,116.30794319578816,Online,Clothing,FR,13,0.2595540449167604,0.0890847984448704,0
5062,257,87.13919815776524,Online,Food,FR,12,0.0653902163178997,0.0151105694885029,0
124,280,204.3996841255047,ATM,Travel,DE,23,0.1212178995993514,0.1093803738768775,0
8028,857,119.74608836040132,POS,Electronics,FR,13,0.0376143500295384,0.1349469160211799,0
6660,802,73.20716367153013,QR,Food,UK,10,0.279869585164325,0.1410188605393649,0
469,215,133.25112347219869,ATM,Electronics,DE,11,0.014760577404385,0.1850620262282239,0
2950,147,73.45997606025574,QR,Travel,FR,14,0.1365140011493107,0.2446501000771914,0
251,809,141.2977077810032,Online,Food,UK,22,0.1077652446432062,0.0565758312170355,0
3337,368,67.34847122709726,QR,Travel,DE,15,0.2254606779157944,0.0533612131053767,0
5150,150,34.71643264818792,QR,Clothing,US,12,0.0420960231531243,0.063777511614677,0
8227,370,154.20582729524534,POS,Food,TR,19,0.2737322962405239,0.181062173710662,0
2750,290,112.4943779081915,ATM,Electronics,TR,17,0.1227519870938597,0.1063937951936944,0
9941,246,2217.15990390184,Online,Clothing,UK,21,0.9469900594334936,0.8625932241846718,1
9846,296,3010.6682198665603,ATM,Clothing,US,4,0.82420217021893,0.978673879712056,1
1917,143,1.0,POS,Electronics,TR,21,0.0414144384763852,0.1124699004296635,0
702,404,128.8624186187765,POS,Electronics,TR,22,0.19231481815386,0.0142070290155533,0
5978,202,167.8794104638421,Online,Clothing,FR,14,0.1734154092054613,0.0915315280060043,0
8831,195,80.03828903514494,POS,Clothing,DE,13,0.0156946465743835,0.253468197845608,0
9503,588,2613.4806995077306,POS,Clothing,UK,5,0.7692925070744014,0.7820944461094589,1
7909,604,64.53641414280754,ATM,Electronics,US,12,0.1212076986934286,0.0770843471157405,0
7821,289,165.54413633443482,Online,Electronics,UK,18,0.0703632827392265,0.2276929700138286,0
3085,159,86.27110001235188,POS,Electronics,US,13,0.1724918997244351,0.1129364080024892,0
3466,188,186.2519294899008,POS,Travel,FR,19,0.0549541960446092,0.1151682389589854,0
7690,161,110.13658441198449,QR,Electronics,DE,8,0.0060304896937037,0.2102367754381163,0
2956,516,120.76226171616968,QR,Food,US,11,0.0607091195353011,0.2444780235281342,0
8578,209,1.0,Online,Electronics,TR,16,0.213631194145748,0.2950399862137486,0
5241,41,102.6480544957306,Online,Electronics,DE,14,0.038901044588044,0.0485254766098638,0
7962,557,101.34558620706804,POS,Clothing,FR,11,0.2843762790482244,0.2743884895225058,0
2682,582,70.39429034051508,QR,Grocery,FR,20,0.2135863889299648,0.2720144634926968,0
839,152,52.69850868245194,Online,Grocery,FR,14,0.0571045454470663,0.2822786075948504,0
5232,225,82.26490278340296,ATM,Grocery,US,22,0.2156680215939115,0.2859554621340019,0
1643,206,147.12046475170675,ATM,Food,FR,9,0.1768407945213916,0.0163718289935414,0
5577,195,39.61668235490327,POS,Grocery,DE,9,0.1579506337398048,0.0161421090977049,0
634,604,132.86005506480268,QR,Clothing,TR,14,0.2664970939444234,0.2044902773502109,0
17,695,114.55034312319071,ATM,Food,FR,9,0.2620353289080753,0.2805354114967361,0
8519,584,92.99669868611792,QR,Travel,DE,9,0.1863901803859704,0.219111298269449,0
4867,245,61.91773805321182,POS,Electronics,FR,17,0.0362866859468892,0.2442692973328234,0
7502,842,147.6008272664654,Online,Clothing,US,14,0.1632424385219372,0.0549361042318455,0
5495,631,42.48166513183169,QR,Travel,US,13,0.1450963221821961,0.0390630055036419,0
2914,837,1.0,Online,Food,TR,14,0.06915358836505,0.0212822299769694,0
6650,520,79.8050544567793,Online,Travel,DE,16,0.0250563083487088,0.250589640061475,0
6054,947,117.1478133727653,QR,Grocery,TR,9,0.1661695295016632,0.1274555563705606,0
8851,851,113.22703078680844,QR,Travel,DE,14,0.1350092202545841,0.14853708337976,0
2276,189,101.5713504676923,Online,Clothing,DE,9,0.1452200809136703,0.0583712666225893,0
8962,228,115.00768707634882,QR,Travel,FR,8,0.0548673327055203,0.1953178226455672,0
1249,187,3.677253027022587,POS,Clothing,TR,18,0.0014967892737067,0.0607546581395185,0
9994,689,1853.876476294026,POS,Clothing,DE,8,0.8439832764861446,0.7158824083734686,1
2118,606,104.43031953623743,QR,Food,US,11,0.0244972625540187,0.2207797374820066,0
87,655,45.10057162901013,QR,Electronics,UK,21,0.2594489307739079,0.0943974776490911,0
701,644,110.11129372959824,Online,Grocery,DE,9,0.2339446004529295,0.230697184066405,0
3685,305,102.10066147767375,Online,Travel,UK,18,0.1297840089959121,0.0570585667419226,0
9566,461,3444.773786311663,ATM,Clothing,FR,4,0.7823408060567604,0.927883737301772,1
2542,551,60.59891906121721,Online,Food,FR,16,0.2284924278470499,0.1629427234326111,0
1538,220,103.29687967139937,ATM,Grocery,DE,21,0.0868598379971795,0.1843259110039586,0
1314,276,108.76225970162804,ATM,Clothing,US,12,0.1435454568793171,0.120915748464189,0
2852,922,154.56494781476337,QR,Food,US,14,0.2761469589733662,0.1196176794235748,0
7446,196,54.93678872100591,QR,Clothing,FR,22,0.0056549476745344,0.070474644012981,0
2731,890,123.52994567516797,QR,Grocery,US,19,0.2768245978670963,0.0579131433787901,0
8203,355,53.88379718661318,POS,Electronics,UK,7,0.0795558968172116,0.2876782302093309,0
8585,731,143.20290268070897,ATM,Electronics,TR,22,0.1302549660871207,0.1299822217071463,0
6630,537,181.60761219226472,QR,Electronics,TR,17,0.276711132937409,0.0195761003670646,0
8057,145,51.9873537790519,ATM,Grocery,UK,18,0.2759663147500787,0.2476001841884489,0
754,862,30.928367373485106,QR,Electronics,UK,22,0.059293102954721,0.1555476562337415,0
7342,821,115.64589944505856,QR,Clothing,DE,6,0.002182108203846,0.0047267693477664,0
885,879,139.9805813028122,Online,Clothing,TR,22,0.1987107315345888,0.2714587906221027,0
2570,589,232.68624376831752,POS,Food,FR,21,0.2631569770026403,0.2563964663961799,0
2892,179,119.55401748332672,POS,Grocery,TR,15,0.0222683354311756,0.2201968624263312,0
8391,122,77.57046892749688,POS,Travel,US,6,0.011901818609486,0.2679793938256264,0
5816,580,71.15053667039169,ATM,Food,TR,23,0.0296175481648327,0.0459656738210533,0
5597,278,64.07883801575781,POS,Grocery,UK,20,0.0323441300252528,0.0494386720825396,0
6306,383,117.39770663033948,ATM,Grocery,US,19,0.1360075281414054,0.0365755545782894,0
3161,399,107.46526206127209,Online,Food,UK,18,0.0615071336671749,0.0112453612290585,0
9723,631,2830.4336256815195,POS,Clothing,US,4,0.9251573393310356,0.7427565816549759,1
6339,513,191.94532821547523,ATM,Travel,UK,9,0.2925079202635752,0.1464960751095246,0
2263,97,93.7784607928095,QR,Food,UK,21,0.1373246308648849,0.0817649671614479,0
2481,344,192.1962871257643,POS,Grocery,DE,13,0.0522323310620066,0.0425945647653882,0
3844,224,76.67754040465653,QR,Food,TR,7,0.0397882712887238,0.0859460599699325,0
2988,287,109.60571335393342,POS,Clothing,FR,9,0.126120693149967,0.0139923185492464,0
3077,184,143.63797281170486,ATM,Food,US,11,0.2209388547292139,0.0065845920061866,0
7571,46,16.202201456707627,QR,Grocery,UK,11,0.0245815839017605,0.1160495420181362,0
1382,661,62.0759200437595,ATM,Electronics,TR,8,0.0565795640581893,0.2300897216303507,0
3650,899,126.10819351942088,POS,Electronics,UK,17,0.0714238126789412,0.2468862031945851,0
7810,219,75.17100231300412,QR,Grocery,DE,9,0.214344922128649,0.0142308675527553,0
440,232,117.19339065739686,ATM,Travel,DE,16,0.2243288001864357,0.2043266471399664,0
7335,868,127.240342063472,ATM,Electronics,US,21,0.1143211738982831,0.0065272189792057,0
5887,860,93.97147716153928,QR,Electronics,DE,19,0.093928171859859,0.1178726691199958,0
5421,991,47.10316689955455,POS,Clothing,US,11,0.2309174324531805,0.1859136226506869,0
5355,366,176.65344129256522,QR,Travel,DE,23,0.0451085097405068,0.0880251514849247,0
570,246,148.64555351841184,Online,Travel,DE,11,0.2705409521422597,0.2595281586615152,0
3089,11,28.99585084886442,QR,Food,UK,11,0.0128433491368628,0.1626457054376452,0
4273,391,125.73790100900416,POS,Travel,FR,11,0.0060217835788596,0.0423318654844231,0
8258,972,131.21345771704125,POS,Clothing,UK,23,0.2272106275058467,0.0025677611210231,0
1573,316,176.1355649648085,ATM,Travel,DE,23,0.1761436305362746,0.1776192384390819,0
5675,149,146.20907955119674,QR,Travel,TR,21,0.1253718946509951,0.238924140675404,0
6441,642,58.19024309202101,POS,Clothing,US,13,0.1118244019376142,0.0421802885727791,0
4714,375,39.48691045765306,POS,Travel,UK,17,0.0188966498753915,0.1620315950822935,0
5015,562,116.52640864527078,QR,Clothing,TR,19,0.0254185963427138,0.1261805162940071,0
4156,327,69.81563641015013,POS,Clothing,FR,20,0.0436691681461717,0.2143659730118249,0
9654,243,10.0,POS,Clothing,US,21,0.7787252590744452,0.800101500595877,1
159,926,81.08617277112958,Online,Grocery,UK,11,0.1646934542843341,0.2865712960294814,0
2363,815,146.04079329399977,Online,Clothing,FR,21,0.0543091200075343,0.087977977881481,0
6367,432,69.34078333958635,POS,Travel,UK,7,0.1940666568474492,0.1735301269899973,0
4868,733,138.89688837901534,POS,Travel,US,6,0.2390418184563394,0.2394398290191955,0
6157,841,1.0,POS,Food,US,16,0.203581693466426,0.0195804955571872,0
3040,330,94.75501811049388,QR,Travel,DE,17,0.2158822978576311,0.0825755527478471,0
2427,182,200.51341899182768,ATM,Clothing,DE,19,0.1361692898422241,0.229963504291328,0
4476,568,96.88797608379993,POS,Food,DE,18,0.0797209418329929,0.0502404112835678,0
5776,687,46.266120100844674,QR,Clothing,DE,10,0.1295982225588869,0.2446594894889076,0
4730,537,62.95314431584387,ATM,Travel,DE,6,0.0269661554350409,0.2323689290364108,0
448,25,86.06455378901764,QR,Electronics,FR,17,0.2437292058671219,0.0893988218874638,0
1468,250,141.6818698401846,ATM,Food,US,21,0.2955170063638521,0.2856997490466824,0
2897,194,170.79375746323046,Online,Grocery,TR,9,0.0262869971209129,0.0814489707627192,0
2922,964,140.5997787677066,POS,Food,DE,15,0.272151732035388,0.0820956998548307,0
7519,456,6.596857934618967,ATM,Clothing,UK,7,0.2481254798341178,0.061547858919012,0
629,545,37.74827703743212,ATM,Food,US,14,0.2580027301705485,0.0787198332108981,0
802,381,103.05142917781605,ATM,Electronics,TR,9,0.056302309373282,0.2738099390679566,0
6355,388,142.62042050799874,POS,Travel,FR,10,0.1889127537238329,0.0381670568578146,0
6509,449,28.60967354578133,QR,Electronics,FR,13,0.0542270347861102,0.2559930214100877,0
6531,263,207.38924136202564,QR,Food,US,13,0.1965838270755946,0.024908503865437,0
8908,282,10.352471135790324,POS,Electronics,US,13,0.2484163258618082,0.0614479518767684,0
2041,939,178.75686605439557,ATM,Clothing,US,7,0.0414642623721874,0.2008623333221407,0
2334,243,65.56909757187702,Online,Travel,UK,12,0.0113020232358777,0.2917876310802592,0
4765,867,129.8286172441775,ATM,Food,UK,18,0.0146191547857488,0.134765188843851,0
3974,515,78.89354179636045,POS,Grocery,FR,23,0.1318510633063579,0.135200739478905,0
6199,981,156.99021081252428,POS,Food,FR,21,0.0737542944001072,0.1249243679389691,0
7375,234,167.08601443600577,Online,Clothing,US,10,0.0832032216818413,0.1026452154049838,0
2861,574,47.60950908108848,QR,Travel,TR,22,0.0100212025027037,0.0326473360836854,0
6720,754,46.98420049844791,QR,Travel,FR,11,0.0633906334404863,0.1858930751913503,0
3993,657,69.4793427050933,ATM,Grocery,DE,6,0.036189050801836,0.1946213008493031,0
6506,809,61.25913681997425,POS,Travel,FR,11,0.2443974359908854,0.0072453324896172,0
473,558,149.38675505126542,ATM,Grocery,TR,21,0.1297513987820118,0.1057750545213623,0
6474,621,116.45142729137332,POS,Travel,UK,8,0.2033775419750121,0.0357720927807296,0
7897,868,131.767590564957,QR,Electronics,TR,8,0.138913085675978,0.2963077967204809,0
5351,379,75.45867600429754,ATM,Clothing,UK,15,0.1873527871186277,0.0288494448335703,0
1237,693,181.70705044427456,ATM,Clothing,DE,23,0.1283350964325185,0.0312613942927481,0
8207,451,13.898820959269033,POS,Food,US,14,0.0077534113340146,0.1722654854505371,0
8517,705,75.1204627677902,QR,Grocery,UK,13,0.1405957522085261,0.0214384721396992,0
5951,470,58.57915347748449,QR,Travel,FR,15,0.1716873867923093,0.141846638667508,0
5540,210,1.0,POS,Food,FR,7,0.2797939415297301,0.0778582737130716,0
2099,911,85.01472032360732,Online,Clothing,FR,9,0.2061290973961227,0.188036175775311,0
5274,971,192.61454770354425,POS,Food,US,12,0.1575142769316355,0.2447392171999927,0
3287,652,180.28056916209383,QR,Food,UK,16,0.1998789531870564,0.2601968034310171,0
7593,237,136.49160564203208,Online,Electronics,DE,14,0.0613563268264668,0.1076071992115748,0
3406,347,123.95895797057472,ATM,Grocery,FR,17,0.2659279619853191,0.0952225570726866,0
2371,369,132.7186979696809,Online,Electronics,FR,9,0.2449251655552745,0.20662623777446,0
2597,25,33.754199028876826,POS,Clothing,DE,7,0.0269777092163052,0.0889808293965953,0
9986,674,967.5156068882072,POS,Travel,TR,21,0.8301196922392327,0.978204132664232,1
457,455,121.0542495109903,Online,Food,US,20,0.0289307802112069,0.1448114486234685,0
4040,150,64.60135264967988,QR,Grocery,UK,12,0.2069335741031157,0.1581681204638845,0
2821,843,152.63844698057926,ATM,Grocery,DE,12,0.2198580982302941,0.0170620818710848,0
5803,347,104.23038718564722,ATM,Electronics,FR,12,0.2996042833775748,0.1399319175660195,0
1995,191,174.74114499461632,QR,Travel,UK,15,0.1778092559946135,0.2093926335361174,0
9630,548,2459.281515317627,ATM,Travel,FR,6,0.9883425364293774,0.9933432931921318,1
6337,946,82.16807529304782,ATM,Grocery,US,19,0.1466639345444408,0.2924775911040618,0
8792,75,53.17316064868449,Online,Electronics,UK,21,0.2319088586614104,0.1246173538104116,0
4179,282,108.46440118280064,POS,Food,TR,10,0.1128278471766234,0.1068898732553065,0
4977,873,95.13094970432662,QR,Electronics,DE,19,0.0748059732401059,0.2745115573954828,0
6715,841,24.050770822229268,POS,Travel,FR,14,0.0526574603773995,0.1494467841378137,0
1483,823,185.70917333121685,ATM,Food,UK,20,0.252060787454548,0.0450689227168717,0
9057,479,100.0280927734605,Online,Food,US,13,0.1428715555410366,0.1449564071820188,0
2422,139,129.27691291692474,QR,Food,DE,15,0.2297548616151223,0.0591633761438131,0
5146,985,77.14930900739012,POS,Electronics,FR,12,0.0974177796893345,0.2864326440118435,0
8737,65,102.04092831947176,ATM,Grocery,UK,9,0.0697097885179192,0.2532315101896444,0
9387,147,160.84910196026252,Online,Grocery,DE,11,0.2759664894050098,0.1589715412722665,0
1120,283,139.84024165285328,Online,Food,US,7,0.2056788876569317,0.1502952471582659,0
9139,769,135.33542351011545,POS,Grocery,FR,16,0.0731185041035093,0.0833049940210806,0
3931,914,123.30091150066922,ATM,Electronics,US,22,0.0648018558816736,0.2579838288422393,0
3549,404,135.44682255343585,Online,Clothing,FR,12,0.2855198966293641,0.186530434233457,0
3662,827,140.22898178688212,Online,Travel,UK,19,0.2949689978315434,0.1687746316970835,0
2453,301,137.40978921970736,ATM,Grocery,UK,17,0.0637755877479756,0.2499233423358036,0
3353,323,23.80706812762976,Online,Clothing,DE,13,0.151553856396278,0.1929808328276529,0
1105,265,129.79656735195832,ATM,Travel,FR,6,0.138110495969472,0.0881556391380755,0
9972,561,1144.0039301158629,POS,Clothing,UK,19,0.8305861112303684,0.7922752760650058,1
168,715,104.71396468071396,QR,Food,DE,18,0.2876588965621998,0.0337960132731972,0
8927,736,139.76651358942755,ATM,Grocery,TR,20,0.1374654470989411,0.1440262309694229,0
5005,841,126.0302359080502,Online,Electronics,DE,19,0.1386050933089319,0.2209865683377758,0
3332,447,69.93225914645123,QR,Travel,UK,22,0.102227786587827,0.0321264543852439,0
2696,196,92.14493850052456,Online,Food,TR,12,0.0637813551732115,0.0323775406162056,0
9910,436,422.7368762689066,Online,Electronics,UK,4,0.7486519184057877,0.828139007528674,1
2011,793,81.6322095615876,ATM,Grocery,DE,6,0.1734274585897154,0.207243843868617,0
7196,869,84.37238454890229,Online,Electronics,FR,6,0.0700416672609225,0.1824851253493354,0
7378,509,37.11480044435703,POS,Food,DE,11,0.0922458760735726,0.255760936104611,0
4298,847,91.65205846735248,QR,Food,TR,18,0.2663406894669032,0.1302051708422683,0
5276,419,44.76662261362424,ATM,Electronics,UK,17,0.1125671390465716,0.0928493187892902,0
1048,386,74.31943488930301,QR,Electronics,DE,19,0.098710632588536,0.1798416419370035,0
2699,422,13.224119482013691,QR,Grocery,US,7,0.171557612477218,0.1132215976238297,0
4257,78,88.9107399460804,ATM,Travel,UK,14,0.1415926523705687,0.0692593985419618,0
2072,830,90.59818570566658,QR,Electronics,US,21,0.0748120405301646,0.1521565796954073,0
5008,377,128.3628201029,QR,Grocery,DE,14,0.1024396040532129,0.0024090744330999,0
3608,432,20.72189770670253,ATM,Grocery,UK,23,0.0642874910285725,0.1854771889334144,0
3274,203,141.71313789447686,POS,Grocery,TR,20,0.1257962242585907,0.0890497422347326,0
3488,762,236.1558993813216,QR,Electronics,FR,8,0.2017828665256994,0.2002422557994387,0
7194,887,105.2716953068431,Online,Grocery,UK,6,0.2234741163778431,0.1105681303023212,0
2370,719,134.10390978701133,ATM,Food,UK,9,0.0658477060357895,0.140280497352693,0
6952,545,81.1299407474365,ATM,Electronics,FR,17,0.096538541453564,0.1678092011515747,0
4211,269,89.37344870781544,POS,Electronics,DE,7,0.0778555128349558,0.1698649330851389,0
9847,955,3199.762766771531,POS,Electronics,NG,12,0.800712563016318,0.7740973206242093,1
7402,701,101.40382672472744,QR,Travel,FR,7,0.1647939348194068,0.2919396246385753,0
3572,185,82.01505820133352,POS,Grocery,DE,9,0.1878593379073305,0.2011575778373766,0
4574,598,50.16240487971172,POS,Electronics,DE,17,0.2973685665064178,0.1078005152375465,0
8868,13,136.367629113443,Online,Electronics,UK,7,0.2334438325378102,0.2662419986955534,0
5458,574,119.55950794131256,QR,Electronics,US,18,0.2434924752380919,0.1997586150605586,0
3325,41,171.99502781784054,ATM,Travel,US,18,0.1550020506766914,0.0470199986602934,0
7868,668,107.1710934357538,Online,Electronics,DE,14,0.0942351192940983,0.266232462536795,0
537,559,195.0560365633804,POS,Food,TR,17,0.1626824859894569,0.1190277378310958,0
6897,304,137.1681780753457,ATM,Clothing,FR,18,0.2388500218327522,0.2724822179503676,0
8166,386,51.323709567627255,QR,Food,FR,16,0.261134701920592,0.213013739880666,0
1968,70,155.30934190619405,POS,Food,FR,15,0.0328216186139854,0.1396969425108666,0
1201,605,71.08899166895401,ATM,Clothing,US,21,0.267676531628357,0.1015043431094119,0
5012,241,92.99094031945714,POS,Clothing,US,17,0.2128861474376736,0.1860235807319641,0
6048,122,52.83786186781111,QR,Electronics,UK,21,0.2698286949358386,0.1332371879309112,0
4282,93,96.89099728397116,POS,Clothing,TR,22,0.0947578928091392,0.2134039559048997,0
9683,675,3462.590119305601,QR,Food,FR,1,0.909682738308402,0.9372123374824076,1
1250,741,150.18453555560012,ATM,Grocery,DE,11,0.1603834195320684,0.018204605954172,0
3903,502,89.97826866528193,POS,Electronics,DE,15,0.091641496537426,0.2717450466601857,0
5730,325,138.4307718833481,QR,Clothing,UK,12,0.042847315258831,0.0296941740935843,0
3280,771,116.45596067086473,ATM,Food,FR,14,0.1690504540581623,0.0401839788484067,0
656,90,111.88805822974464,ATM,Grocery,US,23,0.1675738602497187,0.0128383040121478,0
3480,376,40.822931459453805,POS,Travel,TR,11,0.2476688409583707,0.0174502945600345,0
9727,260,843.3089809889111,ATM,Food,US,4,0.9064499009551212,0.8693480221731167,1
9995,478,2661.977484100692,QR,Clothing,UK,18,0.9417752237443398,0.983692509011614,1
4429,64,73.97985048802747,POS,Grocery,UK,15,0.1830140774097413,0.2380732973664065,0
8183,633,32.86401675811025,Online,Grocery,TR,20,0.1186890461976903,0.1241564295139398,0
2547,760,44.263837202249576,QR,Clothing,FR,23,0.1365079877507248,0.1810620119060209,0
8442,583,140.3166009529465,Online,Electronics,FR,12,0.1163944168727506,0.2558180560729031,0
3361,562,146.30872633425685,POS,Clothing,FR,10,0.0380678740070055,0.0450699130138609,0
2743,808,66.31715641984042,POS,Clothing,UK,16,0.1015096974268711,0.1356671312290131,0
6550,991,79.42887651719761,POS,Food,FR,6,0.1269068053521578,0.0104560501327033,0
4678,648,130.30759357676806,QR,Electronics,UK,15,0.1889434657283428,0.2440137188442827,0
2522,437,136.17911429550284,POS,Grocery,UK,20,0.0885230205306195,0.0559887139764248,0
6046,765,37.20916078788368,QR,Clothing,DE,14,0.1619605522266271,0.1827666142620941,0
5891,51,105.97989772874294,ATM,Electronics,US,21,0.2451308112213207,0.1186506304420218,0
7220,745,52.7265645911884,QR,Electronics,TR,8,0.0495906376314559,0.1909405797988021,0
6313,601,32.71254479752152,Online,Electronics,US,7,0.0761447247365681,0.1840539254247652,0
2809,522,173.2677353764309,QR,Grocery,FR,9,0.2733769608295719,0.1009711877548359,0
8289,70,109.14866801526308,QR,Grocery,TR,11,0.1603022058884396,0.0346000211536918,0
3271,708,51.81197008122415,QR,Clothing,DE,22,0.2442224877885358,0.1519226761508322,0
7981,994,73.17729424885326,ATM,Travel,FR,10,0.2223895857433771,0.2326316767325923,0
4647,214,97.35891302362111,POS,Grocery,US,10,0.2061762030232,0.2337261752350251,0
4029,198,74.1017307752758,POS,Grocery,FR,11,0.1579440185114206,0.0791393140442128,0
9095,946,28.119873194422222,Online,Electronics,DE,7,0.2638609286243691,0.296723569069621,0
1798,682,66.30393111684793,QR,Electronics,UK,13,0.1299687664396048,0.0830804819487873,0
6286,618,142.73940007065235,QR,Food,US,6,0.2278510590620334,0.253588423608806,0
4978,459,134.2562169207653,POS,Travel,DE,9,0.2397343771576456,0.1402628268623147,0
8930,848,60.35343518155825,POS,Electronics,DE,12,0.2021284255020253,0.0128205220513428,0
2617,886,91.43583377679064,QR,Grocery,TR,16,0.2389992556121703,0.2610743228284792,0
7523,438,154.17206516739424,POS,Grocery,TR,14,0.1784509245703231,0.1796260957280032,0
4184,966,124.05857787896134,QR,Travel,FR,9,0.0934209595868878,0.0790491225058765,0
7937,55,109.505314642464,POS,Travel,US,16,0.0213232628300476,0.1284030578410697,0
3737,486,112.44660529801337,POS,Grocery,FR,18,0.1533996808886378,0.1268895006650663,0
8007,355,114.22118702259858,QR,Grocery,TR,19,0.0167988796604112,0.0598646975122551,0
7427,747,45.68541715010359,POS,Grocery,US,11,0.1935907409474433,0.0012131710814363,0
6169,577,36.461560558522976,QR,Travel,UK,13,0.0171031745561904,0.0610591577758266,0
5236,364,69.88568226657947,ATM,Grocery,US,15,0.0305825301182163,0.1780127867025033,0
5875,918,176.4209923286545,Online,Grocery,TR,9,0.2651947190641783,0.2212139381421074,0
9996,390,22.168429062989272,Online,Electronics,TR,5,0.8990753678768784,0.9996026492679309,1
9030,753,98.89186576845728,QR,Clothing,TR,19,0.1667332061118772,0.2806026202291985,0
5554,574,72.87450461426332,ATM,Electronics,US,13,0.0174423302096376,0.1832248324917264,0
3203,286,112.1556674141858,Online,Food,US,10,0.0415645317632003,0.0952229643342384,0
9774,990,2767.2388038356185,Online,Clothing,UK,16,0.938642059614782,0.7391865557140879,1
3401,163,1.0,ATM,Grocery,TR,21,0.2524703578351037,0.2731574976189463,0
4001,329,34.60221250183115,ATM,Electronics,UK,11,0.0997729080027614,0.1833267019622503,0
1303,963,48.64922058858608,ATM,Food,FR,20,0.002192922757922,0.2989300888271006,0
7029,419,28.71579592137519,QR,Food,TR,13,0.1559780825699146,0.2207284652387183,0
5580,968,68.2184192069201,POS,Grocery,DE,20,0.2382468682387595,0.1657682056162728,0
833,504,154.2413870078054,ATM,Grocery,FR,8,0.2606139693374477,0.2215667016514926,0
7435,975,94.54533958618732,POS,Electronics,TR,10,0.0838979391734616,0.0342576825592761,0
5994,446,83.93144490739041,ATM,Travel,US,20,0.1955544969209258,0.2357932200928092,0
4603,179,38.74082507141628,POS,Travel,FR,13,0.2781387103681614,0.1071695186004067,0
6317,187,163.28995421831723,POS,Electronics,FR,21,0.1589474404985922,0.1230920042666152,0
9148,145,127.25847306111218,QR,Travel,FR,15,0.2030590839280548,0.1345000562308793,0
2984,414,64.23687403424105,QR,Clothing,FR,10,0.0717344482486181,0.089098377701619,0
9901,766,1254.6520392650418,QR,Travel,UK,4,0.848209431210955,0.8803794728856369,1
5770,954,56.85953681959472,Online,Grocery,UK,13,0.1322202967559737,0.0253384399727114,0
2312,138,123.40759898421268,ATM,Grocery,DE,13,0.0325756329155168,0.0167111409837884,0
66,583,30.45529343706144,Online,Travel,UK,8,0.076720288539127,0.2188404086067932,0
4649,789,133.48422446582524,QR,Food,DE,18,0.2045663478812453,0.1565938471992004,0
4981,751,117.4466913675557,POS,Electronics,UK,13,0.2006201409435173,0.2150958679708926,0
4292,305,37.16983978763727,POS,Clothing,TR,10,0.2770315206655914,0.0868522623853049,0
6467,575,108.31582546875616,POS,Grocery,DE,16,0.1266121357104099,0.0487156126133903,0
7559,740,79.39480250133808,Online,Electronics,FR,15,0.1462491920496703,0.2935786333641043,0
697,302,158.36045418235793,ATM,Grocery,FR,6,0.0217690807441674,0.225835692252086,0
2641,49,168.92451110763648,Online,Grocery,US,22,0.0997502784686872,0.1726915003576588,0
8852,536,98.9500871832862,QR,Electronics,UK,23,0.0578255274058157,0.2279326956493996,0
421,123,77.68339606164076,POS,Travel,FR,18,0.2591024075454258,0.2324657624019565,0
7245,285,128.1094765342621,ATM,Food,FR,21,0.1530442975731127,0.2464806928250943,0
8309,286,131.50465790657523,POS,Electronics,US,11,0.0643709823701566,0.0040047865511367,0
6389,753,66.48547097752754,ATM,Electronics,FR,19,0.1922159924970101,0.14133728568758,0
1001,678,75.766637063328,QR,Grocery,US,6,0.1093274834103015,0.0732882144326448,0
744,289,35.25113056825383,POS,Travel,FR,19,0.2233471909439387,0.2784255137080207,0
4103,110,138.14043447866476,QR,Clothing,US,20,0.1568063474855153,0.0229608679439393,0
1956,267,93.9240160899881,ATM,Grocery,US,6,0.0250992412686604,0.048334679138635,0
2444,480,120.19883825277329,Online,Food,TR,23,0.0753507434969596,0.1886954012686616,0
7649,181,206.7541004465065,ATM,Clothing,US,18,0.0684446054774941,0.0187507476555502,0
666,627,126.9700994104704,Online,Electronics,US,13,0.1553450884400771,0.0402186771412002,0
6129,215,74.05664160234895,Online,Grocery,TR,18,0.170259495749982,0.1705658477191028,0
7652,964,78.52091772041416,Online,Food,US,19,0.112831717545007,0.1364085358045896,0
2050,990,69.80070703920619,ATM,Grocery,UK,12,0.1225328519546605,0.2033676538743811,0
2940,931,8.021747608894842,Online,Travel,TR,18,0.089906590040165,0.0982379909110163,0
7242,992,64.2303214380413,POS,Travel,US,7,0.1581612108729765,0.0771968105610351,0
9714,568,860.867349568829,POS,Grocery,US,10,0.7999614108033128,0.9916530517576312,1
8161,294,118.7144755065423,QR,Clothing,US,22,0.152678206154126,0.0676173314549632,0
658,323,28.33380358096578,POS,Food,US,15,0.1695507611490539,0.0516404083978785,0
3957,863,119.95943584407298,Online,Clothing,US,17,0.0425230559340813,0.032543482615852,0
898,127,102.02822740476802,ATM,Food,TR,21,0.0117026308336556,0.132985974719295,0
2145,246,46.83584951147533,POS,Grocery,TR,19,0.1893566943622917,0.0683620021046168,0
2282,701,157.47046468331234,ATM,Electronics,UK,13,0.2406323932010901,0.0710420018346403,0
7210,362,165.0453226773593,Online,Electronics,US,14,0.2895078560747667,0.0781398735919307,0
6623,924,49.59112603075917,POS,Travel,FR,10,0.0575956062731169,0.092363660453329,0
2227,732,52.21809076528785,POS,Electronics,FR,23,0.1549875992112079,0.1073110962526438,0
6953,595,49.65264751957004,Online,Clothing,US,20,0.2891424231393634,0.052714692962092,0
4789,333,90.5213152258672,QR,Clothing,US,20,0.1197484891742923,0.0237999532013531,0
5409,299,83.46343896008607,Online,Clothing,UK,14,0.1538743170049499,0.1353373346573778,0
4013,116,141.10210019644714,ATM,Travel,UK,10,0.015880851200147,0.1786416559239694,0
4333,438,168.4941629976181,ATM,Travel,UK,10,0.2804318311792179,0.273819252765464,0
8175,799,49.44805686329,POS,Grocery,US,23,0.0709760061580634,0.1280614112626649,0
5914,86,103.5143533544567,Online,Grocery,DE,9,0.1861304267227763,0.1907698785100537,0
8626,851,113.09176602857686,POS,Travel,UK,16,0.2601460365885185,0.2648714145121593,0
9607,242,2909.303830811107,POS,Food,DE,20,0.8374950850734273,0.755615681982892,1
6330,58,86.38101884573871,QR,Food,UK,14,0.2717582547434891,0.1465122886653748,0
3146,355,43.87578381385669,QR,Clothing,UK,11,0.1707843490128995,0.2934903113982093,0
8446,526,115.8860867506467,Online,Clothing,FR,19,0.2995319965924795,0.1066145035965544,0
4190,297,104.58699379936412,QR,Grocery,TR,11,0.2817005447421718,0.0434079410289509,0
6547,726,36.18911584494244,POS,Food,TR,15,0.2255223135737175,0.0451565756416392,0
3782,274,74.89021041380856,ATM,Clothing,TR,21,0.2473279796499337,0.1218500249865324,0
4793,333,136.99603801232752,POS,Food,TR,10,0.1388097291771351,0.2462886624302748,0
1432,140,115.91864697573332,ATM,Grocery,DE,21,0.0859012684132066,0.0612484273306845,0
7712,642,137.55605953902406,QR,Clothing,UK,17,0.2976380390025578,0.2508333382300087,0
3457,426,137.05825236632694,QR,Food,TR,15,0.251591799886441,0.024081830506954,0
5829,352,185.5125195558657,ATM,Clothing,FR,9,0.2358706191002964,0.245362859985171,0
8373,752,92.4173163982898,ATM,Electronics,TR,21,0.2533313561796483,0.252817956824529,0
5,565,58.95699899185479,Online,Travel,FR,9,0.2890058876887943,0.2830323969813213,0
280,165,135.1656530728796,POS,Travel,TR,12,0.2689157680442876,0.2015005919240151,0
7628,912,104.15629089396246,QR,Food,FR,9,0.0805631611742246,0.0338559032899883,0
8346,276,97.54603978865906,ATM,Travel,TR,21,0.1195527371931968,0.2649296489771063,0
5262,181,102.9926480689842,ATM,Electronics,US,19,0.0108243516327283,0.0797405819161959,0
6966,221,64.97979076659193,POS,Electronics,DE,14,0.2220744333240979,0.2928599168750513,0
3199,846,1.0,ATM,Electronics,US,21,0.0503177612816934,0.078092533014859,0
5191,220,83.05159745883319,Online,Food,DE,20,0.0590175091290577,0.0989489259816876,0
7281,249,118.38486266124391,POS,Grocery,TR,8,0.0619113033270698,0.1699898175819735,0
2160,798,73.85737064818565,QR,Food,DE,8,0.1681881674429896,0.1341284003763367,0
5530,370,77.31578651695492,QR,Grocery,FR,17,0.1724667969109001,0.0559441906111229,0
2105,223,116.85436463668404,ATM,Food,UK,22,0.0647615540640639,0.2464408577795298,0
1477,143,85.9536687896113,Online,Clothing,DE,18,0.2427314359271184,0.1207628716783038,0
9380,45,147.2830331410292,QR,Electronics,DE,21,0.1277997072075886,0.1604913816526663,0
5295,428,66.66076180191303,POS,Clothing,US,11,0.2579719965607184,0.0016946248221658,0
2147,829,115.61936217058224,QR,Travel,DE,14,0.2191850637649564,0.226772739659372,0
6274,35,70.03277597167497,QR,Travel,US,15,0.1045492746875703,0.2755422803097737,0
4310,984,71.04691993303877,POS,Food,DE,6,0.1484232892864804,0.2954777807427343,0
3711,443,13.807489059498051,ATM,Food,FR,6,0.1389606152852878,0.2995758044178589,0
6406,953,68.08555846916374,POS,Clothing,TR,9,0.1505342154254918,0.2366840025111984,0
7965,140,51.25847588260172,Online,Travel,US,10,0.1586301361642365,0.0085786108372251,0
65,354,113.74563553937536,ATM,Food,DE,6,0.1065005967457882,0.2379630166186166,0
7514,873,113.68959626431,Online,Travel,TR,7,0.0218786299819131,0.0383824049593902,0
9690,877,10.0,QR,Food,NG,12,0.8345840555275316,0.9428675537424812,1
2739,387,80.36246908014601,POS,Food,FR,9,0.0786214196631076,0.1891114945626382,0
5025,38,32.21753483659907,POS,Food,UK,17,0.0064421158210609,0.1057496415285217,0
3387,214,76.67257768975044,POS,Grocery,US,10,0.1021588488933918,0.1344269537726006,0
6145,675,71.36554047860176,POS,Food,DE,18,0.1975653295552519,0.1689700831143755,0
2976,489,126.0299440554484,Online,Grocery,TR,8,0.0675109676375356,0.2681461162473535,0
129,22,79.81223164104867,QR,Travel,DE,17,0.1665805781364423,0.2382122969510895,0
1574,503,60.71498895608286,ATM,Grocery,US,18,0.2027100169013595,0.0705738382899189,0
7944,783,88.05990563247117,POS,Grocery,DE,16,0.2390453428292439,0.1891457648253072,0
2333,370,125.5865482134954,ATM,Food,TR,22,0.2422026279789556,0.0814198581982974,0
7157,752,144.70483379768532,Online,Food,US,10,0.1863173204269351,0.0547416062728468,0
7373,154,115.66815755708843,POS,Travel,UK,10,0.0891625185254647,0.1408093468815382,0
1169,40,129.44555587877124,POS,Travel,US,10,0.1183160214175632,0.0609582143355806,0
8186,848,56.059271048094026,ATM,Grocery,FR,10,0.2274918221584833,0.2251746716015246,0
7187,370,107.57250351385728,QR,Grocery,UK,21,0.0940222742950546,0.1906167017489043,0
6064,437,1.0,POS,Clothing,FR,6,0.1231348735776415,0.1453523897862776,0
8033,869,107.2560166463802,Online,Food,UK,10,0.1579934977402275,0.2365477467807066,0
5811,226,66.20995732857523,Online,Travel,US,8,0.0601252393894902,0.0018893179630921,0
3162,698,150.94979158439702,ATM,Electronics,FR,12,0.0185054212720043,0.0105501627210717,0
4295,624,77.57543151064499,POS,Electronics,US,10,0.2509647199643532,0.118724082066107,0
9267,305,48.58391089799158,ATM,Travel,DE,23,0.2464399865798064,0.2540620876542989,0
9420,31,12.85560130914702,QR,Grocery,DE,9,0.1116127774332312,0.2032339477895678,0
3307,918,51.32923207477735,POS,Food,DE,9,0.1871769551432009,0.2129618502192408,0
7621,611,119.50627691337984,ATM,Food,FR,9,0.0473885584325244,0.0643223876537205,0
4922,237,36.25971923635617,Online,Travel,TR,14,0.0963113323336834,0.193389228513054,0
6534,878,91.00456845992372,POS,Electronics,TR,13,0.1041943958053875,0.2098151645905539,0
2497,869,134.23596939442086,POS,Food,UK,20,0.0502466213317923,0.2083826858724898,0
6941,928,62.66692817896519,POS,Grocery,US,16,0.0697345901110766,0.2735298278112185,0
6583,533,107.3105677948793,POS,Clothing,US,12,0.0601907203981725,0.1190347979250421,0
1428,924,163.09835579981822,ATM,Food,FR,23,0.1758273505370521,0.1636406066834458,0
6218,242,71.00320421422546,ATM,Electronics,UK,11,0.1356047860932057,0.0604965606303505,0
2614,902,110.72144652062237,ATM,Travel,TR,14,0.1272073439100951,0.2499350326108905,0
8014,185,1.0,ATM,Grocery,FR,16,0.1904186168694339,0.0301774668134964,0
7824,670,138.5133264241552,Online,Grocery,UK,7,0.2986514639727817,0.2794474755492992,0
1337,212,103.50442376042834,Online,Electronics,US,21,0.138259200328633,0.1153301187932639,0
4210,115,82.72922879680834,QR,Grocery,US,14,0.0397980722320226,0.2807671733156521,0
8716,198,172.09770767812176,ATM,Food,UK,15,0.0940826614084731,0.2898266630326495,0
7489,802,83.64314766808637,QR,Food,TR,23,0.2925792693164095,0.1076165577508129,0
3575,954,149.78075820126222,QR,Grocery,FR,16,0.1665247226515702,0.1563050695389364,0
460,862,140.52889601650023,POS,Travel,TR,11,0.2343871252673307,0.111147087678127,0
1672,916,164.44400010259224,ATM,Food,UK,21,0.0888109412567507,0.024907559722593,0
1506,692,42.63292418393354,ATM,Grocery,FR,14,0.2649348159266257,0.1108580633518935,0
7747,289,135.93541462880597,ATM,Grocery,DE,13,0.1377319280407369,0.1033328176479148,0
5838,887,50.2584504315363,ATM,Clothing,DE,23,0.0703720750643838,0.1957204895755677,0
9556,815,10.0,ATM,Grocery,UK,4,0.9896978069456376,0.8720010316306197,1
1023,360,43.67634376267212,ATM,Travel,US,12,0.01302787258068,0.1427454278429018,0
1815,190,52.27714936736236,Online,Electronics,TR,18,0.2296810995691726,0.0263844191124707,0
3073,245,51.11088776601272,Online,Travel,FR,19,0.2996281362017911,0.0366568119786794,0
6871,991,135.3556479481005,QR,Grocery,UK,9,0.0777089204911097,0.0707242706360527,0
498,557,59.114792400696366,POS,Electronics,US,14,0.2936649184812256,0.0660336135326171,0
2359,795,16.807981336152224,Online,Food,DE,19,0.1387868897372897,0.0431518450245892,0
1526,731,37.41982037676279,QR,Grocery,TR,8,0.2070976936726332,0.2206563779848858,0
4840,595,84.85358670971868,ATM,Grocery,FR,13,0.2089416911489782,0.2956898746495571,0
3451,948,104.61895746960344,QR,Clothing,FR,19,0.269301817948213,0.2029429727059219,0
7216,980,139.40427203840682,POS,Food,DE,10,0.2700839954921812,0.0542904943831759,0
801,184,194.0401759396658,QR,Travel,UK,16,0.1180766036001441,0.1023568148353281,0
2707,349,70.47479257016177,QR,Food,FR,15,0.0426327100354745,0.2883112930202285,0
5406,819,182.13332589281737,QR,Food,TR,8,0.0698285498546792,0.1010392864559705,0
8354,342,144.5720023367082,Online,Travel,TR,17,0.0463317817089799,0.2189627302761904,0
2695,881,73.93319287664238,QR,Food,US,18,0.1728293049009621,0.2869759606047953,0
8349,899,144.60239017136365,ATM,Food,US,17,0.1799593516556714,0.0771806552324452,0
6949,994,28.494920387513574,POS,Electronics,FR,13,0.0919201246279049,0.2012267420601168,0
8128,381,73.120797240602,ATM,Grocery,UK,16,0.1087180699339869,0.1831629877100069,0
1590,499,110.5782416597124,ATM,Clothing,US,15,0.2451475451242019,0.0206610814649199,0
6235,393,170.28593216971328,QR,Travel,DE,17,0.0332217294495354,0.0889806444319817,0
3996,604,79.99377076406283,ATM,Electronics,UK,8,0.0698468996676542,0.041329917481101,0
2476,191,219.17285183234327,ATM,Clothing,DE,7,0.1061952114254876,0.1321746462549769,0
4744,786,116.64079671630316,ATM,Travel,FR,10,0.201631875631871,0.2982203772864366,0
9816,893,2381.913125307554,QR,Electronics,US,21,0.9983014985393212,0.9731317951443276,1
5590,779,77.33137896850812,Online,Clothing,FR,9,0.1750904044471787,0.148255559440185,0
4228,334,168.77298388340265,Online,Grocery,TR,23,0.1969660570326789,0.0943164639736479,0
6438,113,145.56373199170278,Online,Grocery,FR,19,0.058313082241758,0.1458556743484488,0
247,978,130.17390208339918,POS,Grocery,FR,7,0.1386240027823426,0.2120030964706908,0
248,722,54.60271432386919,QR,Grocery,FR,14,0.1768666317997128,0.2926307604962403,0
5435,404,86.8759476126556,QR,Food,TR,18,0.2751026739862546,0.0027788104548226,0
8228,548,71.19970397523804,POS,Electronics,TR,15,0.1597979190990739,0.0821090040912995,0
5570,428,177.4037199272054,POS,Clothing,US,20,0.1209873405854884,0.2252200151332931,0
3633,347,65.3709411304767,Online,Electronics,US,6,0.2578639522591363,0.1170756395095793,0
5536,848,109.23794063942206,POS,Travel,FR,17,0.1328012607208497,0.2901189786049707,0
1108,314,73.58929925751087,POS,Electronics,TR,16,0.2309771695232191,0.2681115031861165,0
2918,917,46.51104784454248,QR,Clothing,US,19,0.0431209960878151,0.1825729509079924,0
786,750,148.45202758176748,Online,Food,TR,14,0.1249021913884961,0.1226882212134149,0
6621,758,64.0106512825389,QR,Grocery,FR,8,0.113038956819126,0.1529929344930476,0
9920,282,2400.8986586186347,POS,Food,UK,4,0.9326740604581704,0.9963657164552966,1
3680,621,94.71409876494512,Online,Grocery,DE,16,0.1813048489244808,0.2671405614597993,0
8645,825,18.452339335384732,ATM,Clothing,TR,13,0.2189937354407013,0.0383507320740431,0
7078,462,126.54664931746883,POS,Electronics,FR,15,0.0420574418525531,0.0483385753524558,0
9955,291,10.0,POS,Clothing,FR,4,0.8856778532630054,0.92350013405771,1
4675,888,32.66282407407304,ATM,Electronics,TR,15,0.0697962764715145,0.2919287790446966,0
6985,133,129.13652791637816,POS,Grocery,TR,7,0.2903434059661673,0.000464032185607,0
5310,784,62.373894270907726,POS,Grocery,US,20,0.1948945897556175,0.1639049805266582,0
5498,942,76.59137421995783,Online,Clothing,DE,7,0.0999474258143781,0.2745506044151586,0
7499,646,84.48380420973015,POS,Travel,DE,16,0.2260678837796093,0.1096742382473608,0
8711,605,104.15800416996484,Online,Food,UK,14,0.0929298218410131,0.0731398524727907,0
2259,0,14.102134314009646,QR,Grocery,FR,16,0.1073256037038572,0.2493608455377554,0
6768,961,124.49124774232492,POS,Grocery,DE,21,0.2765155435984499,0.277293945138755,0
2021,375,149.30419457388555,Online,Food,UK,16,0.1268871830659469,0.1378097044938023,0
8562,680,91.94959169026494,ATM,Electronics,FR,21,0.1563829578539759,0.1225837760182993,0
8886,385,164.65487606205463,QR,Food,US,17,0.2961315948570316,0.0284183097192949,0
9530,630,10.0,POS,Clothing,UK,18,0.9192311585618468,0.8609567565078331,1
2828,240,139.69732667356274,POS,Grocery,DE,8,0.0750270445380712,0.2950167599685548,0
8771,9,155.3507111991203,POS,Clothing,DE,9,0.0280370308666661,0.0084277526299372,0
8978,53,103.0591103572123,POS,Travel,UK,16,0.002707445211203,0.1116058878280392,0
1546,205,160.53506265737582,Online,Grocery,TR,11,0.1311921772889288,0.0067889850160996,0
4805,921,111.14010508594303,POS,Food,US,14,0.2477347790402196,0.0546690426039869,0
957,951,99.41772255829235,Online,Clothing,FR,14,0.2143211340333533,0.069602664669804,0
4006,66,177.80522187635415,ATM,Electronics,US,18,0.2228297712376049,0.2071961914933639,0
2967,801,201.25455417459767,Online,Electronics,DE,15,0.0081087213688436,0.1186902903294321,0
2780,255,163.63787683176912,Online,Travel,FR,21,0.2768098615925122,0.1940697131071562,0
850,80,77.6391092635572,POS,Clothing,FR,7,0.2766411237098044,0.1310882301995105,0
8677,302,58.02910946701411,QR,Clothing,DE,21,0.0233389468111365,0.094180526800694,0
9037,287,60.38660070181432,Online,Electronics,DE,15,0.0313786347839648,0.2070041042055743,0
2466,470,23.97687087645568,POS,Grocery,UK,14,0.2269760222390404,0.1206214489831062,0
8558,674,88.84138795135654,QR,Clothing,UK,12,0.064697177658129,0.1427841323378979,0
1221,749,167.0203210057109,ATM,Electronics,US,9,0.0411368088271158,0.1110800984062068,0
7969,588,86.43643402715219,Online,Clothing,FR,19,0.0328395922376466,0.2416731905521956,0
9725,494,791.3721469901949,POS,Grocery,US,14,0.8312954524322322,0.7667115963377561,1
9308,966,99.60920414547104,ATM,Travel,FR,13,0.1624863484629686,0.2409967730068832,0
7353,769,63.75485368700138,POS,Clothing,US,15,0.2070776826322538,0.0019793129870537,0
1212,588,62.43722031526632,Online,Electronics,UK,17,0.2852397867218896,0.1624944061745874,0
9048,697,195.2499920205124,ATM,Grocery,DE,18,0.1171550345877195,0.2576615404620279,0
2196,57,115.57441885285316,ATM,Electronics,FR,6,0.1769997669245024,0.0036980733472509,0
5746,518,1.0,POS,Food,TR,17,0.0704980221884784,0.1719523306434806,0
1601,264,120.3905007308877,ATM,Food,FR,14,0.0516607129659105,0.2007924918384458,0
1012,402,91.27577466914876,QR,Food,UK,17,0.0384269652969501,0.0206465488893254,0
5155,543,104.97787987999834,QR,Travel,TR,10,0.0435573930598668,0.2912932245664585,0
3846,312,98.37593250290574,QR,Food,US,16,0.2037302599273655,0.2424036420824241,0
7009,236,221.36866921898425,ATM,Grocery,DE,15,0.1649162538098442,0.1574152002191529,0
4859,972,99.02425986241492,ATM,Clothing,FR,11,0.0258118475794435,0.1074171403408122,0
463,490,132.0480399601548,ATM,Electronics,UK,19,0.2124516160277951,0.1243564054152966,0
6756,539,131.62293430740883,ATM,Clothing,FR,22,0.0828128663914283,0.0358002125966848,0
1262,661,116.42164952907746,Online,Clothing,US,8,0.100323413594095,0.013710707612076,0
7753,949,160.6292290986775,ATM,Electronics,UK,21,0.0100251453127678,0.0499821494552783,0
4530,124,85.27389545936815,ATM,Travel,UK,15,0.2666429755141855,0.1573885983299448,0
7122,951,126.7253774103356,QR,Food,US,11,0.1590983572873898,0.0212916552004161,0
2523,731,87.0119172356162,QR,Travel,TR,17,0.1568109333231507,0.2726647927445066,0
1838,721,56.3165554038687,POS,Grocery,DE,10,0.2772894174249115,0.1737576186044135,0
2445,883,65.2716527318115,POS,Clothing,TR,7,0.14918190597559,0.1217926577426275,0
6010,125,83.5920157510154,ATM,Clothing,US,18,0.165738826863757,0.0648044716891278,0
1099,412,67.96575032511996,QR,Grocery,FR,20,0.1762452098949856,0.1935018773555403,0
5504,864,94.82418224685676,ATM,Clothing,DE,13,0.2164995701763262,0.0207893288913357,0
2963,953,56.0180533638532,POS,Clothing,DE,7,0.1642569012593232,0.2900885703236527,0
2607,145,8.972355916937943,POS,Clothing,DE,14,0.2629440870398064,0.1435036775731347,0
8244,238,69.4617546433854,POS,Grocery,US,23,0.0805716985884718,0.2744903057574708,0
2087,200,108.16430265400662,POS,Electronics,UK,22,0.2809176951305733,0.0501454665870338,0
2623,418,162.4234019711379,Online,Grocery,TR,10,0.247458627172759,0.190966445710192,0
9401,203,66.41431715612921,ATM,Grocery,TR,6,0.2267105667523428,0.1255782453909306,0
8234,191,91.81770805924856,QR,Clothing,FR,22,0.0678398812300145,0.1023171726111102,0
7003,100,92.02389759669389,QR,Travel,US,16,0.2044251059785922,0.2785996247741833,0
6669,496,113.76392645504087,POS,Grocery,DE,9,0.0555940629981254,0.1946261460085525,0
276,897,101.68615514606876,POS,Food,UK,19,0.0780926563218136,0.2370398423345736,0
8776,730,66.91343128639622,ATM,Food,TR,6,0.2248963133249764,0.0032179419884336,0
3234,640,171.34837022052048,Online,Clothing,FR,7,0.2587078572677299,0.1121736085373226,0
6171,505,93.9483918848562,POS,Grocery,US,22,0.1694719734125868,0.1018101834511612,0
9863,270,6253.210886064559,QR,Travel,DE,1,0.9588636634682696,0.7416581219293874,1
2320,850,136.40863747736086,QR,Clothing,DE,21,0.1707986441271042,0.0660046983545609,0
5647,931,110.02250195644233,ATM,Food,US,12,0.0513203251912596,0.113650977785263,0
2935,867,123.49867701659424,Online,Electronics,US,11,0.2519073913728593,0.1644153787490601,0
9976,530,2313.9717854162927,QR,Food,FR,15,0.9077527216170224,0.911911672400464,1
1482,631,91.2929641434878,POS,Grocery,TR,20,0.1830221878700891,0.0858102334907612,0
9852,788,1919.6089360066876,ATM,Electronics,FR,23,0.7994463511267238,0.8744047849439232,1
1499,658,88.51323342510747,Online,Clothing,DE,17,0.0317083098173065,0.0493224080511565,0
9302,324,131.76822305857024,ATM,Grocery,US,15,0.1595058695222214,0.0781768397840311,0
2657,186,110.53425941477394,Online,Grocery,FR,15,0.2670583674168327,0.2583652115754356,0
2709,951,156.96356995985508,Online,Travel,DE,17,0.0514030751595355,0.2419292522509727,0
9032,583,99.28091592451976,ATM,Clothing,UK,7,0.0138210646028025,0.101119295067141,0
7285,379,108.52481537261428,ATM,Grocery,DE,10,0.1214164782243768,0.295377781197705,0
9897,380,641.8275553715287,ATM,Electronics,UK,12,0.9714878895495844,0.9488652590173852,1
8955,27,60.88312644667903,POS,Electronics,FR,10,0.0740308119978356,0.1252012652996001,0
8220,637,117.44409156518358,QR,Grocery,UK,22,0.0691809918949774,0.1422136126379073,0
6624,185,108.55507009663388,ATM,Clothing,UK,11,0.0354362211319936,0.2281569351080865,0
1694,203,127.87519105169186,QR,Clothing,DE,7,0.2421582186114909,0.1435711772553248,0
3539,32,52.01683367222781,ATM,Travel,US,15,0.1207842712220312,0.2186982186504745,0
5643,478,27.42052107250565,Online,Electronics,UK,7,0.1543402592085761,0.0030343806316268,0
5056,798,93.0467200765396,Online,Clothing,TR,9,0.2208391310738977,0.1241761795859476,0
120,402,58.02592043636051,QR,Clothing,TR,18,0.0513660102726344,0.2357788993847078,0
2847,998,51.01286219951768,ATM,Travel,UK,19,0.2516646316424239,0.0802808549261701,0
4541,750,127.0946410237953,POS,Clothing,US,10,0.2178688703854197,0.1969735712490659,0
9067,352,53.73318142807364,Online,Travel,DE,13,0.1978298637656916,0.0758220447522507,0
250,292,138.0836093147501,Online,Grocery,US,18,0.2413897885528952,0.1849813784949266,0
4390,865,84.84428392416424,QR,Grocery,DE,21,0.0181872208436437,0.1738785368883126,0
7629,78,99.62988019996745,ATM,Electronics,TR,22,0.2362079553651924,0.2255503220747159,0
5925,680,98.23520414056598,POS,Electronics,UK,18,0.2278865833335469,0.1093410936247461,0
1481,72,143.43376356695885,POS,Electronics,TR,23,0.0039489113431942,0.0106588697573609,0
4242,360,102.40943773739512,Online,Electronics,DE,13,0.1049083433377378,0.237205725079551,0
4891,580,97.601003304072,ATM,Food,US,7,0.1856293497404168,0.1003405620766531,0
187,324,48.644128789060815,Online,Electronics,DE,18,0.1466799036952705,0.206618537502285,0
3159,876,159.13567159372016,Online,Electronics,TR,21,0.1280370594543587,0.0320774484094056,0
7672,790,184.2968276978666,ATM,Food,TR,8,0.2092701379777364,0.2804378247946777,0
6302,533,125.41432676778123,QR,Travel,US,20,0.0100685486173404,0.0335938657312901,0
9702,292,22.168429062989272,Online,Electronics,DE,6,0.9227945973985496,0.7346154150885681,1
9321,800,112.03449111469388,QR,Grocery,TR,20,0.2163942560935453,0.0812654773975521,0
5725,893,63.3646605451413,POS,Grocery,UK,23,0.240335964647759,0.0066127637367872,0
6416,886,143.98146482946566,QR,Food,DE,9,0.0338015882021116,0.230530340584509,0
7667,500,180.891336178399,Online,Travel,UK,17,0.232427067836782,0.0882620106464412,0
1365,671,158.08044068285687,QR,Food,TR,17,0.1918876826799551,0.1434757944932433,0
7757,786,103.82899656017337,QR,Grocery,UK,10,0.2102881638154562,0.1842951616901517,0
401,775,139.50077044890895,ATM,Food,TR,6,0.0724692564780879,0.0645747308718489,0
5045,793,96.12734963668636,POS,Grocery,TR,11,0.1367316362228478,0.0092553016682672,0
7436,732,125.58331500829507,Online,Electronics,FR,23,0.0024155658079535,0.1299068153683687,0
1219,887,170.9459035956342,ATM,Food,US,7,0.0529562040865194,0.1168171032384196,0
8503,567,88.07771664252189,POS,Grocery,UK,22,0.167993539631721,0.0473043991989079,0
1851,457,79.66123918530553,POS,Food,FR,16,0.2643193876773606,0.180148106923875,0
8105,809,149.5498089862475,QR,Grocery,DE,12,0.1961928442370237,0.280128445459404,0
7054,873,56.13752150106311,Online,Electronics,US,22,0.1324748268844356,0.2495573532510711,0
7823,842,93.48568753580416,POS,Electronics,TR,20,0.0223212855956256,0.0088769024418085,0
8706,254,186.0551619569349,QR,Food,UK,14,0.0041819626726114,0.2871476034844463,0
5752,230,102.95717908458964,POS,Travel,DE,7,0.0806583217936445,0.0151667720507934,0
1716,55,18.86257973387427,Online,Grocery,DE,8,0.1532081755551295,0.0033821665038066,0
2528,734,170.05520327320409,POS,Grocery,US,21,0.0876504740033553,0.2340316460660897,0
3722,991,212.1621981615177,POS,Grocery,DE,22,0.271107847343126,0.2207742520142487,0
9792,882,22.168429062989272,POS,Grocery,TR,4,0.7091135157910153,0.8718956767500513,1
7404,941,129.65580602001623,Online,Grocery,US,18,0.0288167149280734,0.1364332245603389,0
5018,711,136.3119936635482,Online,Clothing,US,7,0.0719158128346546,0.0030349437805156,0
3546,422,184.33256768339487,QR,Clothing,UK,12,0.053288722631067,0.1561181233868614,0
9428,457,64.81566172540013,QR,Food,FR,16,0.2834046376373842,0.2862103305569924,0
6376,892,150.29294922329288,ATM,Food,UK,19,0.0053661325214613,0.0459012924521459,0
9226,860,119.71869226962237,ATM,Food,TR,15,0.2628641514616477,0.1190516876871446,0
7278,875,222.64308105712007,ATM,Clothing,DE,16,0.0207842195717803,0.1565480203475137,0
6225,778,91.70536585768085,ATM,Clothing,UK,8,0.2694880806859152,0.1649188600532874,0
3897,940,1.0,ATM,Grocery,UK,21,0.0803886814353864,0.0810482765449167,0
8428,585,171.2716639764816,QR,Clothing,US,19,0.175085413527877,0.1602300252515981,0
7973,845,36.08435898230906,ATM,Clothing,US,22,0.052533103638309,0.1407558883701199,0
4567,68,143.27793828369926,ATM,Grocery,UK,19,0.1276794882770041,0.123722361461198,0
7235,236,170.49523276344598,POS,Electronics,FR,8,0.2854528090933695,0.1231333763929727,0
4443,610,158.91507224716054,QR,Electronics,TR,11,0.1415270806374046,0.022083763226908,0
4732,153,63.849215085696606,POS,Electronics,TR,6,0.2925034549033642,0.007702239282883,0
4229,78,129.77294966393436,ATM,Electronics,TR,9,0.0657761591249197,0.0063354256035364,0
3506,65,109.66521990529964,Online,Food,FR,15,0.258433650662058,0.2342032172349809,0
2764,598,123.73554886993324,Online,Clothing,FR,23,0.0232425105200027,0.124918683579784,0
1500,961,92.20894722130916,QR,Electronics,US,8,0.006038699564573,0.2538528845843264,0
4759,867,44.52622275801282,ATM,Food,US,9,0.0561319382322574,0.1031177551679595,0
5023,56,141.61347942871038,Online,Grocery,TR,14,0.0268683906583337,0.1366329166287553,0
9207,12,116.45855111325004,POS,Electronics,UK,13,0.2242848453247089,0.1000460556689701,0
8372,782,71.87241131906333,ATM,Clothing,UK,9,0.0554296485937413,0.2369555774794874,0
4356,105,71.36864986522441,QR,Electronics,DE,9,0.1277603625867767,0.1673093653720189,0
4681,272,56.58596341000198,ATM,Clothing,TR,7,0.1612445430756285,0.2559834363186854,0
7726,511,103.76775999278318,QR,Clothing,FR,11,0.1387389240911587,0.0298770747354898,0
8197,560,76.311397611538,POS,Electronics,UK,6,0.2308613097043478,0.2614618968103837,0
3594,502,50.6210002417349,QR,Clothing,FR,13,0.0626936920681093,0.2169414250148122,0
4961,651,75.02086798440806,ATM,Electronics,US,23,0.2849117799136425,0.0313051947331038,0
5488,371,102.82577772418448,Online,Clothing,FR,10,0.039594677258125,0.2460191888329758,0
8062,712,126.2258717297088,POS,Food,DE,7,0.0359250351621296,0.1008006336413872,0
8381,368,33.689860531815484,POS,Travel,DE,10,0.0089931417341571,0.0179319699979627,0
7366,5,125.2025168867631,QR,Clothing,UK,9,0.1162194854630399,0.0634403414748302,0
4363,463,133.613884845534,POS,Grocery,UK,7,0.2298352639307063,0.0247132663771895,0
4097,518,127.03153630892928,QR,Clothing,TR,20,0.2686669302096247,0.1488021795586458,0
6096,776,206.6092833403189,ATM,Travel,FR,7,0.2395935766123853,0.0664548001354833,0
4188,122,143.36766894594388,ATM,Travel,US,11,0.1535520394811003,0.2449271790457338,0
1261,62,31.57399286373918,Online,Grocery,TR,13,0.2606782040847673,0.0485993979657675,0
5524,980,86.1190650431741,ATM,Food,TR,10,0.1049103020715874,0.1988176564376129,0
7389,375,44.33668656037955,ATM,Food,TR,16,0.0493351640279774,0.1055013691443508,0
538,695,178.67998196162927,Online,Electronics,FR,6,0.0811228218196041,0.0410175635494829,0
6443,696,125.3582879607777,POS,Clothing,US,23,0.1079773948349288,0.2567063338925732,0
4677,983,100.19917408120418,ATM,Food,DE,23,0.1826532778148714,0.1091000700302994,0
9429,79,62.88601572456315,ATM,Electronics,US,19,0.1253922077483839,0.167706672010678,0
3973,14,145.5125840766431,Online,Food,FR,13,0.2166667275645567,0.03915342530031,0
4430,693,57.44827391452163,POS,Grocery,US,13,0.0210724229537902,0.178832317596279,0
8797,328,121.2172471930701,ATM,Electronics,DE,15,0.2892665296591736,0.1621527174496034,0
2184,275,182.20483889262303,POS,Grocery,FR,12,0.0208701255642242,0.0606136500580023,0
6555,895,47.07219788278555,Online,Clothing,UK,23,0.1175415913750156,0.1720512590232788,0
5641,583,99.06808722028303,ATM,Electronics,US,7,0.2965178788610166,0.1493433102309051,0
2067,912,131.48188015127948,Online,Food,TR,6,0.1903806467834657,0.0750066271635111,0
2200,278,74.12567258371521,POS,Food,DE,8,0.1720044400378702,0.075393596238134,0
625,437,83.66013285503547,POS,Clothing,FR,8,0.2337328030360504,0.1376935775387182,0
9968,658,937.2715924048472,ATM,Grocery,DE,4,0.7699797841520956,0.7061955569181781,1
8250,201,71.90576743687575,ATM,Travel,US,10,0.018910226866104,0.1603091938423204,0
4007,495,112.3365225543466,QR,Food,UK,10,0.2666149267604843,0.1450844129294239,0
650,273,130.6587000945784,QR,Electronics,DE,11,0.2602299824151347,0.0265621936154174,0
7301,114,85.50279668166604,POS,Electronics,TR,11,0.1852062334896727,0.0801588317561881,0
3408,962,152.9237386059482,Online,Electronics,FR,9,0.2107375874915355,0.1527818526553395,0
338,110,115.80340712008154,Online,Travel,US,19,0.2466030009244753,0.0407638007001778,0
7989,938,100.28570552763948,ATM,Travel,FR,19,0.0465899525443545,0.2277156754453925,0
3942,480,86.58143530205157,POS,Food,FR,13,0.1037204766506671,0.2743922433095805,0
7333,21,113.92818446801908,ATM,Travel,DE,18,0.2613445914643826,0.0116789985956253,0
841,916,93.97459016170518,QR,Travel,FR,23,0.0287530109376809,0.2890469137518359,0
5704,462,62.66480518595521,ATM,Electronics,UK,21,0.2495040993496671,0.2305818061525608,0
1384,288,71.63180971964468,Online,Electronics,TR,18,0.2475410028046291,0.0556189991065099,0
9544,833,378.0323710543103,QR,Electronics,DE,10,0.8859479785872104,0.9725722188142728,1
9829,587,198.34666999519172,QR,Grocery,FR,1,0.9861895396983013,0.7523214317635601,1
3967,955,84.23229109846623,Online,Travel,UK,17,0.0439157679064889,0.241897274442871,0
7180,155,147.21081881425988,POS,Travel,DE,14,0.1358795980183977,0.0625567982884685,0
8364,265,59.08840082488301,QR,Food,DE,9,0.0174396849893732,0.2488632791772166,0
818,570,66.43378848657588,POS,Electronics,US,7,0.2991008385463524,0.0676888917981635,0
4276,385,43.02486029593672,Online,Grocery,DE,16,0.025201627740479,0.2264843860970686,0
1800,73,147.57786888652498,ATM,Clothing,DE,10,0.0466164432547571,0.0199319959357225,0
4256,445,201.8436085897908,Online,Grocery,US,20,0.1703757032189564,0.1862431649485461,0
609,566,92.504944267081,Online,Electronics,FR,15,0.1899759140053854,0.184109400532082,0
5457,170,85.78558861153972,POS,Clothing,TR,19,0.1509032285707256,0.2653436563768836,0
1453,324,120.06035817414975,ATM,Food,UK,9,0.0882043200726635,0.0901532084453836,0
7268,489,92.64759676509766,ATM,Electronics,DE,18,0.143263386311414,0.1027723147269542,0
1293,859,44.60735902217445,POS,Travel,TR,14,0.1650593968353571,0.1897927359115855,0
3744,117,43.25047661194401,POS,Electronics,TR,7,0.059472145968628,0.2000641266776867,0
545,356,159.12971795349446,ATM,Electronics,UK,15,0.2135365867257141,0.0196223280413386,0
137,563,78.66468161346056,POS,Clothing,UK,8,0.2601229707658424,0.05016446601168,0
8278,622,60.6985862798383,POS,Electronics,TR,22,0.0905217470635749,0.2982090386858216,0
307,64,38.37119726922589,ATM,Food,US,15,0.2398512895627271,0.0330887106206715,0
1075,595,40.2731246481874,Online,Clothing,FR,15,0.0740915396620759,0.0366432982009704,0
1007,390,159.38205696794537,QR,Electronics,US,23,0.0187069663966937,0.0475940035889958,0
4133,685,56.35481623367512,ATM,Travel,TR,10,0.2737629178604686,0.0038982528470058,0
6380,142,41.6970940710832,ATM,Travel,DE,7,0.0379902589834839,0.1766757039739939,0
8685,755,195.49374339544983,POS,Food,FR,23,0.0290620848745165,0.1145220151625344,0
6036,217,169.48962898809137,Online,Food,DE,7,0.06000400915279,0.0302171185002665,0
4308,592,130.1450022624077,ATM,Grocery,UK,18,0.2386910979226581,0.0068978692978589,0
9405,475,70.16208409903545,Online,Clothing,FR,8,0.2943293425276352,0.1090352480217029,0
648,717,43.212457607085305,POS,Travel,DE,17,0.2165801855011133,0.2411956788979181,0
9480,448,136.2549864349705,ATM,Travel,FR,8,0.1927873141931988,0.0342278766803926,0
4372,439,162.31806079386115,Online,Clothing,TR,18,0.278194017978533,0.0986073909381844,0
1533,332,108.76930622699734,QR,Electronics,TR,15,0.0014636212239028,0.2737143325523897,0
1562,413,56.18031282626206,ATM,Food,UK,12,0.0558478782661889,0.1898879008685353,0
3731,921,64.60843608830325,POS,Grocery,DE,18,0.1419935963239456,0.120946106949317,0
4194,574,113.09303296451368,Online,Grocery,FR,18,0.2105005838927701,0.1542811193585408,0
5157,996,113.2240200536568,Online,Travel,FR,20,0.0108480991020605,0.0231986365712064,0
938,591,132.9826149388625,Online,Travel,FR,6,0.2033192955046312,0.2566134960574476,0
3448,672,169.04632819006488,ATM,Grocery,FR,8,0.0541077909367827,0.2725973131065711,0
8310,993,146.87013552360162,Online,Travel,UK,19,0.2412804239829809,0.2424804926071402,0
9051,992,57.73754981714673,ATM,Clothing,FR,11,0.1877496160802029,0.2637761076189692,0
842,868,111.56288735920418,POS,Clothing,TR,21,0.1535900773471842,0.080876234309351,0
2410,162,87.23709216689018,Online,Electronics,DE,19,0.0916885281342063,0.222849567659367,0
7539,222,143.07569440843952,ATM,Travel,FR,20,0.2319580345405553,0.0844761840934094,0
7140,140,202.5751735461949,ATM,Electronics,DE,14,0.1453010237059152,0.1212658291837126,0
6646,393,116.72353525292426,ATM,Electronics,DE,6,0.0811394158480624,0.0214840846215845,0
2534,246,118.81774443059454,Online,Food,DE,11,0.1189238948923169,0.2892038691324908,0
7412,806,127.9716422704038,POS,Grocery,TR,20,0.2783528900082787,0.002444149745433,0
8445,908,152.87265697170966,Online,Food,UK,8,0.2424487961099051,0.1590262440066755,0
7668,603,59.65108666800318,ATM,Food,UK,17,0.0411304688990044,0.0720988865093282,0
9661,465,10.0,Online,Grocery,NG,4,0.7833652067091756,0.7445310667510646,1
8796,642,153.39788721291467,POS,Grocery,FR,11,0.1367771326282603,0.0668486627944015,0
4467,984,114.0687066967626,POS,Food,US,14,0.2142745148075203,0.0195991446785679,0
4337,877,68.42941816229347,POS,Grocery,TR,17,0.1280932208016793,0.2457502733658614,0
9143,793,36.66396489342127,ATM,Food,FR,17,0.2610736213340013,0.1341072760857971,0
1572,481,83.15668974797332,POS,Electronics,UK,14,0.2695826024859295,0.2378553260212748,0
2757,778,100.68078071904137,Online,Clothing,US,14,0.2827902274388411,0.232051871007,0
108,629,149.78295057143512,Online,Travel,TR,6,0.2887164928136078,0.0434107102104188,0
2168,936,81.87661801202873,ATM,Food,DE,16,0.1915586917159216,0.1741102518358001,0
5945,425,83.63479843628099,QR,Food,FR,6,0.2096974132266893,0.2634612277070893,0
3638,395,16.44063335516836,Online,Grocery,DE,7,0.036258589369768,0.2021772052937056,0
2471,987,81.80442180862607,QR,Travel,US,10,0.2452561879848646,0.2267467676998851,0
7799,224,70.18695577275233,POS,Grocery,TR,9,0.2260387638232817,0.0137758289897992,0
4666,365,152.08970595107974,QR,Clothing,UK,16,0.2477491648080411,0.1424063697367922,0
9628,225,22.168429062989272,Online,Food,NG,18,0.7928498451691615,0.734002947735057,1
4943,120,103.13272463893288,POS,Clothing,FR,23,0.268734446738905,0.1042996827827775,0
4486,709,28.58177863749636,POS,Travel,TR,18,0.1928548918997783,0.162121662352282,0
9944,522,906.8575422471982,QR,Travel,TR,16,0.9985894057030807,0.9676418761486024,1
6670,402,95.19543904156332,QR,Grocery,DE,20,0.1250744032428024,0.2054612701110834,0
5959,350,130.58713033322022,QR,Grocery,FR,9,0.0563085684849025,0.063499631491384,0
9318,256,159.88709683135855,Online,Travel,UK,16,0.0442262429110906,0.1219945034473703,0
6332,98,67.96356936866776,POS,Electronics,US,6,0.1036791491263839,0.0027995438659047,0
1587,806,122.82999243492507,ATM,Travel,UK,23,0.1300040414594521,0.0036456580143741,0
533,271,82.86467231933682,ATM,Travel,TR,23,0.0785088273229376,0.040540750645832,0
1316,318,154.8271397987607,QR,Travel,TR,20,0.2339559698968833,0.2541588193905053,0
5077,583,45.13538651386533,ATM,Electronics,DE,13,0.2932688577807077,0.0934484603945548,0
7739,905,152.83309746305133,QR,Food,FR,6,0.2389903396631829,0.0568832891284231,0
2167,126,85.27111797500022,QR,Grocery,UK,10,0.2232883943006175,0.0494145223136946,0
4873,479,1.0,ATM,Grocery,US,9,0.1362800834758209,0.1762036662988304,0
6368,928,65.2239642446777,Online,Electronics,TR,13,0.1672803621892573,0.0613261070590953,0
3882,628,173.05128111695487,ATM,Travel,UK,17,0.1018824790916026,0.19019757408174,0
1676,922,101.32859817021532,QR,Electronics,TR,7,0.0802952239070558,0.1325566505574791,0
7411,7,119.5976215800424,ATM,Electronics,US,20,0.1632377364389532,0.2940549055588394,0
1095,99,61.89792363061752,QR,Grocery,UK,12,0.1870076063063176,0.0317288505432955,0
4985,853,68.80817413186128,Online,Travel,US,15,0.1256469782503941,0.07454001339186,0
3717,154,59.54636690287739,Online,Food,DE,15,0.1924084479232741,0.2619238317924451,0
6491,885,104.72136898573798,POS,Travel,UK,8,0.0036387505835568,0.0543297450271754,0
3028,710,91.72323051761616,Online,Travel,TR,8,0.2157444533531029,0.0533567477308817,0
7803,10,99.18651195451676,ATM,Electronics,DE,8,0.0242583082353152,0.2770036727901921,0
9460,624,102.31917789582718,Online,Travel,FR,20,0.2629737476433809,0.0919208706744561,0
719,557,178.32545633529543,ATM,Travel,TR,18,0.2814284692043881,0.0338964366191152,0
6522,692,123.579202731451,ATM,Food,US,17,0.1140748450086964,0.045871982869307,0
3965,755,110.4584905344376,ATM,Food,TR,13,0.1119136818016974,0.212909090890778,0
125,725,135.38574414330645,POS,Grocery,TR,14,0.2400753817768712,0.1318900763402587,0
3486,354,75.71047017957602,POS,Food,DE,9,0.2967419318328115,0.0617396029881398,0
7764,302,99.45494344981428,ATM,Clothing,FR,6,0.1563893578664388,0.1529703802563433,0
5755,51,92.0071067082131,ATM,Electronics,FR,23,0.0350871571037663,0.256419300227159,0
8896,171,100.00573218851798,POS,Travel,DE,18,0.1257334442089157,0.0909446201194851,0
2217,1,158.0200914633671,POS,Electronics,FR,22,0.0958165763320614,0.1066042381978853,0
6717,191,64.10618202104354,Online,Clothing,TR,12,0.2228320835196856,0.0296794599900343,0
603,980,16.582755594563707,ATM,Travel,DE,18,0.1572580325705262,0.0089819349000478,0
9029,838,93.49074057589152,ATM,Clothing,UK,11,0.1648275000219941,0.022761411293167,0
6343,122,112.69435953327984,QR,Clothing,DE,11,0.221389677537372,0.0587702357658599,0
462,970,54.08983135745032,QR,Electronics,FR,12,0.0225462019630043,0.0679052565265602,0
8030,50,79.19273917441362,POS,Grocery,DE,13,0.0066998854300642,0.2483584157149285,0
5479,953,138.0674281686717,POS,Grocery,TR,6,0.0836183716092169,0.1094395222461092,0
1744,479,110.41911562598104,ATM,Food,UK,9,0.0616187458379234,0.2424755310938287,0
13,193,86.01423553398138,ATM,Grocery,DE,20,0.0569835594937965,0.1254995993667423,0
7461,368,66.46618817974507,QR,Travel,TR,16,0.2341821489048651,0.0277628849641076,0
632,671,130.85315223676017,Online,Food,US,11,0.0901446335374852,0.033558140995625,0
6081,532,69.22420750031827,POS,Travel,UK,17,0.1986791314942455,0.1697574340007009,0
8389,98,111.80920776489452,POS,Electronics,UK,21,0.2514257326307837,0.0159535551326183,0
5082,905,134.3070962120883,POS,Clothing,FR,13,0.2587078769857815,0.1046897305369804,0
5576,203,40.30228889773835,ATM,Food,US,9,0.0951370277836285,0.2258555372566369,0
6412,312,203.38340528118124,POS,Electronics,US,20,0.2825146053182981,0.2292969907998776,0
3582,195,100.75150184553983,Online,Clothing,DE,11,0.2588962272237773,0.1726916535809762,0
9490,956,171.48653630961758,QR,Clothing,UK,8,0.1707870806484783,0.2536174333330565,0
8319,846,36.87737991676694,Online,Electronics,DE,11,0.0531328066533184,0.1772845525910123,0
9839,877,794.2173480213115,QR,Travel,UK,12,0.9331815864658396,0.9213962306848014,1
52,702,116.7447220876146,QR,Food,DE,12,0.0034583864118748,0.2003272346725597,0
1202,303,155.66361563696964,QR,Travel,US,17,0.0224682579646516,0.0212111225634034,0
6999,102,68.82454932548332,POS,Food,FR,12,0.0753698032145951,0.2466875867888037,0
739,988,97.03659886998294,POS,Electronics,FR,6,0.1859039221078718,0.126811179058856,0
8365,693,94.40363747974794,POS,Travel,UK,12,0.1331982997785236,0.1979054364861656,0
4286,444,78.40887252875288,ATM,Electronics,US,15,0.1640357019511076,0.2728277369069143,0
2663,428,204.66978625249632,ATM,Electronics,US,18,0.0092735067370713,0.0874147344449531,0
9487,679,173.0621113623097,POS,Travel,DE,21,0.1765498051687695,0.1452223161545409,0
1522,184,204.3187708775676,Online,Grocery,DE,6,0.0106191418603388,0.1220054350421771,0
2214,700,196.2813063730972,Online,Food,US,15,0.2364416785089627,0.0675627946062907,0
2175,382,34.07909299368053,POS,Electronics,DE,10,0.1741900092664757,0.2653966288599195,0
5292,860,87.86355658935848,Online,Electronics,DE,19,0.2627108316572704,0.1683780928558108,0
4324,833,85.16991959885641,QR,Clothing,TR,12,0.2924657641038052,0.0172275860514454,0
5010,656,113.41328547661008,Online,Food,US,22,0.0767512272401487,0.0340320621434517,0
8422,981,85.17752427009711,QR,Clothing,FR,21,0.2257014418339215,0.2368051722483772,0
2787,247,120.71087924754174,QR,Travel,DE,16,0.1563020733651801,0.1925692922373433,0
2029,301,50.87559385503601,POS,Travel,US,14,0.0800429779372133,0.0991116165639214,0
9080,658,49.73325470701242,POS,Travel,UK,20,0.2887139414574845,0.2101419308539557,0
4800,574,92.94047089548316,ATM,Travel,DE,8,0.1402152302428135,0.015887658420179,0
5220,520,100.81342988591392,POS,Food,US,21,0.0506307837705289,0.0229721161953786,0
3817,557,134.9907861552508,QR,Grocery,DE,14,0.0490601928191203,0.0265941848638102,0
861,0,115.4503466387174,POS,Electronics,FR,18,0.2399494689342323,0.0746483834272676,0
3986,888,178.1996077423388,Online,Grocery,TR,11,0.1574516948614985,0.0516768944711797,0
1717,365,52.27021753555344,Online,Travel,DE,16,0.1096489527723187,0.2364774464162523,0
8788,482,133.30124277724693,QR,Travel,DE,14,0.0066411382593738,0.1127340694032373,0
5692,617,103.57690812253016,POS,Travel,US,14,0.1607631376774835,0.0376162007718565,0
3561,884,46.51681869937666,QR,Food,US,7,0.0837351065159944,0.1107689141823795,0
1312,534,97.80374335224391,ATM,Grocery,FR,19,0.1517907608907169,0.2936951700793215,0
5399,44,33.291962212538735,Online,Food,DE,12,0.0812461953718323,0.0327440293702931,0
6074,455,111.8452314837661,ATM,Travel,FR,9,0.2837511932300013,0.0156140665910288,0
2660,911,97.88704219531512,POS,Travel,DE,22,0.0738409051584326,0.1536798885004145,0
8268,539,60.12697385967881,Online,Clothing,DE,8,0.1956591151428278,0.2251626539697667,0
6164,5,45.376647976183,ATM,Clothing,US,18,0.1630613801521646,0.2784082611559818,0
2134,450,198.65524340409524,POS,Electronics,UK,16,0.2643192917300388,0.2095533205514459,0
7818,79,1.0,ATM,Food,US,13,0.0667073591042663,0.1193003759038973,0
2724,456,22.317647831502956,Online,Food,US,11,0.1026525128216761,0.2226289594090657,0
468,101,133.4811316190142,ATM,Grocery,FR,20,0.1804056044071371,0.1894840724305686,0
9716,521,10.0,POS,Electronics,UK,20,0.9551895797706678,0.8379429916266617,1
9396,64,103.38539050079764,POS,Food,TR,14,0.103751774382294,0.0905198971623413,0
3340,576,108.0115182306703,QR,Food,US,21,0.0395510639539372,0.2290152817121311,0
8915,534,20.313707202244828,QR,Electronics,FR,16,0.1743050205917827,0.0395747931106644,0
6881,383,62.2291849875471,Online,Food,TR,11,0.0717898541358658,0.1849924959289536,0
3179,710,67.57214383556743,ATM,Food,US,17,0.1942224499042616,0.2399490782979446,0
2069,105,166.0658101401702,Online,Food,US,19,0.1973461283311396,0.2612300194807166,0
5120,181,111.93000366330504,ATM,Food,TR,14,0.1878855511121546,0.1707928563288694,0
8914,987,130.73992051800258,Online,Travel,FR,9,0.2433075175758186,0.151306439345782,0
2120,131,72.54046153515881,POS,Electronics,UK,14,0.016927562022968,0.2397082211211346,0
1934,72,47.23068893291331,POS,Food,US,15,0.2800699052833223,0.092350535987098,0
3411,413,64.38553570968602,QR,Travel,UK,15,0.0108001835964019,0.2351792784427936,0
1277,987,60.58904476418414,POS,Clothing,UK,10,0.1206874715003245,0.2978614486197883,0
6811,19,88.73888308195289,ATM,Food,DE,13,0.0996618802690891,0.1385009196663083,0
9255,90,16.920488082916194,QR,Food,DE,19,0.0567993591993582,0.037120039097739,0
1661,238,159.07815684410457,Online,Food,UK,17,0.2686304416146603,0.0363620964279011,0
5549,328,90.53668845315958,Online,Electronics,DE,23,0.2462416629551971,0.22132703400037,0
8214,298,1.957460108355363,POS,Clothing,DE,10,0.2638410869047472,0.0672083979530358,0
4187,552,106.88719470015688,POS,Food,TR,19,0.1716530591961478,0.0868782691988236,0
589,92,126.66368013917966,ATM,Grocery,FR,21,0.2972266518545391,0.1299933232699512,0
873,72,11.15871692119876,POS,Clothing,US,19,0.0721453467757577,0.0892636531308894,0
9715,356,802.549325882404,QR,Food,TR,2,0.9273698236761834,0.7459487935475722,1
5907,649,74.97515750776071,POS,Electronics,DE,13,0.1342044179838874,0.1164454839006966,0
5153,187,106.26427316393448,POS,Travel,US,18,0.260863429924629,0.1842826481201649,0
513,989,135.8539518498082,POS,Travel,US,6,0.1006351278900744,0.1312176910587738,0
4483,819,77.11405259805909,QR,Food,US,16,0.2640498624669249,0.0267084427277324,0
2807,98,72.85662026237314,Online,Clothing,DE,13,0.0864264262347983,0.2475487144662053,0
6449,61,27.52382396472693,ATM,Clothing,TR,13,0.1518293312410165,0.1923656678886814,0
9841,865,1026.4349704368217,ATM,Clothing,DE,11,0.7142935371617583,0.7036275553032345,1
5305,745,106.86443897438326,POS,Food,FR,22,0.1312596607994763,0.1805564838133776,0
2387,510,75.25856972901875,QR,Grocery,TR,17,0.2455424771915217,0.1049981753117439,0
6446,904,140.03800916857514,ATM,Food,DE,16,0.0581638490242085,0.2760907600285954,0
1471,206,96.67192257277716,ATM,Travel,US,22,0.1992870465617054,0.2209426895596498,0
9064,509,119.31584839792431,ATM,Electronics,FR,18,0.2156694731042059,0.2485201847038659,0
1087,777,4.597602971521013,POS,Clothing,US,23,0.1268819723534322,0.1380419382621089,0
8117,470,113.61762437959815,ATM,Grocery,DE,13,0.1201669360425923,0.028304321970338,0
4758,307,75.72793154479501,QR,Food,DE,20,0.2967794284040777,0.2769309471764181,0
6140,220,113.45087638857704,POS,Food,TR,19,0.0214656977359347,0.05995735847164,0
7234,117,132.40390056067534,Online,Food,UK,13,0.0899213165268279,0.0718013231436211,0
1104,984,128.6062858804195,ATM,Grocery,TR,14,0.0191030418120882,0.2681326133370805,0
5237,367,72.56418293258662,POS,Clothing,DE,6,0.2090857799131912,0.0095068660027178,0
5996,290,81.89145305707737,Online,Electronics,FR,17,0.2243440838712576,0.2996655182973117,0
1948,884,1.0,QR,Travel,DE,7,0.1207138441744111,0.2019400283415457,0
6224,993,110.77057013650618,QR,Clothing,US,13,0.2997690492451385,0.1407123851418137,0
1878,206,61.44325163831861,QR,Electronics,TR,19,0.1795516977908811,0.0640860055564348,0
836,559,132.58555382984562,Online,Electronics,DE,21,0.0741655107767979,0.2640086391939407,0
892,962,97.69692979377672,QR,Electronics,TR,18,0.1124994062967446,0.19177644523158,0
4398,774,84.1084728990228,Online,Grocery,FR,15,0.2151653128985802,0.0902083119212466,0
773,316,177.5315296628834,POS,Electronics,TR,11,0.2863148462935965,0.1245008521258885,0
39,548,1.0,QR,Grocery,US,22,0.2694608961099932,0.2221190678533557,0
9204,760,102.1927548849871,ATM,Grocery,DE,19,0.0756208430181272,0.2952635081612025,0
3644,66,152.18566766380653,POS,Electronics,DE,8,0.0313865666152371,0.1590485510142145,0
1516,735,97.90599725174654,POS,Food,UK,7,0.0716625083216263,0.2775634759415529,0
5937,858,157.27334932796705,Online,Electronics,FR,21,0.2008448519655496,0.2951499227178957,0
955,518,122.32245994083652,POS,Clothing,DE,21,0.0929772913610743,0.2574399041503523,0
710,627,143.92267864992198,POS,Electronics,FR,22,0.0631779870918982,0.2375263337807885,0
6228,729,88.91239909962951,ATM,Food,FR,22,0.1625567766227035,0.1232549565438171,0
619,875,60.90765629883298,ATM,Grocery,UK,7,0.0631263039585397,0.0570499714085915,0
6277,591,2.2573960434427534,ATM,Food,TR,10,0.2819098229558649,0.1358689269165185,0
8288,214,71.78192232194203,QR,Travel,DE,16,0.24987807871577,0.0431074946140405,0
750,627,98.2428210297646,ATM,Food,UK,16,0.0918095717941426,0.1036705368397942,0
9193,680,174.93461586641342,Online,Travel,TR,22,0.2153027617051334,0.0534742357888673,0
9940,937,1271.123287656818,QR,Electronics,FR,7,0.730780573639058,0.9225120986364732,1
3076,533,60.3416470561826,POS,Clothing,DE,23,0.2152424208883539,0.1475558999679687,0
178,725,115.3475375056263,ATM,Grocery,DE,22,0.1984482233688018,0.175399238935216,0
5621,46,241.6946115968721,POS,Travel,TR,22,0.0005509064225477,0.1052150709533077,0
3681,711,125.290513282183,ATM,Travel,US,10,0.044192318897177,0.209096330744611,0
2795,313,128.8149826520255,POS,Clothing,UK,7,0.0083558911138164,0.0844436496226317,0
2881,629,42.8056357587238,POS,Travel,DE,10,0.2483595656724747,0.0018609086727837,0
2640,362,30.12576935847784,POS,Travel,UK,14,0.0821794654909609,0.1118693121922158,0
8909,73,123.38081399721229,Online,Clothing,DE,22,0.2766060981851714,0.0441858669223284,0
4837,303,70.48901310353213,QR,Electronics,UK,20,0.1898162454199878,0.2410192078791506,0
2002,38,152.42424368522754,ATM,Food,TR,7,0.2670489098451098,0.1287111187070535,0
5047,842,19.333029912526825,ATM,Food,UK,14,0.2031533033242546,0.0238292836939508,0
3842,854,137.9968490979914,POS,Clothing,DE,11,0.2283409821417554,0.0603932615467609,0
1340,5,136.2083620438582,ATM,Clothing,US,10,0.0585735803238775,0.1421390310090484,0
6266,332,79.23863853695894,QR,Food,US,19,0.1103475167975321,0.1209007557195828,0
1864,753,134.96501998589503,Online,Food,US,22,0.0673909535584472,0.0658198715007309,0
2987,180,26.654702732404036,POS,Clothing,FR,20,0.2265875015283779,0.2012022630446652,0
3407,272,107.25120862362468,Online,Travel,TR,23,0.2585473221245721,0.2555920514045331,0
8054,798,137.04523165255634,POS,Electronics,FR,13,0.0444097464000553,0.2598459550576069,0
2893,123,172.3315704900865,Online,Electronics,UK,13,0.0193593195605818,0.0257243131098807,0
1936,178,82.67077091905904,Online,Clothing,DE,13,0.1465854712061176,0.2151596452916039,0
3841,657,67.09116561951782,POS,Travel,DE,22,0.2279957789041768,0.0584271751162032,0
6544,895,21.037351128375164,POS,Grocery,TR,17,0.1669170026350191,0.088744082410467,0
1997,92,148.20893866917126,ATM,Clothing,UK,14,0.2270771411690329,0.0434896965234273,0
1121,448,195.2511541767709,POS,Electronics,FR,6,0.1763999683143145,0.0792777582694521,0
7877,824,83.59124365794236,Online,Clothing,UK,20,0.1853456367930256,0.1821231591588857,0
9065,364,149.61260628776512,Online,Travel,DE,14,0.2581664725343349,0.1280856580470152,0
1046,203,137.03781892515536,POS,Food,US,23,0.0952042717553814,0.0153712044571521,0
9128,579,184.99165068818925,Online,Food,FR,13,0.0772113515595652,0.12124111102404,0
1761,498,107.6516958687194,QR,Grocery,US,21,0.1754269544738918,0.1904656111463098,0
2390,249,186.50859024928107,ATM,Grocery,US,20,0.1123835520143634,0.0183277551871351,0
2791,585,1.0,ATM,Travel,FR,6,0.2867886593525367,0.2850970102207486,0
9980,529,3512.384404081123,QR,Grocery,NG,3,0.8136927481816989,0.9720374943209208,1
2347,104,78.78023896446695,ATM,Travel,DE,14,0.2227308477708857,0.2243708494627471,0
1819,660,141.74142505962266,Online,Electronics,TR,21,0.044664092109106,0.0442717384672746,0
1929,180,100.61825475682664,POS,Grocery,US,21,0.272921013136781,0.2719974943401239,0
3673,112,109.92207642654276,Online,Electronics,UK,10,0.0385460024422519,0.007507092239438,0
5223,949,91.63760476304137,QR,Food,FR,20,0.2082197510428441,0.0428582661407146,0
3289,187,109.84156994509652,POS,Grocery,US,12,0.1669402747933373,0.0936645280023906,0
931,524,104.13500018192852,QR,Grocery,US,14,0.173022744783711,0.18845727134034,0
3227,940,158.16148775703888,Online,Grocery,DE,22,0.2474111068927398,0.1400235787052962,0
3334,941,140.3321558361375,ATM,Electronics,UK,16,0.2958955836226415,0.2235763302394111,0
2233,980,131.614960489165,ATM,Food,US,15,0.2368847634728791,0.0044052798091767,0
5320,89,41.711469141651655,Online,Clothing,TR,16,0.275845637264168,0.1446055224017651,0
2979,383,140.54318663802616,ATM,Travel,TR,10,0.0650830747429847,0.0765592540176228,0
905,418,150.04663395978343,POS,Food,DE,21,0.0716790914969978,0.0230938683877996,0
7209,312,58.82829525216329,QR,Electronics,TR,8,0.1114968382704845,0.098359492956832,0
7159,848,40.27707217124029,Online,Clothing,US,20,0.1379689755531099,0.2939433545942717,0
9343,727,127.4520905673866,ATM,Electronics,DE,15,0.254099722621071,0.2708457091520115,0
6694,292,94.6570649605446,QR,Grocery,DE,23,0.0887919350173578,0.2537638785450993,0
2454,24,108.57048979517526,ATM,Electronics,DE,8,0.2654633970727629,0.1739922954888268,0
2571,428,159.47091422317382,QR,Electronics,UK,13,0.2450422450253531,0.0988503910713826,0
6445,797,63.72294205124787,QR,Travel,FR,10,0.1136120291499978,0.113053194723852,0
9917,361,4946.757788725668,POS,Grocery,UK,4,0.8120037601730983,0.9250354679244006,1
8116,572,53.77200858979163,QR,Travel,US,11,0.1894852195025796,0.1290683152395889,0
1008,590,184.6164860338609,ATM,Food,DE,18,0.2177002199291557,0.0031974494394701,0
390,554,74.80803730561597,POS,Clothing,UK,6,0.0088237860116035,0.1601924541244056,0
9017,919,99.12513271724472,ATM,Electronics,FR,15,0.1937710913950314,0.0281441377181896,0
2896,796,56.12747094152595,POS,Grocery,TR,22,0.27371849524708,0.0451504540443517,0
6003,485,101.50069213083124,POS,Food,FR,23,0.1477622011736851,0.1971617971997679,0
7156,242,102.61715623257454,Online,Travel,DE,12,0.0373326799097309,0.1960244060130653,0
6427,373,20.084340760508454,POS,Clothing,US,10,0.0759865027998366,0.2717021614639319,0
9378,177,1.0,Online,Clothing,UK,14,0.1512936427923512,0.2803160091118172,0
757,829,51.77160337854124,POS,Travel,DE,6,0.1397485818295949,0.2826550203357827,0
3435,848,173.2352241870623,QR,Travel,US,10,0.2119521745407957,0.0457651335056844,0
7584,391,141.47746101125773,ATM,Food,FR,18,0.2066160350724927,0.1096489226729274,0
9649,907,2085.0060739698065,ATM,Travel,TR,10,0.7275848987437198,0.7744849015129681,1
173,240,187.30768897755289,QR,Electronics,US,22,0.2551872014542974,0.0240883784768102,0
6807,691,1.0,Online,Food,UK,23,0.1471100903327578,0.1232957067029657,0
3385,347,214.09514582570856,Online,Food,TR,17,0.0809030261447492,0.2874974097026815,0
916,314,112.7157813276855,QR,Grocery,US,11,0.1989627165567004,0.286612193447524,0
5101,861,129.39641339989325,Online,Food,UK,23,0.0956147012718982,0.2240866399001301,0
4334,156,49.21167665379196,QR,Clothing,FR,11,0.2430112376672587,0.0918699964339341,0
3710,314,68.80242918793661,Online,Food,FR,21,0.122048318168207,0.1863449048620397,0
6773,157,62.66840804815385,Online,Electronics,TR,18,0.1432967608006879,0.0216492206003597,0
1624,444,29.735905637255527,Online,Food,UK,9,0.2802158381905559,0.0149284952325961,0
1294,20,6.263585971929601,ATM,Clothing,FR,9,0.19586472470444,0.146316372889084,0
4146,77,108.68846009786364,ATM,Food,TR,8,0.2374168078265324,0.0701875511422975,0
258,552,58.27856332411762,Online,Electronics,DE,11,0.0673773601377464,0.0781965624748831,0
3034,530,55.70356472675309,QR,Electronics,US,9,0.0879370236384338,0.028107000478283,0
1899,537,127.31658530008755,QR,Electronics,DE,10,0.2524258534383649,0.1759438200677819,0
2343,307,1.0,QR,Food,UK,8,0.1278002271495402,0.2384156404099309,0
9769,575,22.168429062989272,ATM,Electronics,DE,9,0.8174431550768697,0.9445475994709868,1
1078,833,56.93184735252259,POS,Food,UK,16,0.1599881115441323,0.1584369323277391,0
3704,189,49.643431409795966,QR,Clothing,FR,16,0.1713865749205734,0.1888055977846696,0
41,743,86.93499447155526,QR,Electronics,FR,10,0.1180778409644801,0.1270732597562344,0
4984,980,111.67077305536542,Online,Grocery,TR,18,0.2109202661468035,0.1406705105677999,0
8512,22,49.49567705702287,ATM,Food,TR,9,0.1964765003587801,0.2566131727349225,0
4099,466,87.25501922555775,Online,Clothing,UK,18,0.0370500961390093,0.2523691797320272,0
5982,550,1.0,POS,Grocery,US,15,0.2008079043801211,0.1592050823008337,0
6615,922,85.78120704596697,QR,Travel,DE,20,0.0377764723732789,0.0760124353597647,0
3222,510,120.64106863665728,POS,Clothing,US,12,0.196977696563608,0.2310432780185958,0
8285,917,120.54580667965168,POS,Travel,US,17,0.2504827688669877,0.0121640911034262,0
9213,859,37.42376228923278,QR,Clothing,US,6,0.2806519736160821,0.0555605144405069,0
9462,643,56.823893349264345,ATM,Clothing,US,8,0.2161819376849609,0.2203812261051121,0
4871,999,151.6446742045836,QR,Travel,UK,8,0.1820442784693418,0.1474645292731891,0
6742,913,117.49659973722213,POS,Food,FR,18,0.0395793062739539,0.0963831852866791,0
999,989,11.937871068167825,Online,Travel,UK,21,0.2831359372817663,0.0254663821134285,0
5213,299,47.865129540835696,QR,Food,US,23,0.2496367748675519,0.2416299729416163,0
1969,363,85.18754006178801,QR,Food,TR,17,0.2192842965708928,0.0020675486729179,0
3606,178,87.9817484183647,QR,Food,FR,12,0.1624312029226743,0.2158248210246622,0
7583,381,89.11162377280192,POS,Food,DE,7,0.1768776465055459,0.0049963522796583,0
3092,587,121.87122428614671,POS,Food,US,15,0.2828964283419117,0.0513856227721032,0
8830,621,155.79236374683234,Online,Grocery,UK,22,0.0679288779474098,0.094453086852955,0
5054,342,119.78825757625616,POS,Food,DE,18,0.2470836204041666,0.1117562035864818,0
8126,640,129.02098782336793,Online,Grocery,TR,12,0.1289858926172438,0.25241676656145,0
5465,608,102.4698673457692,POS,Clothing,US,21,0.1252554274068338,0.2838580784308063,0
578,494,35.45283748373916,QR,Electronics,US,16,0.1731610835637334,0.0709048451658049,0
192,667,154.97435126665408,QR,Electronics,TR,10,0.0349878552501162,0.0030175250092991,0
2264,719,171.96467419177344,QR,Clothing,DE,12,0.2578693038723605,0.0553861395059719,0
5340,238,98.29463995052278,ATM,Food,FR,23,0.2442080247953243,0.1471305925666029,0
2713,3,142.08036018791955,QR,Electronics,US,15,0.0414916990509002,0.0917074785858778,0
8693,58,91.94073808903414,QR,Electronics,US,12,0.2052280808440468,0.1297330195975176,0
4586,545,41.16674213072565,QR,Electronics,UK,11,0.2155116119895502,0.149973580145147,0
4019,908,112.5072223866277,Online,Clothing,UK,19,0.1378231582415528,0.1234466471159768,0
2112,389,1.0,QR,Food,FR,22,0.1087933971700015,0.080094063689144,0
3483,507,27.111195610139944,POS,Grocery,DE,6,0.1832488595510779,0.0153810057715956,0
4002,188,129.58588633909935,QR,Travel,TR,11,0.0817354490354412,0.0160380763882088,0
6932,465,33.90864441261037,POS,Travel,UK,12,0.2254936347343528,0.1950000254922029,0
6257,454,134.08915909173146,POS,Food,DE,16,0.0383449180143957,0.1049157422671274,0
3024,558,64.0427755006387,QR,Grocery,TR,7,0.143732297063391,0.16207386777433,0
6428,580,91.40128970572886,POS,Clothing,US,6,0.1972736540307216,0.2438608599310796,0
7600,361,36.0681647721104,QR,Electronics,UK,17,0.0069765410279084,0.2106200440896362,0
9180,210,12.241706000500985,ATM,Travel,UK,9,0.2466467478768583,0.2407929659647036,0
7125,294,189.29719241347956,QR,Travel,DE,20,0.2882609148897462,0.2638181939375754,0
4786,335,187.96083017812143,POS,Grocery,DE,19,0.0717114534938847,0.188473419787107,0
5949,549,179.62989276701768,ATM,Food,DE,23,0.1897703402657641,0.1543191840518033,0
8281,440,90.4187042171291,Online,Clothing,FR,9,0.205483464919182,0.1854062968218555,0
8121,894,154.33304139254912,POS,Food,UK,16,0.2525943044601957,0.0788679608601603,0
9899,551,2894.054689607109,POS,Electronics,UK,6,0.8812833370537748,0.7253641622977298,1
9042,364,99.95722002149812,ATM,Grocery,TR,23,0.2442181970798896,0.1297329984000517,0
8457,138,82.11065457595939,Online,Clothing,US,16,0.0686988321438523,0.0242449847883444,0
6710,827,100.9822227980423,Online,Travel,US,23,0.0362426237444261,0.2395094713494839,0
4039,852,94.80402442605806,QR,Grocery,DE,15,0.2817025549402463,0.1030797179215774,0
8714,829,146.34418752774883,ATM,Grocery,TR,21,0.1585407786665222,0.126131594460427,0
4715,887,171.4117107237346,QR,Electronics,FR,10,0.0164908935759656,0.1434375182080473,0
7036,501,121.19758340316044,ATM,Travel,UK,17,0.0236833586145729,0.2786162808309216,0
8173,861,134.86966630976394,QR,Clothing,TR,19,0.2540758668414181,0.260036355882569,0
5571,387,96.59885546475608,ATM,Electronics,TR,7,0.0382725912416607,0.0171336362727333,0
9825,164,1725.7297484296696,POS,Travel,FR,13,0.8537374296180007,0.9160606238263728,1
7413,234,32.19938642002872,POS,Food,TR,9,0.0692167104343415,0.2796506781416609,0
4114,702,135.09688702383417,Online,Food,UK,9,0.0613112597677543,0.1241730762921351,0
5158,396,108.22789453143234,POS,Electronics,TR,7,0.2311684535456346,0.0522643790223046,0
4213,367,127.2694740462337,ATM,Food,FR,18,0.0620662670312275,0.0304766837868895,0
1901,967,51.09558118757752,Online,Food,DE,23,0.2450561844463093,0.1349320067979343,0
6584,974,135.28919426020155,POS,Electronics,FR,8,0.0865984419090084,0.2574393242189559,0
1708,516,59.90689115809592,QR,Travel,US,18,0.1424056547482574,0.1736275210629919,0
6929,358,145.4995173797262,QR,Clothing,DE,13,0.2278492968225302,0.0355470882455707,0
3553,160,122.3946429278962,Online,Electronics,TR,11,0.0957175069850482,0.0685412867410888,0
2231,780,117.46127812722334,POS,Clothing,TR,7,0.050053811322923,0.0435091046244313,0
4485,476,79.6883120816762,QR,Electronics,US,22,0.1495307225498619,0.2197805397392292,0
3224,606,53.55073419553473,QR,Food,TR,17,0.1451257653914608,0.15765316368147,0
6636,562,67.67708952398453,Online,Travel,UK,6,0.1913197673844218,0.0934016717996495,0
7208,843,89.36299909672,ATM,Grocery,US,12,0.2160091437947424,0.1195093065036449,0
4904,148,207.9871156334069,Online,Food,US,19,0.1015057802330903,0.1065144914538374,0
188,939,28.232204200445963,Online,Grocery,DE,10,0.0129682758529941,0.0311887702583465,0
1072,147,66.64792621056564,ATM,Electronics,TR,19,0.0595298251554763,0.2506664648563287,0
1684,206,141.34717302325978,Online,Food,US,18,0.1966416802979515,0.2849021728719014,0
3923,507,64.11688620139392,QR,Grocery,DE,10,0.1059782985605917,0.1479705160477885,0
3634,28,155.26534537018057,ATM,Food,UK,17,0.273826623023512,0.0423234669052626,0
6635,277,56.221894978336856,Online,Travel,DE,12,0.138647383431102,0.0682302299067647,0
9552,407,405.1598972446354,Online,Travel,TR,2,0.8357434089696625,0.9206418438530176,1
265,226,92.8672900955398,POS,Clothing,US,18,0.1134793542945276,0.2830600164038693,0
1808,919,97.7997227529087,Online,Clothing,DE,17,0.038275531035193,0.1406762977735075,0
7961,661,111.82434730732908,ATM,Electronics,UK,13,0.0836078600039259,0.2421785649730179,0
2443,445,119.70644479460547,Online,Travel,FR,22,0.0343677771314109,0.2686199060196941,0
81,935,115.64981522674142,QR,Electronics,TR,20,0.187357990120067,0.1470370821782471,0
6383,681,130.18627877287662,POS,Clothing,DE,17,0.2667775375199978,0.2440246161303013,0
3905,354,27.95386160590766,QR,Food,DE,14,0.0751476838361987,0.2921096977265151,0
34,291,55.48114708699611,ATM,Clothing,DE,13,0.2267232644845041,0.0524223176828791,0
6752,378,138.434106844336,Online,Clothing,TR,11,0.018996896755874,0.2231244279061661,0
6095,604,77.91266382515377,QR,Grocery,DE,18,0.0052242082989099,0.1220251860607354,0
8833,663,96.8212861397366,Online,Electronics,UK,21,0.0935865411902327,0.0314574303930547,0
4796,537,104.52919617407484,POS,Food,UK,8,0.2686158493810535,0.180445085108539,0
5083,342,29.409588962933867,POS,Grocery,UK,8,0.0913297042010998,0.2123225484351833,0
6295,691,61.34497720304646,Online,Clothing,FR,19,0.2637558513255608,0.0493465967305599,0
4808,397,73.58016139898119,Online,Grocery,DE,8,0.057461090066645,0.1732632631389322,0
3919,995,131.7141966591119,POS,Food,TR,21,0.2682790993063831,0.2704442631652285,0
4306,861,1.0,QR,Travel,DE,17,0.2769012062980816,0.0581612261739247,0
4046,734,97.85977512159538,QR,Electronics,US,15,0.2609616709237924,0.1050836297272903,0
3112,568,18.240124500787545,QR,Electronics,US,16,0.0540044249941229,0.2462289620736432,0
6071,173,123.94119550039063,ATM,Travel,UK,17,0.1707579442775561,0.11914028297798,0
1632,824,107.95885579612904,POS,Food,UK,15,0.2822337875581497,0.0698497646805447,0
3559,691,79.94433643685353,QR,Food,UK,16,0.1394335707120098,0.2669282332416042,0
5642,821,38.25581863328112,POS,Grocery,DE,7,0.1836702676890853,0.2192222567900048,0
4457,542,69.01241716644596,POS,Travel,TR,23,0.294083841372688,0.1536114405615913,0
6558,412,1.0,QR,Travel,UK,12,0.0459228645811044,0.0758773891286948,0
3946,871,108.47140419544743,POS,Electronics,US,20,0.0209668140213102,0.1008928734801842,0
8975,939,142.4228228235032,ATM,Food,US,17,0.1263887419059958,0.2781206604586737,0
509,908,22.62889358154244,ATM,Clothing,US,16,0.0444343300895581,0.0198723050490324,0
9969,729,796.8073945644034,QR,Clothing,NG,20,0.7522560278585768,0.7129552709370998,1
9076,481,52.30419290020396,ATM,Electronics,UK,11,0.2350773709133041,0.0515408932278672,0
4877,83,99.66319219429488,QR,Grocery,DE,12,0.0877212396484557,0.0603193943735752,0
2746,415,66.63973077618374,QR,Electronics,FR,19,0.0317949518406869,0.1073458007861558,0
5649,507,36.102505733940106,POS,Food,FR,13,0.2022489371699583,0.1076058998466023,0
7415,560,100.5566296358672,Online,Electronics,DE,17,0.027435514033504,0.2468293048805609,0
9609,974,1868.153411480414,Online,Food,TR,22,0.947156336063104,0.9217552838118404,1
4496,890,55.41726063296096,ATM,Electronics,US,14,0.2059103930517409,0.2901740501287362,0
2827,783,244.5829346537947,POS,Electronics,DE,12,0.1180997759809893,0.074215946223036,0
540,698,145.39995780912287,ATM,Grocery,FR,16,0.0233623918425317,0.1248729443922721,0
5758,324,95.84473457916974,POS,Travel,US,20,0.1553618596051431,0.2169762833762685,0
7654,655,73.12448645774779,Online,Clothing,FR,16,0.2348077249480182,0.1232102607077531,0
1608,399,131.5089796182557,POS,Clothing,DE,11,0.0439779052426783,0.1179622270910879,0
121,52,166.1083573110563,QR,Food,FR,8,0.0197108912525274,0.0026461218227643,0
3895,549,131.2207569466262,Online,Travel,TR,22,0.0236263876851224,0.2686147197116126,0
9284,458,87.34392118570938,POS,Clothing,US,12,0.0812334550706016,0.2532934697709422,0
1682,436,81.9861576561512,POS,Clothing,UK,16,0.1614438732200719,0.265584879331055,0
2917,897,80.08970381403884,QR,Clothing,UK,12,0.01245148509634,0.1012052275494064,0
494,735,134.531528487838,QR,Clothing,FR,14,0.0588434553219673,0.1977708796777881,0
6237,977,175.08173093149867,ATM,Food,DE,9,0.1510875517727612,0.2235842008215077,0
2486,572,122.92774870094608,ATM,Electronics,UK,16,0.146404585450523,0.2887428425016447,0
2959,637,40.608579331451885,POS,Grocery,FR,11,0.1089861164768188,0.2033081572121622,0
1665,221,117.9926982377498,POS,Clothing,FR,10,0.193946618840459,0.13974206981761,0
9726,538,2227.7316925585865,POS,Electronics,US,13,0.724941948376741,0.7783690693085981,1
2455,788,129.3548963150148,POS,Electronics,US,15,0.1169807177635858,0.2919958747591915,0
1391,498,77.82951633907257,QR,Travel,TR,22,0.2503396980919016,0.2278223247272796,0
7481,359,136.4710969175168,Online,Travel,FR,7,0.0078557957520851,0.172072985667179,0
7545,139,57.3956557939853,Online,Food,US,6,0.0952567789224296,0.0922500720249373,0
1937,211,85.91763088725347,POS,Travel,UK,22,0.1636645551607225,0.2716881195448271,0
8164,284,137.240552459838,ATM,Food,US,15,0.1402301252459143,0.2175720469756103,0
2242,142,111.25289426289696,ATM,Clothing,UK,7,0.2015138329124266,0.1624916472464778,0
3883,603,100.123291474376,Online,Travel,US,15,0.2578664768203571,0.0847259321381492,0
4011,520,174.96382920084332,ATM,Electronics,FR,10,0.0545591764486426,0.1764859528237982,0
4186,86,48.3888308802062,Online,Travel,FR,13,0.0285453343682282,0.2842054624624163,0
8855,792,124.74356001008118,Online,Grocery,TR,15,0.1857518365973274,0.2597872205526048,0
5745,656,29.421215743746856,ATM,Travel,FR,17,0.0973371426618323,0.1898796777958932,0
6181,367,121.12518132462688,QR,Grocery,UK,20,0.0021384900877426,0.0133781659117102,0
8382,865,48.48461747133271,Online,Grocery,FR,12,0.1375677086534833,0.1994936973558038,0
4057,12,121.66420667196294,Online,Clothing,TR,9,0.1938519121721591,0.2058792596490432,0
270,12,35.158307641601354,QR,Travel,UK,12,0.1776910843305484,0.1683066734672211,0
3964,541,137.77576302642512,QR,Travel,UK,22,0.0485076448037922,0.2839105275847013,0
6037,700,197.5861585201808,QR,Food,UK,15,0.0541019127530136,0.1825694290735839,0
4433,535,7.411762686479079,ATM,Grocery,DE,11,0.1088799623209551,0.1731462000006006,0
2730,375,103.78133891952018,ATM,Grocery,US,17,0.2061667497297035,0.1443677662279165,0
4451,412,104.62556544910711,QR,Grocery,DE,9,0.2373785532353239,0.0158897526404468,0
5802,819,168.77953803262034,QR,Grocery,DE,18,0.2330036340828546,0.0191346135973561,0
1755,780,73.74207346508697,Online,Clothing,DE,7,0.280817409544542,0.1166005186577371,0
2759,762,181.7191599323882,POS,Clothing,US,20,0.0643739551258691,0.1671575697352875,0
9441,949,94.22585518041843,ATM,Food,DE,19,0.0572017161453809,0.1864790719747426,0
1688,886,93.81534052441086,QR,Clothing,FR,17,0.1137573590566661,0.2564777311505223,0
8029,967,24.011605859498037,Online,Travel,UK,22,0.2376793142605621,0.1275489693381512,0
6759,638,162.4700714905425,Online,Food,TR,13,0.1306271260606495,0.1720049774624057,0
394,646,45.70387353551829,POS,Electronics,TR,10,0.0063225746738821,0.2068634276808327,0
6671,322,201.14710381532927,ATM,Grocery,FR,9,0.0712530100331282,0.1138088331068308,0
6677,132,135.24340408985353,Online,Clothing,UK,11,0.0686022820990104,0.28310884400087,0
8547,866,103.44987805812424,ATM,Electronics,TR,15,0.263520707956887,0.2809435221461668,0
3268,130,109.94439776778437,QR,Clothing,FR,19,0.2191030506812288,0.2300442706284906,0
7960,977,108.41915138915438,POS,Clothing,TR,11,0.0706133728893735,0.298284485908058,0
8222,6,49.113352995526974,ATM,Grocery,DE,11,0.1913241913941845,0.0317359412431754,0
1240,849,69.41992103985679,ATM,Food,DE,20,0.0227088277707321,0.1273633687989625,0
620,652,78.01500245320956,ATM,Grocery,FR,13,0.0582385356162235,0.1561054592737717,0
2275,666,92.6319932621856,QR,Travel,US,8,0.1423401788469665,0.0277494408267523,0
9692,573,10.0,Online,Travel,UK,14,0.9704267789805489,0.8564787891047996,1
9712,548,1220.9535407518003,QR,Food,NG,9,0.904923721295712,0.8821494781114568,1
9997,574,6427.5305298808735,Online,Clothing,NG,15,0.7603003677283898,0.9728738323706476,1
7659,857,92.90370381965596,QR,Travel,US,22,0.1808676491619192,0.119203829158082,0
8399,916,106.47610391349428,ATM,Food,FR,7,0.106710463016997,0.2571916251123326,0
7485,899,93.3594695598762,ATM,Grocery,US,16,0.0240884266549486,0.1718463266439977,0
3548,245,138.714552908218,QR,Grocery,US,19,0.1340113554547303,0.1250820502318896,0
2226,497,117.12859157657284,Online,Clothing,US,7,0.1852125117902361,0.1605206792978939,0
8085,421,111.32960630889993,Online,Grocery,US,20,0.1709486405336504,0.035423172502173,0
255,303,126.72718067280952,Online,Electronics,FR,22,0.0888126927051072,0.044991930014386,0
592,136,148.30203990286813,QR,Grocery,UK,7,0.2398684025636969,0.1558574143673355,0
7885,736,70.0968338175586,ATM,Electronics,UK,17,0.0067887753031996,0.1291860924284902,0
8461,915,124.95532209899612,POS,Clothing,UK,22,0.099177591455142,0.0341684400566082,0
9918,718,7653.453836441954,Online,Grocery,TR,21,0.9356274692960644,0.7213508437211679,1
7618,180,105.24325165393066,Online,Grocery,US,20,0.1007462654278707,0.2491021490868685,0
969,992,40.54889703870078,Online,Food,TR,6,0.162523478948169,0.1885178187030068,0
4798,300,69.50230447047221,QR,Grocery,FR,23,0.2106170800890129,0.2673936195178129,0
9721,900,10.0,POS,Travel,FR,23,0.8537462906310422,0.952668770880084,1
2461,624,36.87377029736131,Online,Grocery,TR,9,0.0670644624111704,0.0788459508983241,0
1999,567,115.97770506099386,POS,Food,TR,10,0.1182477988108005,0.1347149800815454,0
388,527,207.98696303305,QR,Electronics,TR,22,0.1838600986583575,0.0966811614596551,0
7861,572,115.51642379808732,POS,Electronics,FR,22,0.0562419719627445,0.0953663603657335,0
6480,767,143.3010532492301,QR,Travel,TR,22,0.0671444775125368,0.0922673533039799,0
1393,633,71.2704984655979,QR,Clothing,US,20,0.0915485269301273,0.1575607195609331,0
5805,473,68.91689974762414,Online,Food,DE,20,0.2593329940870955,0.1667354843493015,0
2457,888,60.228760412259696,Online,Clothing,US,18,0.2024331170139038,0.2841478982148422,0
6364,812,102.99281621729376,Online,Food,UK,20,0.0534327023251921,0.2969960955576066,0
9463,335,17.141181984921616,Online,Clothing,DE,8,0.2413653010393761,0.2471188554343061,0
1473,628,1.0,QR,Food,TR,21,0.0999626176284221,0.1385586842125479,0
1673,377,44.47063206549784,Online,Travel,UK,15,0.167394204475968,0.119360531420127,0
7664,695,116.07315436514912,POS,Clothing,TR,18,0.2120284161631516,0.0979632930703934,0
1436,92,50.15465198348048,Online,Travel,UK,15,0.0679477324131592,0.0040656523091421,0
1645,592,158.41823164741498,Online,Food,US,9,0.0771612137865663,0.0721144934792504,0
5514,152,35.8943094433468,QR,Electronics,FR,22,0.1979602915034484,0.1103386649161059,0
6658,185,95.53325382717932,QR,Electronics,UK,8,0.1307902424351227,0.0683247742511594,0
2769,250,105.0781211751804,QR,Electronics,US,7,0.1658953190706808,0.0908256402212927,0
6955,707,40.30487799002249,ATM,Electronics,TR,7,0.0540986075677907,0.2852841309362307,0
5375,310,73.4795629936217,QR,Electronics,TR,14,0.153133406321751,0.20145084246318,0
2942,742,162.56252982623428,POS,Food,DE,13,0.054887510972569,0.1777616414941359,0
7802,791,101.24102773124002,ATM,Food,TR,21,0.0808377773311502,0.1270142919135595,0
8740,32,143.63269678147736,Online,Food,TR,17,0.0985636713505353,0.2931452702677306,0
2525,605,160.72540058889018,POS,Travel,TR,11,0.1823246273327853,0.0042562585232124,0
1823,757,66.66856921606774,POS,Clothing,FR,12,0.0030479940035696,0.2212187775974826,0
7692,885,106.1163343082428,Online,Travel,US,12,0.1165838698557394,0.118427325822148,0
375,390,20.83472051864419,ATM,Travel,UK,12,0.192356849977248,0.2147556499566331,0
1288,37,53.29228964752291,QR,Food,DE,19,0.1905857648671756,0.1222528366507441,0
7967,900,187.8637108536072,QR,Clothing,US,13,0.0581957427389054,0.1639214209945083,0
24,369,133.11016669730935,POS,Food,TR,21,0.10510832049721,0.0744116434221373,0
9047,268,147.04346191366483,Online,Travel,UK,6,0.0449840417234037,0.2931310164475648,0
6170,825,22.32789076252968,POS,Travel,UK,21,0.0436362483979738,0.2504573126927089,0
645,358,149.6667250803884,QR,Travel,TR,8,0.0194339283898599,0.1601553126663944,0
1791,338,140.38867156458917,ATM,Travel,DE,20,0.020525366163006,0.1054907742507946,0
9584,818,22.168429062989272,QR,Food,NG,9,0.942863525174568,0.8792714663806476,1
8594,912,113.05199912934536,ATM,Grocery,UK,8,0.0021810752078546,0.2357701994351446,0
7347,220,75.6489568482747,QR,Electronics,TR,10,0.1792384167437276,0.0962946658531311,0
5611,210,24.22367693072053,Online,Travel,FR,15,0.1619761215839197,0.2933394590398874,0
9510,166,3939.533619937679,POS,Travel,TR,18,0.888160884408916,0.8813363587257111,1
1805,47,115.87091367518956,POS,Electronics,FR,12,0.0095159228349016,0.2065818338123212,0
6754,555,214.55535873093692,QR,Clothing,US,23,0.090256395542019,0.0785700677463004,0
8510,680,64.49704716897449,Online,Food,DE,6,0.028338646348295,0.2048014329342184,0
7354,348,74.1188627789582,ATM,Grocery,FR,19,0.2438905878702401,0.0043367538728596,0
7329,751,44.30551735177261,QR,Electronics,UK,19,0.0740301865180617,0.2039869792181085,0
6026,675,153.85812382204023,Online,Grocery,FR,13,0.1280396696822856,0.1711432465455584,0
8673,445,51.86621529552565,POS,Clothing,TR,18,0.2669774654481247,0.2621172597991443,0
680,936,102.46624183497796,POS,Electronics,DE,22,0.0200211055774413,0.2812210038518482,0
434,433,1.0,Online,Grocery,TR,20,0.2054392726537876,0.035571110890821,0
3937,498,39.54259335603604,ATM,Electronics,US,8,0.1826251120645401,0.2638606984033218,0
2086,719,115.25002726048643,Online,Electronics,US,15,0.1777220394669815,0.0743163293386865,0
3409,719,114.70837690008013,POS,Grocery,TR,21,0.104337331349683,0.0877979055318118,0
3956,69,20.55600400974751,POS,Travel,DE,21,0.2153734142457242,0.1175584413976235,0
9569,766,10.0,Online,Grocery,UK,2,0.9289326017173092,0.8747373217460689,1
7504,736,90.92628988219658,ATM,Electronics,UK,14,0.1305380844906089,0.1732779465591964,0
1165,859,107.71721163211706,ATM,Travel,UK,19,0.2726325077825542,0.1765920409481146,0
1022,713,99.63637025001468,QR,Food,TR,14,0.1929334313613448,0.0792057638557802,0
517,427,75.44851509610064,POS,Electronics,US,12,0.2667804462100462,0.1689589521827617,0
6192,104,88.66567856494152,POS,Electronics,US,18,0.1551770764388217,0.1132076895518712,0
9081,106,148.09479493451195,POS,Electronics,TR,18,0.2915051671004481,0.2163009987446222,0
4604,735,130.75594279127125,POS,Food,DE,22,0.1763778710980109,0.2084406897454839,0
9750,344,163.6204694154502,QR,Electronics,NG,4,0.7210376635232039,0.8569824904672683,1
6303,65,35.738860657289536,POS,Clothing,DE,8,0.0276304302702564,0.0650622504430539,0
77,122,178.60777399513577,ATM,Food,US,23,0.2435328727046708,0.0097967609754597,0
8640,613,109.14019820850632,ATM,Electronics,TR,22,0.0265226551081233,0.1590931879556476,0
9450,872,21.178040323945535,ATM,Food,TR,16,0.0378034577236862,0.2445786181102343,0
5432,443,14.018624066723234,Online,Electronics,UK,23,0.0100169534465881,0.0133618431405259,0
2240,466,130.67359683458895,QR,Travel,US,7,0.2208931642188915,0.1605856163339487,0
3115,284,43.75299890575079,POS,Clothing,UK,14,0.2576718642493363,0.0663038090575529,0
8324,596,60.23081603146472,POS,Travel,US,14,0.2673314678195569,0.2304124306439729,0
7979,368,134.74998344438825,Online,Grocery,UK,13,0.2130818375779704,0.2460422647375042,0
7056,466,163.62003137245287,Online,Grocery,FR,16,0.0120362585967267,0.2815833313552751,0
3032,771,169.60476220605915,ATM,Electronics,UK,10,0.2963853382411704,0.0847882412086439,0
1055,635,100.28428490198388,ATM,Grocery,TR,6,0.1766400125872667,0.2038120029555662,0
6575,644,120.30357909800254,POS,Food,FR,19,0.0283426731773058,0.2407398039297063,0
2978,158,41.6240439961577,POS,Electronics,FR,19,0.2162955022219611,0.2537240623868635,0
8838,521,134.22113600218628,POS,Electronics,TR,9,0.0622951873512471,0.133846632010386,0
2152,610,109.17365593557837,ATM,Electronics,TR,23,0.2900622757354451,0.1600360446763895,0
503,597,122.85200327981836,ATM,Travel,UK,20,0.2588239153912358,0.2964827319883817,0
7607,113,14.142994846622956,QR,Clothing,TR,19,0.1675094350654255,0.1010522056213044,0
3820,438,16.963775244499118,POS,Grocery,FR,17,0.0534090175158784,0.0969414167938123,0
2726,201,84.1646277862865,POS,Electronics,TR,18,0.0447450441160372,0.2827327307015981,0
3520,857,114.7712063500381,QR,Grocery,FR,10,0.0822752629932406,0.0103539379783565,0
2938,947,108.22512950217528,Online,Electronics,DE,7,0.0707837098939056,0.092047372108022,0
9936,940,2378.8037818380967,Online,Food,DE,11,0.9770103160714482,0.7863837188354322,1
9752,466,10.0,ATM,Grocery,TR,17,0.96860403643631,0.7006355565038085,1
7262,510,103.7694234617174,POS,Grocery,FR,17,0.0029925239484441,0.2062402724140302,0
988,58,126.87926535219027,ATM,Grocery,FR,19,0.0260588329466105,0.062676407271834,0
4248,927,98.44322308423622,QR,Travel,US,20,0.2190805900803006,0.0026078428890524,0
6877,648,96.71355278237836,ATM,Electronics,DE,8,0.2514387778616082,0.2443598755930933,0
3646,519,21.47925875805072,Online,Food,TR,6,0.2408518790388864,0.2215210462149959,0
9970,607,22.168429062989272,POS,Travel,TR,4,0.9626447135393974,0.9191063688115472,1
1882,531,189.8866920288679,QR,Food,UK,22,0.2881003212131911,0.0733556599953334,0
6437,541,180.93340231043132,POS,Travel,FR,13,0.1450730185266895,0.2322484643620615,0
2291,505,97.4800024700489,Online,Food,TR,15,0.2919856329778461,0.2504089847003333,0
9288,197,98.37786690532064,ATM,Clothing,UK,19,0.1429825484433379,0.0297815524253316,0
2692,457,157.45140314991468,Online,Travel,DE,21,0.0738040207252021,0.249145510288234,0
4883,646,1.0,POS,Grocery,US,6,0.1609601952219816,0.0689241884712925,0
7471,10,124.85409705016008,Online,Electronics,US,9,0.2460872602327879,0.072515359835643,0
7901,706,104.41572747326208,Online,Travel,TR,8,0.04581262875372,0.0874058305075215,0
480,881,144.04575845166227,Online,Grocery,US,19,0.1970238803949958,0.209295156404328,0
3384,522,133.2880027003901,Online,Clothing,TR,9,0.0026532937611202,0.1472308483038187,0
2151,543,140.27902372653634,ATM,Travel,US,10,0.1815287928761454,0.164163283607316,0
6433,31,184.7236265263968,ATM,Clothing,FR,18,0.0225046617115092,0.260833920978303,0
6798,616,65.01791889662633,QR,Clothing,TR,21,0.0681686456896658,0.2270023158821177,0
718,614,22.305349777622865,Online,Clothing,US,16,0.1151370908231528,0.0039696505857234,0
1609,726,1.0,Online,Grocery,FR,10,0.0420568297733828,0.1430665394295081,0
6361,170,84.73515121390457,ATM,Clothing,UK,17,0.2180144526562669,0.2197435317453335,0
5410,6,67.31227537110618,ATM,Food,DE,18,0.2220293106514226,0.1977239500530732,0
1885,642,120.90944822144549,QR,Grocery,FR,23,0.287441483913354,0.150077344188173,0
1214,685,91.97682240914776,POS,Clothing,DE,6,0.2162934344234179,0.0278804056217787,0
6739,322,75.03143978404228,Online,Clothing,DE,7,0.002240769541616,0.1751976698511536,0
8841,364,119.555362212045,Online,Grocery,FR,10,0.2005322254482834,0.2103833812931379,0
6253,175,1.0,ATM,Electronics,TR,7,0.0217754962279608,0.0440217762776044,0
1779,694,125.29365911014588,QR,Travel,US,21,0.2705128664025049,0.0555463670689622,0
5520,435,84.73056903979538,Online,Food,US,9,0.2650988798390458,0.0983575240383807,0
3808,637,93.11294504712107,POS,Food,UK,11,0.1271802504226668,0.2362608502634698,0
8965,209,143.02004783777767,QR,Travel,US,17,0.1730655177615361,0.0363294825061879,0
5099,209,77.76544333247625,Online,Travel,FR,22,0.0779126493986958,0.1802798066874751,0
366,692,156.15265987632316,POS,Travel,DE,18,0.0061738177047484,0.2860501649297923,0
5162,819,88.40379989431887,POS,Food,FR,14,0.2866640461654849,0.2581104002643876,0
8569,417,69.17315364358723,ATM,Travel,US,22,0.0236790654643249,0.0415349631579164,0
5716,998,93.6875926125206,QR,Travel,TR,20,0.2589015796723102,0.0623349490408797,0
7296,873,124.45287502707778,ATM,Electronics,UK,23,0.2557977757619738,0.091477797637084,0
5563,757,26.518697442674338,QR,Grocery,UK,17,0.0558714900943814,0.2368290295307281,0
9932,473,2186.58474238048,QR,Food,NG,0,0.855395954287895,0.8001883300975102,1
6873,727,135.98914758336463,ATM,Electronics,TR,20,0.0368543203626822,0.2871027225098358,0
157,11,190.4533374322205,Online,Electronics,FR,12,0.1264192576317827,0.2703252905214656,0
6933,662,92.50182994449318,ATM,Clothing,UK,13,0.2312779294690615,0.2630819490626094,0
215,420,74.38524268695141,QR,Travel,US,22,0.007151136309386,0.0797920812518657,0
2674,782,134.24210970527955,POS,Food,DE,6,0.1566746194330536,0.2267062186242202,0
1685,387,24.399684396921188,ATM,Electronics,TR,9,0.2575524684555108,0.198708869314922,0
2697,884,91.11864811883508,Online,Food,UK,6,0.2804281768996689,0.2633133077781458,0
9271,73,3.88429062635835,ATM,Food,TR,10,0.2408206018023901,0.1529687370861175,0
1053,207,101.53375880353543,ATM,Grocery,FR,22,0.1056680888282794,0.004546444237377,0
9598,243,2665.556708094332,POS,Clothing,FR,4,0.9928839756799832,0.7394994700377879,1
1651,857,47.16452758183877,Online,Travel,US,18,0.0414691641194501,0.0307975148851803,0
5061,212,104.93897187755294,ATM,Food,UK,20,0.2987483132957406,0.0124113693531547,0
3526,43,156.1066161115238,POS,Travel,FR,22,0.1243294316202875,0.2719147620572688,0
5566,80,153.8746905573082,POS,Clothing,DE,17,0.0692806559739594,0.1085446203928156,0
2144,711,79.90067544319325,POS,Clothing,FR,8,0.0903444518671008,0.0364344485280679,0
590,85,67.40963109631454,ATM,Travel,FR,6,0.2434307334201818,0.0770116318260658,0
3698,170,117.52507484110522,POS,Grocery,TR,20,0.105772949080536,0.1454723499442268,0
944,94,95.4052187292156,POS,Travel,US,21,0.2376594101772093,0.0644473223651997,0
3754,587,65.37325578224986,ATM,Food,UK,13,0.0421562282268004,0.0843584858747087,0
1476,379,124.01675234767384,POS,Food,UK,18,0.2299550023500425,0.2651911839291319,0
7887,192,1.0,POS,Grocery,TR,18,0.215169245447569,0.2125274918058216,0
9848,216,10.0,ATM,Electronics,US,4,0.7518448903408574,0.9674578342314496,1
4664,343,55.23077289042206,Online,Clothing,US,8,0.192727215749181,0.1558339081887039,0
3627,924,124.34803197148392,POS,Food,UK,10,0.0047000321254439,0.0519254714934813,0
5261,594,32.68619383840704,POS,Food,UK,17,0.1457751822549241,0.0666246154530764,0
2760,514,70.13014371546892,QR,Grocery,DE,17,0.2915719120681184,0.1276661525167955,0
6118,431,136.11527418913698,QR,Travel,DE,23,0.2405986640271371,0.1861386228752139,0
3240,934,111.66510532821889,ATM,Travel,TR,20,0.1273509810336366,0.1246981236961287,0
4963,1,88.60634355022185,ATM,Electronics,UK,23,0.1962971241775239,0.2688163766781372,0
3474,755,93.72697304239146,Online,Travel,UK,11,0.0312799319670331,0.2542234174874939,0
7674,313,125.743761816473,QR,Travel,FR,7,0.1283895683888374,0.0562846110538126,0
8929,345,134.05734822827466,POS,Clothing,UK,19,0.0151680593081682,0.1732844676836825,0
1967,945,117.40534073573554,ATM,Food,DE,15,0.2150147796737686,0.2221995083417285,0
1355,413,115.13138157649072,QR,Travel,DE,20,0.1504556277732471,0.1082206416676632,0
1530,684,92.45316915780036,ATM,Electronics,FR,7,0.0446077525290008,0.2059752520749024,0
5926,463,183.54252647218303,POS,Grocery,DE,22,0.0359400571866051,0.2264355789370831,0
1532,833,104.3857504658882,QR,Travel,TR,23,0.2654375278614564,0.0791297445709398,0
6968,880,166.1613473887456,QR,Clothing,TR,10,0.1413545535430918,0.2662122041489829,0
7792,902,145.25962836859443,ATM,Grocery,TR,13,0.2172504414313343,0.2215109009796572,0
4065,697,67.39889984323602,POS,Food,TR,9,0.0325952525988625,0.1616696750945804,0
4719,264,33.77667180546939,ATM,Clothing,TR,12,0.293691052240596,0.2829474860860486,0
7258,934,203.79770555487377,ATM,Clothing,UK,18,0.1354268685683224,0.0501978433790401,0
2123,792,155.80671443690608,ATM,Food,FR,6,0.0423217503593884,0.0234830863201855,0
3396,920,173.42511359427,ATM,Clothing,UK,16,0.1632921024618347,0.2584135700502937,0
2405,953,44.466836502437815,POS,Electronics,DE,16,0.1713361788389847,0.0779479049259801,0
855,103,112.34046590904263,QR,Food,FR,15,0.00875172000015,0.1953817437012627,0
8348,782,152.57905227132468,Online,Food,US,8,0.0060422753646134,0.1483335812941563,0
7205,320,77.64248608469337,POS,Travel,US,12,0.0421149507003701,0.0850781994335461,0
8042,547,83.48253767242642,ATM,Food,UK,22,0.2961302876402954,0.0139359046984142,0
5044,745,96.68168391144737,ATM,Travel,TR,18,0.2671879777496153,0.1584944863537656,0
6893,168,50.03530961868344,POS,Grocery,US,10,0.0672441991196959,0.2484911989523554,0
7060,866,23.19591622170469,POS,Grocery,TR,19,0.0811886587875904,0.1637891406403161,0
4464,293,53.6537956950196,POS,Grocery,DE,13,0.2660079854724542,0.0441364299726077,0
606,763,1.0,Online,Travel,TR,18,0.1677336015193886,0.1174797145718255,0
7421,218,90.91103836099464,ATM,Grocery,FR,6,0.0021305971608235,0.264033944553962,0
3195,615,148.43725543956228,Online,Travel,FR,16,0.1760587426716915,0.0699892278432997,0
2718,617,88.17468122712384,POS,Grocery,DE,21,0.1516239916973705,0.1019476664882619,0
5385,948,110.00003329158304,QR,Travel,UK,9,0.050419507543861,0.0433836364601208,0
7759,593,18.54533556846735,Online,Travel,TR,23,0.0108719147418778,0.1029722359798669,0
3699,133,152.51997679372195,POS,Electronics,FR,12,0.0035333441367752,0.1851838865589213,0
6002,42,70.18000470100964,POS,Clothing,DE,12,0.055733164935846,0.0289273139225044,0
1637,605,101.66082815065738,POS,Clothing,UK,6,0.1766360224028758,0.1381640102884182,0
1490,498,45.63696578628239,Online,Clothing,FR,19,0.0925583713672136,0.0426440495840554,0
5420,777,60.58924163490425,POS,Grocery,US,17,0.0817339755129003,0.2421892212553447,0
495,572,45.63798306276672,POS,Grocery,UK,22,0.2603353883857944,0.1806986588153745,0
9137,322,134.50668883612195,ATM,Travel,DE,22,0.1622633523962231,0.0557822057414911,0
4554,390,184.844490979032,POS,Food,US,13,0.0228809153001969,0.2030070771088528,0
711,108,49.2812522009025,POS,Grocery,DE,17,0.0517405794800358,0.0143634924657968,0
5634,731,117.06171858417136,POS,Food,US,8,0.0030090988829499,0.2957750863037945,0
2514,601,139.39656262480264,Online,Travel,DE,12,0.1366396833248569,0.1636061945674761,0
4655,73,67.36480474323264,QR,Clothing,FR,11,0.0929000546238482,0.186208140064375,0
6264,799,102.97699681154972,ATM,Food,TR,14,0.0795934099846848,0.0894877008623268,0
7403,950,15.747055129122389,ATM,Grocery,FR,18,0.1857812019084746,0.1666654378983987,0
6845,949,112.9977653272116,Online,Travel,TR,7,0.2483137035926623,0.2123657200670592,0
7899,960,7.678917047374952,POS,Travel,DE,22,0.0204967486714859,0.0905074792379388,0
7542,544,100.71602011024294,QR,Grocery,DE,20,0.2121816048031637,0.1220129824516406,0
8834,419,42.267390754820845,Online,Grocery,UK,16,0.0563874807875531,0.193728636991886,0
5323,293,63.93486247712716,POS,Food,TR,23,0.2856141543138842,0.2767023611919129,0
1472,540,121.673282502782,ATM,Grocery,TR,9,0.2404412140925869,0.0741064583016174,0
8458,628,66.31837117847424,POS,Grocery,UK,15,0.1886554334478666,0.2399429707086574,0
8069,385,158.42982963977445,POS,Travel,FR,21,0.1648578214145255,0.2537078577962793,0
6711,350,93.34455682413184,Online,Travel,US,8,0.1176092078253455,0.0906815877960907,0
5470,803,161.33299171552648,QR,Food,TR,21,0.2924461169602797,0.2556696085343139,0
4327,611,47.28099023772919,QR,Clothing,FR,21,0.0950477305630858,0.1440772722885334,0
5777,309,132.28689251889526,Online,Electronics,DE,23,0.0444073050861437,0.2719572037343485,0
1113,890,94.13802052819874,QR,Grocery,FR,7,0.0664557181152547,0.0007488502830002,0
3027,617,73.65519973314454,ATM,Electronics,DE,21,0.2900496324456311,0.0327894901609329,0
556,259,101.46344919524134,ATM,Grocery,US,11,0.0983833980402601,0.2516047780703459,0
1653,657,52.713920624076366,ATM,Clothing,TR,14,0.070965743725183,0.199469831344887,0
404,728,109.65040951660237,QR,Electronics,US,6,0.115436902753972,0.288692858387158,0
8472,114,148.41875831767396,ATM,Grocery,DE,19,0.1972978226506299,0.2918969155300573,0
4208,445,80.71841195272403,ATM,Travel,US,15,0.0441905297152177,0.1142522380612498,0
5380,43,170.78733038300564,Online,Grocery,US,21,0.2315611790487778,0.0062127155810119,0
6830,907,134.95404433720887,Online,Electronics,US,12,0.101787179730762,0.249265456447549,0
3949,545,89.23760709523042,ATM,Electronics,UK,20,0.0716253850862244,0.0994924767323719,0
75,572,80.95934839271405,QR,Clothing,FR,23,0.1084212447516736,0.2074572641899592,0
6464,757,70.84442614567786,Online,Travel,DE,22,0.1144284612659542,0.2194372326685036,0
1401,10,137.94004669878845,Online,Food,UK,11,0.2832002362354189,0.1938612974582932,0
8536,95,134.37738573106122,QR,Food,FR,13,0.1573593201738729,0.2417972256481088,0
6683,964,169.15785845667335,Online,Grocery,FR,12,0.080003453599741,0.0151624677228099,0
7895,448,45.929607601936205,POS,Electronics,DE,13,0.0441692298601346,0.0494112644319998,0
430,644,101.36278161802896,ATM,Travel,FR,6,0.0256850471893064,0.1665511851119688,0
5088,185,87.92900822408876,POS,Electronics,FR,6,0.0602605936556296,0.0577284296136845,0
5446,776,150.06215040466293,POS,Food,FR,16,0.2927371368391543,0.1179501134983232,0
8136,955,69.80387031281418,ATM,Travel,US,17,0.0080650540959528,0.1945222505000966,0
1701,533,132.50444540408222,QR,Clothing,FR,8,0.1545048718627102,0.2270834533133045,0
4329,831,199.2972388044004,QR,Grocery,UK,23,0.1071673783104665,0.1680092608575054,0
9784,532,1793.00682087827,Online,Clothing,DE,4,0.958672208788109,0.9279214016019056,1
5050,56,1.0,ATM,Clothing,TR,17,0.0880726951565199,0.0945218061982254,0
3357,869,98.25740247544977,QR,Clothing,FR,21,0.0123930437882216,0.1221149728793565,0
9135,408,77.74982587311327,Online,Food,UK,9,0.0780992816164254,0.2916217106548976,0
6727,882,116.6236715541054,QR,Electronics,TR,19,0.0388756089499434,0.0030788126157986,0
6485,161,51.8834616277458,QR,Food,UK,10,0.2343927574343584,0.1352496410147471,0
6901,89,142.01084299820408,QR,Grocery,TR,23,0.2062697741382207,0.1285916431036547,0
1994,109,1.0,ATM,Food,DE,7,0.0461932701641317,0.0964858632977413,0
643,610,82.84687283071685,ATM,Travel,DE,6,0.0921005103002292,0.0064760263096422,0
1090,351,40.39868290084072,ATM,Grocery,TR,14,0.2432588789210425,0.1986467541411326,0
6846,386,78.0144219781834,Online,Grocery,UK,13,0.1085683618412228,0.2829197843991741,0
7891,9,94.2639244103042,POS,Food,US,16,0.2262544820867783,0.0338807199372327,0
6914,432,38.17221999256329,ATM,Grocery,TR,16,0.0249771421116139,0.0502257077228091,0
9896,277,7801.156913071603,ATM,Travel,TR,15,0.921046079377162,0.7471342949099978,1
1713,687,31.767566306530966,QR,Travel,TR,15,0.0513221190664805,0.0157348266048553,0
732,279,183.1277540557011,QR,Food,UK,14,0.2966853433288388,0.2450258165601257,0
8034,252,99.03816194679705,Online,Travel,FR,21,0.1571680930432219,0.2829323726857413,0
5600,334,113.08092172731008,ATM,Clothing,FR,21,0.2289109020035685,0.2428372285586644,0
4008,190,119.84841456625212,Online,Electronics,DE,11,0.2139677886885874,0.138367986399469,0
9592,793,4601.50761703898,QR,Food,TR,12,0.947753763157822,0.8158035151434097,1
5968,771,170.9433794901106,QR,Travel,TR,23,0.2728430093955043,0.0246260068093254,0
2831,482,87.64884631813655,Online,Travel,FR,12,0.221249941103442,0.0579569656317368,0
1646,729,120.04115818676428,Online,Grocery,FR,16,0.0981289537116425,0.0275419692238968,0
130,543,161.99684036442954,QR,Clothing,TR,6,0.2371212420548279,0.262046980269457,0
1296,454,36.770744270104736,POS,Food,DE,22,0.2094692543206631,0.0687255254967512,0
2133,733,116.20886542984978,POS,Electronics,FR,19,0.1374705927151931,0.013917173235381,0
5053,893,60.11096369629046,ATM,Grocery,UK,13,0.0838727780959206,0.2806638815773552,0
3642,348,159.85472631294783,Online,Grocery,UK,11,0.1023442509370482,0.2830939822983225,0
4384,657,94.38620656749156,QR,Clothing,DE,7,0.1489600625198162,0.1240959967225446,0
7512,566,82.50647983385312,Online,Electronics,US,18,0.2499448330845155,0.0237768478478175,0
336,920,64.13039181702842,ATM,Food,FR,11,0.069449753323979,0.2703359594001089,0
9377,976,150.18184391845574,ATM,Electronics,FR,22,0.0885672584792856,0.1408395957445583,0
1982,83,137.63497855378188,Online,Grocery,UK,8,0.0218284576606376,0.1783247954747548,0
9732,660,2416.7530144486627,QR,Travel,TR,14,0.8377775157443279,0.96049526263566,1
8435,705,145.8336855923592,ATM,Food,UK,15,0.290648612985078,0.0288330994247698,0
4328,341,127.77230911014648,QR,Clothing,TR,19,0.0358476731046084,0.2234347821483231,0
7833,312,136.1511451865086,Online,Food,DE,23,0.2789877416193043,0.2981050820203336,0
2700,571,161.18620212523606,QR,Electronics,FR,7,0.089628154373943,0.2074067481610275,0
940,554,110.22580014056128,ATM,Travel,US,6,0.1884777121838885,0.1621515217111158,0
821,201,20.22163768888862,Online,Grocery,DE,20,0.1217807676084161,0.129074010651992,0
7109,117,78.96274255509664,ATM,Food,DE,15,0.037475306184818,0.0858191287611693,0
3447,819,32.999113603822394,POS,Travel,FR,13,0.0872356453058852,0.0404753279041905,0
2202,327,137.76214994952863,Online,Electronics,FR,17,0.0210151918906343,0.1148709043199301,0
7479,998,147.94750537251198,QR,Travel,TR,17,0.2848222055962105,0.0264581409801541,0
2620,574,38.561192547518296,POS,Travel,UK,10,0.1358286421623712,0.1584951473895251,0
560,570,162.85513903275972,POS,Clothing,FR,7,0.0086454383617664,0.2214786846114508,0
4494,527,74.49567116405109,Online,Grocery,US,17,0.1252998191045295,0.0353876240736878,0
2790,24,62.97181108314713,ATM,Electronics,US,21,0.0363025871823328,0.1626991498272852,0
6898,145,100.3788329889031,POS,Travel,DE,10,0.0966157107545868,0.0144793521675227,0
1143,841,84.32179435147177,QR,Travel,FR,9,0.2804192275775461,0.1649184620755319,0
4663,428,121.62176938280302,ATM,Grocery,US,12,0.0035571645211637,0.2594026556228768,0
2053,438,249.31646877882145,QR,Grocery,DE,19,0.2498549478649726,0.1339961319609316,0
6643,652,70.32048203047177,ATM,Food,FR,15,0.1152121967689263,0.2465081832301288,0
8580,280,1.0565919929951946,ATM,Clothing,TR,10,0.1862418080688967,0.0037772619687185,0
4769,821,128.4097158652395,ATM,Clothing,TR,11,0.0597028500566426,0.2776362283150847,0
4729,947,156.37271835612748,QR,Electronics,US,11,0.0636995318913109,0.2235456013554602,0
939,890,78.86005726950683,ATM,Travel,TR,18,0.0683212428010907,0.1331721737905487,0
2212,155,64.94106740381784,ATM,Electronics,US,6,0.0073997060933703,0.1515741370200199,0
6075,775,94.88826679072112,QR,Food,UK,16,0.1287808835176817,0.2922117788959744,0
9219,624,91.24341221803282,POS,Grocery,TR,9,0.2716956590165973,0.2397391177190977,0
6275,438,8.669025325808448,POS,Electronics,UK,15,0.0197416746012312,0.1945898087018744,0
4258,235,188.45990394387212,ATM,Electronics,DE,12,0.0790820378464153,0.11345321910576,0
5500,56,144.10374076447405,POS,Grocery,UK,20,0.0640065423639979,0.1422435479654219,0
5818,614,101.28326189987897,Online,Electronics,TR,17,0.2290066361967079,0.2106468222464947,0
1189,801,142.63401879135054,POS,Travel,US,10,0.1603085020878523,0.0674037158849352,0
3532,913,71.70882448231609,QR,Travel,FR,19,0.2063464830237944,0.0546598479513066,0
2150,205,52.79362217687898,Online,Grocery,FR,11,0.1988176305628935,0.2294714719349919,0
3080,362,134.84044955801764,POS,Grocery,FR,19,0.2465311625905732,0.0436864304375405,0
4889,386,115.1075118715929,POS,Electronics,TR,13,0.0200058456912659,0.1367096673309354,0
2649,127,96.19363884655458,ATM,Clothing,TR,12,0.2999388198114323,0.2698901239786205,0
1028,668,75.75227866008686,POS,Food,UK,8,0.1497533333451341,0.1166376248164468,0
8899,220,149.05695767858424,Online,Electronics,FR,21,0.0767034875664528,0.0022259614429495,0
1016,759,248.9527481900694,QR,Grocery,US,8,0.044374957814285,0.1684462850490572,0
3321,438,135.3689287570985,POS,Travel,US,9,0.1062919232252675,0.1203189371337083,0
3542,523,81.12995179732586,ATM,Food,US,20,0.1838640802577159,0.2375427236303311,0
2271,973,25.77342290344714,POS,Grocery,TR,22,0.1447254449710487,0.2320090674543372,0
5800,179,89.11988821103435,POS,Travel,UK,11,0.1291203530893172,0.0150231512797871,0
5948,186,120.22376614252704,QR,Grocery,FR,16,0.2998246877092533,0.2039482131551432,0
1836,566,88.33580084213654,Online,Grocery,TR,16,0.2407332615467757,0.2547254174747853,0
7083,363,126.71426896039212,ATM,Travel,FR,19,0.2570176796609059,0.0313224710740736,0
9775,658,10.0,QR,Grocery,DE,4,0.9084067438850298,0.7690328426363731,1
8204,891,25.708338022640817,Online,Electronics,US,11,0.0987119729270098,0.0040567163834525,0
4928,656,92.28179636130584,QR,Food,US,9,0.2105356054630647,0.2650970612505925,0
2424,131,62.40612372062462,QR,Travel,FR,9,0.1239341583446571,0.0603342400507345,0
7325,212,21.59696202738756,POS,Food,US,17,0.2135306048183248,0.0590428892832186,0
9362,955,95.29938779495376,ATM,Clothing,DE,10,0.0275747333300617,0.1539434202373549,0
2230,337,108.8442919715004,POS,Electronics,UK,16,0.2874184771891537,0.1878928543604506,0
2799,936,50.62486032652658,Online,Travel,FR,6,0.2959486623599294,0.2271252208381353,0
8966,430,140.4680036005251,POS,Grocery,US,9,0.011949904997837,0.101848813006711,0
6726,542,67.02310638684455,QR,Food,DE,19,0.0385278760874741,0.2019097648104293,0
384,755,202.74273099065837,ATM,Electronics,TR,9,0.027124065787636,0.267260317865414,0
7440,112,73.07486738886683,Online,Grocery,US,14,0.0126983261746103,0.260177422025083,0
4992,215,65.47611442167891,QR,Clothing,US,18,0.0771949610795925,0.1750929981809751,0
7119,692,239.9912073168916,ATM,Electronics,DE,18,0.0539649060963177,0.193831890672835,0
1163,914,70.42780902302803,QR,Grocery,UK,11,0.2787083790732644,0.0777046525468825,0
2261,738,79.72300429664608,ATM,Travel,UK,15,0.1868185620409221,0.0525750170656731,0
423,939,124.76899076642434,POS,Electronics,TR,18,0.0341284144728692,0.2605711127202851,0
2479,241,115.3610522147845,Online,Travel,TR,9,0.1696303926962926,0.1576562815136128,0
2911,284,136.36651424515017,ATM,Electronics,FR,17,0.0192815978609502,0.1261724380616675,0
5415,506,101.85990984681338,POS,Clothing,UK,15,0.1977410177076674,0.287408986052972,0
1004,140,28.793879417103117,Online,Travel,TR,8,0.1389189828016998,0.144703084569777,0
2393,629,76.28240525553144,Online,Clothing,FR,15,0.1002021901215056,0.2274927293526991,0
9862,958,10.0,ATM,Clothing,NG,15,0.7988657304986504,0.8155592226440597,1
2026,374,89.01519878917753,ATM,Travel,TR,23,0.2600251825246785,0.1332497010196105,0
3524,389,17.39279340555916,ATM,Grocery,US,8,0.2707231494612619,0.0612029049596186,0
5614,659,170.68873637464634,QR,Electronics,DE,19,0.220499855931143,0.1228696154744405,0
6812,254,180.2345314940516,Online,Electronics,FR,6,0.0623542461312738,0.2013244926792046,0
2156,698,63.56353036729887,ATM,Food,FR,15,0.1163879795925384,0.1210706764600421,0
4660,116,87.85988563440247,POS,Clothing,US,9,0.0260436527113679,0.2585041745621844,0
3066,736,115.47659651521192,QR,Clothing,TR,11,0.130753503475827,0.1569825737454547,0
3494,550,60.82751295498026,ATM,Clothing,US,17,0.0570364517281316,0.0371150910774657,0
2385,748,98.38236231646528,Online,Grocery,US,12,0.1877778434116414,0.0733178902555639,0
7763,82,204.03462552151484,ATM,Travel,DE,22,0.0590873960793396,0.2295671098755194,0
1953,742,156.70002504073747,ATM,Food,UK,7,0.0566489341816556,0.2977493427377293,0
6601,665,114.17392377882544,ATM,Food,UK,22,0.2565141725506821,0.2955661547185452,0
6900,515,20.60626155693093,Online,Clothing,DE,17,0.2350938995989125,0.0358190610449489,0
1270,255,149.202072645224,ATM,Travel,US,18,0.2266503176901275,0.06738940545182,0
6508,483,4.290666362959769,QR,Travel,FR,19,0.1996323860846875,0.1353377210862051,0
5658,178,125.36427538003193,POS,Grocery,US,15,0.0656960197794737,0.2175422134639481,0
6836,331,109.68759163379376,Online,Grocery,FR,15,0.2836917207858057,0.0073152921298445,0
3170,990,52.74455669434901,QR,Grocery,US,6,0.2091865866235559,0.1060015390181639,0
1597,540,127.00120984946216,QR,Food,UK,9,0.1622459579796439,0.2248432258128739,0
2088,446,102.00595412182894,POS,Grocery,TR,7,0.1498334376281956,0.1228093028624149,0
544,138,9.591103873492004,ATM,Food,TR,21,0.170321234164436,0.1817970193961494,0
9446,492,152.45003505327003,Online,Food,UK,14,0.2565063732543918,0.2336692128652919,0
1848,510,110.93823683923854,QR,Travel,UK,17,0.0266136099378844,0.1034714963320437,0
6063,833,3.723180764672648,QR,Food,UK,8,0.1080070246804578,0.1757327044997476,0
2245,713,82.75924346663524,ATM,Clothing,FR,21,0.2544253307805963,0.2893027900134999,0
1870,433,33.45953690690003,Online,Electronics,FR,16,0.0077514828700912,0.0646645804389211,0
8449,519,115.9063431186848,Online,Grocery,TR,12,0.2775927794309107,0.2743398781347876,0
8837,616,162.82583180028502,Online,Grocery,UK,14,0.0159494704371428,0.1816890048181149,0
9159,818,115.96609430364686,ATM,Food,FR,16,0.0973613630885696,0.2625184042785105,0
5019,916,51.82042974896397,QR,Grocery,TR,10,0.0187822477880697,0.0750898487793766,0
1345,424,126.36432698459748,ATM,Electronics,US,6,0.2724465699160708,0.0667931358878266,0
2722,889,77.08059615731565,QR,Clothing,DE,20,0.1974593435764478,0.1437006764322394,0
4115,172,54.977101101527616,ATM,Clothing,US,13,0.1373633068943088,0.0015665587391775,0
9845,623,7029.217542179787,Online,Grocery,UK,6,0.930218615331679,0.7161666142637666,1
8616,935,107.46327551966488,POS,Food,FR,9,0.0170971749917049,0.1829599469455357,0
1368,494,40.57322730194497,Online,Food,FR,11,0.2796661358279141,0.0311617792972232,0
8686,2,133.2043114385111,Online,Food,TR,11,0.016049806278175,0.2810768473299823,0
2849,641,163.68526739055952,QR,Clothing,TR,12,0.1000144683946802,0.2673264661229632,0
5808,106,66.61576726533889,POS,Grocery,US,16,0.1230753687992611,0.1543451272444782,0
9357,433,134.74080714615468,QR,Electronics,FR,22,0.2447333508917294,0.0566154816295752,0
2093,443,72.19515318855989,POS,Grocery,US,8,0.2625938829560029,0.2929109724771802,0
6805,57,137.70070356972445,QR,Grocery,TR,19,0.248309440911335,0.0582121946160834,0
9230,328,163.49069669048734,QR,Travel,UK,13,0.0344966899785355,0.0220375557158274,0
5578,727,38.732478170885,POS,Food,UK,13,0.0767327449170472,0.2101780850543192,0
1338,828,71.88971518898681,ATM,Travel,FR,18,0.1919594746720394,0.2267030982503921,0
3212,799,81.80871372260503,ATM,Electronics,US,12,0.1100232689185875,0.0658266627711433,0
6516,99,97.45999407834428,Online,Clothing,FR,11,0.2851495850966004,0.2017330163073863,0
3177,141,89.29280639552678,ATM,Electronics,FR,10,0.0924311121805579,0.1162924700824331,0
116,669,92.10789894799584,ATM,Grocery,UK,16,0.019863330593343,0.1847969738253236,0
6356,336,157.83090169575067,Online,Clothing,TR,9,0.1061683558130923,0.2925209515493983,0
8549,137,59.15519559109303,POS,Grocery,FR,18,0.1555994377843987,0.288046648319402,0
4839,129,79.98311408636364,Online,Electronics,TR,20,0.167210465707261,0.1441735853220055,0
7152,953,139.07373094306288,ATM,Travel,TR,8,0.2025485870027521,0.2553583023042375,0
9033,837,108.29590855480208,QR,Clothing,TR,17,0.2316293973379846,0.1152257693308194,0
9733,226,1290.525748065146,QR,Clothing,UK,12,0.8257909086299668,0.8752993405175509,1
2556,677,70.52763406801537,ATM,Grocery,FR,6,0.2699506400980384,0.0608479618648466,0
2550,693,129.46000661162947,POS,Food,TR,22,0.1889828472331117,0.1049532301296998,0
989,32,127.6500835951826,QR,Travel,FR,19,0.1300495419021843,0.0688642006720264,0
9693,723,2068.426897208956,ATM,Electronics,US,13,0.9115039443625718,0.9558245313442926,1
5989,970,149.3744858484364,ATM,Electronics,FR,6,0.2586868118193313,0.2305847826865754,0
7400,322,26.28245719876529,QR,Grocery,UK,15,0.237944131287858,0.2864651790660147,0
83,374,98.23049609130877,Online,Travel,FR,22,0.269418471372765,0.1735057046428762,0
50,546,62.50758948086998,Online,Clothing,FR,12,0.1090710007473794,0.0327885448376864,0
7918,513,137.28367617367925,QR,Grocery,DE,18,0.1983887037339147,0.2872426828595488,0
5496,788,44.51395858533827,QR,Grocery,UK,23,0.2310878524308973,0.1017957387878314,0
4352,58,106.55245819805867,POS,Electronics,TR,14,0.0689883555855306,0.0162794951502784,0
2679,556,1.0,ATM,Travel,US,13,0.0944109165243695,0.0154358025493816,0
5705,989,79.97563775664312,POS,Clothing,US,11,0.1343972167130824,0.0180569110808039,0
9041,312,188.27046067365904,ATM,Grocery,US,6,0.1699532584364902,0.0354773863810309,0
3647,121,113.0630854302592,QR,Electronics,US,18,0.2369535971272293,0.090538452377362,0
8553,549,108.64849039779136,ATM,Grocery,FR,20,0.1060569719252978,0.1082495499451949,0
1690,983,124.595450871362,POS,Electronics,TR,9,0.2279452793495683,0.2928479854230068,0
9891,47,22.168429062989272,ATM,Clothing,UK,23,0.8126022976295891,0.9781216950755396,1
6863,883,131.86090456776603,POS,Food,FR,9,0.0162990899418026,0.0287155785615345,0
4094,466,209.8044779648408,QR,Food,DE,19,0.1318268787023069,0.1122927258414708,0
5051,179,63.28800261541789,QR,Grocery,TR,10,0.0084559886773924,0.0102861237462966,0
2783,280,84.43895512457235,QR,Travel,UK,19,0.21472444223147,0.0387989392975147,0
272,740,61.71273406468718,POS,Clothing,US,19,0.2197310686476263,0.299587712194985,0
2246,363,143.24246116494572,ATM,Travel,UK,21,0.2121482452417735,0.0604221376775101,0
6640,103,138.05855065368326,POS,Grocery,UK,10,0.2454743045205696,0.1922885608855741,0
6016,776,67.30756317604204,ATM,Food,US,22,0.276769594743505,0.2597034186509063,0
554,153,204.93661770252123,Online,Electronics,FR,10,0.2146827581343414,0.1381221166598137,0
1279,128,130.58935245013316,QR,Clothing,US,23,0.0867285757497819,0.0188686384046523,0
7624,811,68.3774303024567,Online,Clothing,FR,14,0.0243675182122794,0.2034820407833284,0
7938,227,145.78323482420348,POS,Travel,DE,6,0.1899049875336973,0.0182771127482146,0
5270,999,116.07293929454627,POS,Food,US,22,0.0690312915289946,0.1153873326280885,0
3835,874,67.02521458411914,POS,Food,UK,14,0.1733715024861433,0.1598007335553414,0
4847,807,162.29569243092288,Online,Food,FR,23,0.16395988537806,0.0245606214073331,0
7379,551,159.31716178413552,ATM,Travel,UK,11,0.1702518385207654,0.1360465649100614,0
9701,64,1489.0513114868616,Online,Food,US,14,0.7855839744769192,0.700734362078897,1
5888,583,48.19141123663341,QR,Clothing,FR,21,0.1758319890807866,0.0178667595613424,0
3178,316,167.27414839419598,POS,Electronics,DE,10,0.162040968088288,0.255336504924074,0
2719,145,1.0,ATM,Food,UK,19,0.0721005349899485,0.2071133392995113,0
880,514,165.6042208053613,QR,Travel,TR,19,0.2266217138375681,0.2852143500034655,0
2054,105,185.44820260149464,POS,Clothing,DE,20,0.1545017507614005,0.198111953502606,0
7791,536,82.44758712638892,POS,Grocery,DE,6,0.1748983529251777,0.2934705063610894,0
604,727,89.19478144083403,POS,Travel,US,17,0.1644390938637544,0.1130897510195873,0
5847,873,103.2384394809816,POS,Clothing,US,8,0.2212428682390584,0.2918470425047842,0
6385,334,77.41869556469354,Online,Travel,DE,12,0.0143816535701781,0.2139667098843514,0
2551,425,42.11841595355694,ATM,Clothing,UK,9,0.232120038291261,0.2100147025317411,0
9903,182,40.0601448335982,ATM,Clothing,FR,4,0.8905107489232587,0.8625383893811152,1
888,182,42.01896942301006,ATM,Travel,UK,23,0.0987622963099208,0.0867505900145113,0
9993,328,1637.6801999221027,QR,Grocery,US,13,0.9383218648655782,0.991046070376455,1
6,905,177.90918153813436,ATM,Travel,DE,16,0.1078575249008904,0.1566975755914796,0
3491,259,61.22922318467195,ATM,Electronics,US,11,0.0870885998498775,0.1462747889994293,0
3294,110,128.60501041504938,ATM,Food,DE,6,0.1811432519488963,0.0494549456273016,0
5774,868,167.98592280724029,Online,Clothing,TR,17,0.2665877903344872,0.2526012480967499,0
1263,511,152.85895648072164,ATM,Travel,US,15,0.0168231544366719,0.2393190303560467,0
6248,6,155.0869824772297,QR,Food,DE,16,0.0735146453652634,0.1313993476445032,0
3096,863,124.70200096062,Online,Electronics,DE,11,0.253690327417724,0.2684180684513451,0
4218,784,107.91430146992876,QR,Clothing,US,6,0.2847407489535154,0.2872202766999888,0
996,196,113.12640061616624,POS,Food,US,11,0.0302743492874475,0.2826796287444734,0
1536,531,81.80531052455385,POS,Travel,TR,17,0.1387880079373604,0.0387268992495866,0
8111,768,14.628354477555815,Online,Travel,TR,12,0.2342925775208657,0.0305344327247295,0
4506,703,52.75651138521227,Online,Electronics,UK,16,0.1343371594009627,0.1506595690888708,0
6515,596,161.14123528280516,QR,Clothing,FR,8,0.0016686115110093,0.1402729939018081,0
3081,282,182.3115475904953,POS,Grocery,DE,8,0.0567523383139169,0.2084713161547168,0
2968,588,145.08425610708397,POS,Travel,DE,18,0.2251320699898074,0.0263780632111186,0
4866,122,61.6130990685309,Online,Electronics,TR,13,0.0790598374923649,0.0170478872512898,0
1145,794,35.76802023061276,QR,Grocery,TR,17,0.2060184172515224,0.2226760541898968,0
1748,364,157.70681182640118,Online,Travel,US,9,0.0346995515608049,0.2637626089710841,0
4572,608,147.65176825488788,QR,Clothing,FR,8,0.190378076472104,0.102802864267527,0
6059,207,140.1530244329389,ATM,Food,FR,12,0.0370579674426794,0.094418581120663,0
6056,862,101.00619514978536,QR,Travel,FR,11,0.242890265422768,0.1385549404608567,0
1786,207,144.51302657336004,Online,Food,DE,17,0.1952572355730263,0.0832722192368143,0
676,400,36.56540115784135,ATM,Electronics,US,19,0.2911599964608391,0.1378105223992257,0
6810,860,138.51869645370317,POS,Clothing,UK,17,0.1598424842317738,0.2859439678842072,0
4169,199,141.81097845256775,POS,Electronics,TR,14,0.1410519207279904,0.2770652884082106,0
8171,430,45.96702852128752,ATM,Travel,TR,19,0.2744648251562654,0.1673883962696617,0
865,508,104.06744416733822,QR,Grocery,UK,6,0.1289796031980098,0.2509257497381457,0
8441,756,155.4420709535853,POS,Clothing,US,8,0.2870806740239764,0.1757374116911799,0
3640,293,101.23438819428291,ATM,Food,FR,16,0.1958635016953258,0.0438645392549275,0
1006,693,8.980097596408214,Online,Food,UK,7,0.2071518468821844,0.0230288314449664,0
2299,341,90.22878985153146,QR,Food,UK,15,0.11296747718957,0.2496301122566553,0
7163,517,102.3991360223306,QR,Clothing,US,9,0.1708778847691245,0.2871765526219336,0
6200,959,25.83758410510626,POS,Grocery,FR,19,0.2425021310704619,0.1860189625658411,0
474,158,62.30542357226543,POS,Grocery,DE,16,0.2836957024118068,0.2076633629229763,0
6044,583,157.233249212437,POS,Electronics,US,7,0.1324671241690197,0.153000287038744,0
3232,71,15.145500952971986,Online,Clothing,DE,13,0.2049961807336496,0.1931623743777391,0
2349,246,116.0127390644077,ATM,Clothing,DE,7,0.1333737665622074,0.2597534993350318,0
7685,690,96.06950991233715,QR,Electronics,DE,7,0.076678970298162,0.2198481723317632,0
990,317,212.4718792098145,Online,Grocery,UK,14,0.1533216541177151,0.0473060261188357,0
6375,28,93.3914864414575,ATM,Electronics,FR,7,0.0481985302033267,0.0063405815197275,0
9754,616,1094.0919092665442,ATM,Electronics,TR,9,0.9962314777925828,0.8968234201246841,1
7558,30,72.09620338570525,POS,Travel,DE,21,0.0871693521884478,0.0777707053498755,0
523,751,71.18690354858637,POS,Food,US,9,0.0873174916161221,0.0250044836888869,0
4264,501,89.268966730739,ATM,Food,FR,19,0.1746555779506624,0.2484054167711833,0
8263,175,142.740351782568,QR,Travel,DE,15,0.2638381029535946,0.0253149645511319,0
6311,284,199.1342460804585,ATM,Clothing,DE,17,0.0435747343790258,0.288952773734939,0
8358,109,64.58818404176583,ATM,Clothing,UK,11,0.1566428154605467,0.2827200468138228,0
3016,907,49.41094121385829,ATM,Clothing,US,13,0.1415290996183366,0.1985127337211301,0
2580,821,124.73750562676004,POS,Grocery,UK,21,0.1326609552625552,0.060792890789314,0
6320,72,108.97241958682874,Online,Clothing,TR,17,0.08876842685468,0.2197941372479023,0
4370,624,107.0739670741902,POS,Travel,DE,6,0.0587733248211174,0.2460386026157152,0
4217,94,88.6047726386563,QR,Electronics,TR,18,0.2394234453234748,0.1703274788906452,0
5136,593,127.78134113974365,QR,Food,FR,18,0.2788299635695181,0.0328061586662412,0
4529,433,213.96564174240112,ATM,Electronics,FR,7,0.1153048681759378,0.0358210333115582,0
1949,733,68.471091884184,QR,Clothing,DE,15,0.1476605759147006,0.0857506815612871,0
6100,393,97.3420097138709,ATM,Electronics,FR,21,0.2261322320799458,0.0138276717091214,0
3639,622,204.509241238303,QR,Travel,UK,16,0.0604470741899114,0.0749521148714374,0
58,973,139.19838256084728,POS,Travel,FR,9,0.0535850223812763,0.1663552423624055,0
123,312,189.58353552617672,POS,Grocery,US,20,0.0157983188889061,0.0120119646265112,0
3654,556,186.0132654427468,POS,Clothing,UK,11,0.0049138036371934,0.0619847445690156,0
379,664,151.1256396848008,POS,Electronics,US,6,0.2621192156625987,0.2363128988322588,0
4784,911,73.84797851917071,ATM,Food,UK,16,0.2071116318331164,0.0205980072475207,0
4936,515,94.08099624729348,POS,Grocery,FR,20,0.1675316174986397,0.2011936371753912,0
7910,931,103.06551987780183,Online,Electronics,US,13,0.196722520504335,0.0547712542705855,0
6503,187,1.0,ATM,Electronics,US,20,0.2609297938754432,0.0761832187151089,0
1132,419,46.00450795695961,Online,Grocery,US,7,0.2503515097548751,0.0498332510244851,0
7976,750,33.03664390059585,ATM,Travel,US,9,0.0237653061708033,0.2595800638513628,0
292,904,82.7611277320552,ATM,Food,US,12,0.1597341641872787,0.019378547951808,0
3283,101,133.06152554321616,ATM,Electronics,DE,10,0.2193201198760502,0.0608423773300695,0
563,272,121.933398127913,Online,Grocery,US,17,0.0269669424519941,0.1522781780840846,0
4827,935,116.43130576880512,Online,Grocery,FR,12,0.0264327720981627,0.185329296503347,0
4470,439,157.5548672724411,QR,Electronics,TR,19,0.2449488271320282,0.208820824743447,0
6147,282,129.5607392308346,ATM,Food,TR,8,0.0592864297206554,0.0539325950068198,0
225,631,148.46152938059873,ATM,Electronics,FR,11,0.174718898610228,0.0777362927190136,0
5328,58,113.81654215005278,ATM,Electronics,UK,22,0.2284959809216674,0.2073230469304037,0
8001,737,5.789186573901375,QR,Electronics,UK,7,0.0324888277813797,0.1898432362823772,0
3900,833,73.75914018535673,QR,Grocery,FR,17,0.0759784529663048,0.2610294547962275,0
3379,479,145.06348847808073,ATM,Clothing,FR,23,0.0115517092021744,0.1135170847418361,0
6247,715,107.42251418255267,Online,Clothing,FR,6,0.235807379908462,0.2178538731315172,0
9168,358,116.27802035546615,POS,Food,FR,21,0.0138260180554063,0.2891928863078642,0
1392,973,221.3231837303496,ATM,Clothing,UK,14,0.1891002334401976,0.2367164998508478,0
1889,93,182.637447790844,Online,Clothing,US,14,0.0658286347297238,0.1877557584473964,0
9525,141,2875.1342104579235,POS,Clothing,NG,10,0.9421278368235192,0.8492925491875412,1
3958,872,98.87952758008991,POS,Food,TR,22,0.0640296575544369,0.0012339086726338,0
3369,268,107.00374239799136,Online,Travel,DE,17,0.2235081780817543,0.1106914192354067,0
6939,529,133.99639182676592,QR,Clothing,FR,7,0.1517106534526971,0.1599486961838604,0
976,282,87.51529137666031,QR,Food,TR,12,0.1626325085167325,0.2520724291816503,0
5239,589,85.1800674226909,POS,Food,UK,23,0.045786359540103,0.1926158441898985,0
5973,371,160.6238351981005,QR,Food,TR,18,0.0779177299161745,0.1291319629092951,0
3814,418,101.38850392676578,POS,Electronics,DE,12,0.2973587727937408,0.13430193045846,0
8959,427,78.24106136506084,QR,Clothing,DE,9,0.0915454291870902,0.0653750871239875,0
6163,66,143.47542410000597,ATM,Grocery,UK,8,0.0856181346868922,0.1269761759198288,0
2890,969,112.29718594159188,Online,Clothing,DE,13,0.1267592101472695,0.2484428511439958,0
9424,180,101.84526692765073,ATM,Food,DE,23,0.2474308322806208,0.0749473464941399,0
6334,870,105.97283367028936,Online,Clothing,US,17,0.1704412273613802,0.2113622515802192,0
3444,305,121.55440368185508,ATM,Grocery,UK,10,0.0914202994572562,0.2698200112974674,0
5510,226,116.35053649878064,Online,Clothing,UK,10,0.091781615729108,0.1210212420424265,0
6047,270,57.58564027526759,Online,Food,UK,23,0.0697902056616125,0.1173460817966096,0
7191,849,73.48340496263825,POS,Travel,TR,14,0.0573550993562218,0.2764646417491173,0
7569,370,131.36460065625465,ATM,Grocery,FR,8,0.0794139523458767,0.0510598540289731,0
5550,16,129.9605585573183,POS,Grocery,UK,18,0.1723479135605097,0.0155309117273526,0
2127,485,157.69470672692455,POS,Travel,US,10,0.1528695732712163,0.1655123354731103,0
1442,244,114.59400130581582,Online,Grocery,FR,8,0.2457134701137229,0.0865072855518106,0
6688,28,1.0,ATM,Grocery,UK,22,0.2684297671859059,0.2743678749739094,0
4911,892,140.13153506618085,ATM,Grocery,US,20,0.1417477204720166,0.0160661428130653,0
8840,147,153.6092918715134,ATM,Food,FR,15,0.0801590923970331,0.1791009876830661,0
275,30,138.6157292220353,QR,Food,UK,16,0.2701524686184213,0.2240346438561136,0
611,943,191.4664831763639,POS,Clothing,TR,13,0.153778577917276,0.0945063647384796,0
7407,301,216.7123448656469,ATM,Travel,UK,21,0.0292024840096125,0.1385975096936366,0
2215,271,44.83746472648301,QR,Electronics,DE,21,0.1720888649814548,0.0876113796141671,0
3783,849,58.985470304715335,ATM,Clothing,TR,20,0.1203027709717765,0.0502729785449103,0
3293,51,155.87903661228123,QR,Food,DE,6,0.196873458651363,0.0011990217675046,0
8355,104,122.20329889616804,POS,Travel,TR,12,0.0089431945961119,0.1415389763582741,0
9442,821,86.69813744281268,QR,Grocery,TR,20,0.2231202202210822,0.0687086626829841,0
2616,555,188.08351160684387,POS,Clothing,TR,8,0.13073363084355,0.2117304095979985,0
8942,748,136.505304899975,POS,Food,DE,13,0.2550701910160362,0.2113081608655083,0
3190,772,166.5078612568432,QR,Travel,DE,16,0.2708867473361986,0.2293806587686482,0
1902,875,63.518317733242114,ATM,Electronics,UK,7,0.0142145413673257,0.2786805033168407,0
2194,272,27.929890631228844,ATM,Clothing,FR,15,0.0256729509584418,0.0124859885713079,0
8226,896,102.42695699113176,POS,Food,DE,15,0.0617943620703365,0.2694964754705525,0
9266,746,72.45599783975021,QR,Clothing,TR,13,0.2120787731448507,0.1038729248449501,0
3863,346,10.928755022418445,ATM,Travel,UK,7,0.2073585923985895,0.0755325262649134,0
426,601,125.26055120428452,QR,Grocery,FR,17,0.1463608819930209,0.0762143437792928,0
7359,182,47.50252110346865,QR,Grocery,FR,13,0.1167759374637377,0.1450113171222253,0
9261,887,36.82576974694466,Online,Grocery,TR,15,0.2436690178527209,0.1631997447110292,0
9593,201,9647.70321201071,POS,Travel,NG,23,0.7330713266379558,0.7781734648550327,1
488,672,165.07964990019963,QR,Grocery,UK,15,0.2268104364701456,0.0115146860080777,0
7819,352,100.73055901501915,ATM,Food,US,20,0.0781045280611124,0.1584219138298203,0
2412,104,111.45473781061824,POS,Grocery,DE,9,0.2201263430091904,0.2239109513408299,0
7183,157,155.03309237749994,Online,Clothing,US,18,0.0311367524752687,0.2399137265696294,0
249,651,98.03633465242125,Online,Clothing,FR,15,0.2705389354816917,0.2995006086144567,0
3306,25,120.55717666598215,ATM,Food,UK,9,0.2770528639749963,0.11536442256305,0
44,187,38.06769364429622,Online,Electronics,DE,14,0.0423622758216741,0.1022751347640035,0
6934,445,80.53471896232148,POS,Clothing,TR,23,0.1248009783678277,0.1592425051585693,0
3228,836,154.3154377218176,QR,Electronics,TR,20,0.1462258687286463,0.1281600597083879,0
8598,701,38.91651988783927,ATM,Travel,DE,12,0.1370763201022743,0.0822863661178035,0
332,867,164.5274112883979,QR,Clothing,TR,22,0.0147231607358232,0.1644324194257501,0
9164,338,56.13244980953642,ATM,Electronics,FR,18,0.1729880924259455,0.2348934690821194,0
777,690,27.375080145615144,ATM,Electronics,FR,13,0.1064854940375853,0.0593929970962774,0
4109,591,140.68930893671418,QR,Travel,FR,6,0.1151646477561217,0.2550901958830607,0
2436,148,45.1900238216239,QR,Clothing,DE,19,0.2916139560418438,0.0152778180268769,0
2297,567,25.911638871025616,QR,Food,US,13,0.1586485987157119,0.0030781545699115,0
9923,895,10.0,ATM,Food,NG,1,0.9213129432511448,0.910293010318757,1
4439,830,161.66710902253982,POS,Grocery,UK,20,0.2964496900775996,0.2341620976361225,0
5070,434,85.9568122212518,ATM,Travel,UK,18,0.2346136337855917,0.1542478481301579,0
2292,732,216.1633492227364,QR,Electronics,UK,16,0.1946430634023156,0.1024097339037319,0
7104,228,82.87227406253155,QR,Electronics,DE,23,0.1128930330762184,0.1140731279703495,0
2064,370,19.38451320102918,ATM,Electronics,DE,13,0.2179617150829256,0.2113162278980491,0
8032,175,84.80229684647293,ATM,Food,UK,19,0.05895000292299,0.1421696771468037,0
3663,333,141.43300607588657,ATM,Travel,UK,20,0.0938177513982048,0.2164864829474377,0
2487,191,173.38916526856207,ATM,Grocery,TR,7,0.2763713319235089,0.237598991675218,0
7269,977,113.21809639790914,POS,Clothing,TR,10,0.0354448673992876,0.129372210392571,0
9835,870,1223.6936205420698,Online,Clothing,DE,4,0.9461185263826136,0.8700352884068978,1
3201,864,97.49673208847511,POS,Electronics,US,18,0.2063464588217959,0.2257236291311105,0
9819,867,691.9744426700672,Online,Grocery,TR,2,0.982960705870336,0.8821088648539805,1
5275,609,85.15725531340149,Online,Clothing,DE,13,0.0941993192989732,0.2178554549398784,0
6580,688,112.81997796219191,POS,Grocery,US,18,0.0150271045358683,0.2051950033213457,0
8450,329,151.41691884789407,POS,Electronics,TR,11,0.2699135211815112,0.2432219936746043,0
5724,178,86.82222239917323,Online,Grocery,TR,12,0.2458558198448777,0.009301125781112,0
5544,702,74.22803542820212,ATM,Electronics,FR,12,0.2403497225466153,0.0369361404733019,0
6625,69,1.0,Online,Electronics,US,12,0.080552786977897,0.0541476571364356,0
5381,414,151.0489802573813,POS,Electronics,FR,16,0.0661407804909648,0.2401545059806508,0
3091,72,30.85520403637311,ATM,Grocery,FR,18,0.1334425065116327,0.2237167468854114,0
7307,792,100.48852836766208,Online,Food,US,10,0.0023145266168231,0.0863681968307906,0
7068,99,59.23413816660699,QR,Clothing,FR,20,0.2001134800765196,0.1515415491910393,0
8665,367,68.06383397367925,ATM,Clothing,UK,22,0.0011219611521591,0.2590637230365707,0
1390,937,1.0,POS,Grocery,US,8,0.2149420766286031,0.2078560033514057,0
3768,13,106.21717924405652,Online,Grocery,FR,17,0.2469782578660912,0.1528922561426244,0
5418,324,27.651164224441985,POS,Electronics,US,11,0.0777867503935608,0.1135838606755136,0
875,581,51.68104531039655,POS,Electronics,TR,10,0.2130251626476906,0.062736166308351,0
8666,83,79.94398469145452,QR,Food,TR,7,0.2327080419968298,0.1661310443497587,0
8988,252,122.65615543552424,QR,Clothing,FR,7,0.1117234211995327,0.1765093403721201,0
2711,493,115.9905817398089,POS,Travel,US,23,0.2828738646252738,0.1457881153812834,0
6268,187,102.56019552869824,POS,Food,US,23,0.2411281840717487,0.2453685569120378,0
7218,906,50.61486561722065,Online,Clothing,FR,19,0.2263450209931939,0.0383467093806211,0
7812,652,126.46414960155738,QR,Electronics,DE,20,0.089515983611795,0.1802513648905273,0
4344,512,97.34369306227715,ATM,Food,FR,14,0.0630109933088868,0.0004596314297721,0
8478,444,65.23112672581186,Online,Food,TR,21,0.0712669408679154,0.1057207278780907,0
6802,870,131.64093180545498,QR,Electronics,DE,16,0.2797990746696859,0.0661807877316754,0
1733,892,34.87112605232315,ATM,Clothing,US,8,0.2293433057775611,0.07936805351871,0
1161,922,100.89847536094352,POS,Electronics,UK,15,0.2879565045589913,0.2038334795829454,0
5277,100,42.84196969799599,Online,Food,US,15,0.1767316217647546,0.0911647148108442,0
7758,322,131.45899289372773,ATM,Grocery,UK,9,0.2267828832439549,0.1290529390650364,0
1578,931,199.07621335413347,ATM,Travel,DE,17,0.0550755419835152,0.0159396123057789,0
2804,47,185.31096540126973,QR,Grocery,US,23,0.1927905206231751,0.206546228990182,0
4183,229,76.75956098969937,POS,Travel,UK,18,0.0166456923227017,0.1395129217821432,0
3914,343,124.0162187437524,ATM,Grocery,DE,8,0.154241392442845,0.1004955923837032,0
6191,477,194.7661954476085,Online,Travel,FR,6,0.1812369827044082,0.1991109866442858,0
90,321,60.75618768211867,ATM,Clothing,DE,6,0.0903561128035479,0.0478558255584459,0
3728,248,53.02077557026258,QR,Food,TR,19,0.1142148379461308,0.1706381924851162,0
6424,97,86.305794341279,ATM,Travel,UK,22,0.262852929554103,0.2952109574623239,0
5186,619,89.50461044460194,Online,Grocery,UK,6,0.0149939843414672,0.0359891427716104,0
8137,862,83.25746351944105,ATM,Electronics,FR,13,0.1459709053687895,0.0640038647812125,0
9009,91,119.61591095022668,QR,Electronics,UK,20,0.1543376935832078,0.2158384802420501,0
3912,883,17.839946007170695,ATM,Electronics,DE,8,0.2586662130730244,0.0402635525587459,0
1485,92,83.49151660295294,QR,Food,US,14,0.1861083972327496,0.1698507216580727,0
2784,923,107.5578872626804,Online,Electronics,US,14,0.0135125883622489,0.2446364846286415,0
9528,702,4603.116689139892,QR,Grocery,US,9,0.7485760841993183,0.7408068170841099,1
4747,587,136.88196000299405,Online,Travel,TR,14,0.2961272487947395,0.125057692410153,0
1528,824,78.89640574551521,Online,Food,UK,20,0.2863204262862922,0.1061670123329713,0
4122,920,41.36525551701801,Online,Electronics,DE,18,0.1718782233692699,0.0830048484842556,0
9119,684,104.9351984207669,QR,Food,TR,15,0.159320659834331,0.0167580488881144,0
6864,331,140.59919263170084,QR,Clothing,US,15,0.1224528596575201,0.1819819380057307,0
9773,865,22.168429062989272,QR,Electronics,US,2,0.8084557379254315,0.8585705523888356,1
5534,598,59.406016556663445,POS,Travel,FR,6,0.0492136012570859,0.1482989292405162,0
3174,911,90.85987837968165,POS,Travel,US,16,0.0119540700465423,0.0217419057506354,0
196,618,106.89478879374532,POS,Grocery,FR,15,0.1336504079250302,0.2692591869214742,0
9452,405,57.415358778937566,QR,Grocery,US,8,0.0329002719518498,0.2217358693456793,0
9477,62,142.24529613108544,QR,Clothing,UK,20,0.0597490679751051,0.0751543807055636,0
9638,504,8065.537607919381,QR,Grocery,US,4,0.8984852349186643,0.7757795855079518,1
3787,859,115.09003785054898,ATM,Food,FR,17,0.0233625078559179,0.179808938828088,0
8614,666,1.0,Online,Food,FR,17,0.0164938353604397,0.055021792323063,0
3813,539,88.99732463141527,Online,Clothing,FR,12,0.0532090821286566,0.1501009188178967,0
515,92,88.20222569884108,QR,Travel,FR,22,0.0614733286188746,0.2453687238296584,0
2335,579,139.44850625234602,POS,Electronics,DE,8,0.0924429970064272,0.1072369572631332,0
1327,388,134.80327085385247,ATM,Food,TR,21,0.124681437633607,0.2894776637798709,0
6495,514,175.2660759986282,Online,Grocery,DE,19,0.0449306132000012,0.1524805855157608,0
1630,615,95.91446539292107,Online,Travel,US,10,0.2741474403878814,0.2391716028556373,0
4376,112,50.06746548260965,POS,Electronics,TR,18,0.0496735668999549,0.2687183852723444,0
3310,923,97.89247341592662,ATM,Food,US,19,0.00016281067455,0.1695361559287545,0
2737,400,95.74574171744896,POS,Grocery,DE,14,0.1793859571454587,0.0792237719562662,0
5244,180,124.37610293478392,ATM,Travel,US,15,0.186321333160583,0.2872267758276186,0
6721,769,19.485092224442,ATM,Grocery,FR,21,0.1343286230863825,0.2783335484281712,0
5187,25,117.59077254569482,Online,Food,US,8,0.1161260051460984,0.0033144558071493,0
4226,717,38.37197187546597,QR,Grocery,TR,16,0.0920083042352866,0.1753776999648983,0
4440,696,121.61734821038915,POS,Electronics,US,22,0.2102083358410777,0.009825198631761,0
8748,132,156.23999884889443,QR,Grocery,US,7,0.200187465764649,0.2699247916058436,0
8572,30,60.37924241500595,POS,Electronics,DE,16,0.1601365027625846,0.2189655213901129,0
1398,712,95.4896412496082,Online,Electronics,US,19,0.0083683974608382,0.2135327538035266,0
4020,163,70.96124331571906,Online,Travel,US,9,0.1807777793077109,0.1169855351185148,0
1487,597,98.881556906083,POS,Grocery,UK,7,0.1212715738205079,0.23823341257394,0
3208,109,91.4612083898961,QR,Clothing,DE,14,0.1155782436779809,0.0679408369344289,0
2404,194,208.36229865664973,ATM,Clothing,TR,15,0.1600318121696101,0.2807651336596379,0
2995,315,106.51195419247696,POS,Clothing,TR,14,0.1415333352486332,0.2542664164067992,0
3947,438,97.63648103852846,QR,Travel,TR,20,0.0850160177501839,0.0034978914479905,0
9813,19,6256.990937327092,QR,Grocery,FR,15,0.7890408763855313,0.948139260927657,1
4893,692,73.78591951708523,ATM,Food,UK,18,0.2777854058944999,0.1292314987705223,0
4032,823,57.63429860744317,ATM,Electronics,DE,19,0.2347598148795942,0.1097793764902031,0
9807,405,1495.0356431384853,Online,Travel,TR,4,0.7262370370253982,0.8262902681238935,1
5735,514,85.32310328563914,POS,Travel,DE,6,0.0520978159374855,0.1854536949111881,0
9466,921,92.11387774650495,ATM,Grocery,UK,13,0.2884391272478966,0.1707310861380105,0
2775,124,225.26326227367323,POS,Food,DE,15,0.0166009394522294,0.2123545845343272,0
8351,316,200.0312966107167,Online,Food,FR,19,0.1087714835298133,0.1260158957190608,0
9597,672,10.0,ATM,Food,US,3,0.7767214683230337,0.8165190115011465,1
7058,52,151.73804035523457,POS,Grocery,FR,11,0.1072392275503425,0.1544717359759664,0
6821,453,99.28121934401771,ATM,Travel,US,23,0.2292932923853788,0.161347832587153,0
1290,924,24.41064270155321,POS,Grocery,US,8,0.2198626903950659,0.2655630524266242,0
847,728,20.56559348112052,ATM,Electronics,UK,23,0.2532547423414031,0.2652596975890219,0
9851,430,982.9743118715924,QR,Grocery,NG,18,0.7837565917368701,0.8218240924737819,1
4763,45,224.30101231388363,POS,Grocery,TR,22,0.1867262005178924,0.130418504125878,0
5254,682,136.19559833794932,QR,Grocery,US,21,0.2977086670975424,0.1186752780125632,0
671,40,53.91734401108688,POS,Grocery,UK,18,0.1914138185092336,0.0264138197218276,0
7334,770,105.00059370606904,Online,Electronics,US,8,0.1917383069815176,0.1070177203565204,0
371,744,133.47080955934425,QR,Travel,US,13,0.2539756436176283,0.1678247912283097,0
8744,72,21.999345235095845,POS,Clothing,FR,23,0.2609523264386317,0.2474218161966458,0
8750,60,101.07053142021448,POS,Food,TR,7,0.0963344130312317,0.2704506197931141,0
8077,55,120.36985888221852,POS,Food,DE,7,0.0795360798739204,0.2279612276478944,0
9602,279,3260.284487594002,POS,Electronics,DE,4,0.7364050076598373,0.9084599477633328,1
6594,116,72.92705456981766,ATM,Electronics,TR,8,0.1255135225125027,0.2597114989941564,0
3665,326,102.18807642199675,Online,Grocery,UK,8,0.1303654535924995,0.2056271943861058,0
5521,683,150.52209414132682,QR,Electronics,FR,12,0.1778653351639854,0.0936760826796932,0
4468,206,131.3676194272183,Online,Food,UK,17,0.1811089499021325,0.0449650587443441,0
6765,75,110.76193065938506,QR,Electronics,FR,10,0.0939382340926414,0.2789795578689512,0
1093,744,58.05157801779112,ATM,Grocery,UK,22,0.2430162771701639,0.079706588862719,0
3036,970,42.12159711157015,Online,Food,TR,23,0.1233866761867827,0.1961856274369804,0
7299,520,122.38359954184968,Online,Travel,UK,23,0.04681518570688,0.2291138626278342,0
2908,164,13.834843984036524,ATM,Travel,US,20,0.2471925527331588,0.2286865414482284,0
7071,402,105.36624415670596,POS,Clothing,DE,8,0.1441856513420076,0.1826191161444018,0
920,888,76.50087133349957,QR,Travel,FR,7,0.2633441846236245,0.2963800587990496,0
6860,507,42.66974018272387,ATM,Food,US,19,0.0319724489989477,0.0047554843314097,0
6604,752,78.77578417329187,ATM,Grocery,US,14,0.1011263552997401,0.0222951242894335,0
8675,957,165.73318654876886,ATM,Food,UK,22,0.1122110628199586,0.2221925891823978,0
2136,642,74.26041502501717,Online,Travel,FR,7,0.0107196626384504,0.0383218216196924,0
9075,117,44.81653645164049,POS,Food,TR,21,0.1406203220286827,0.1252735204310016,0
142,177,112.84787190919722,QR,Grocery,FR,18,0.0604446223761404,0.1730285519758388,0
237,875,119.50769700067266,POS,Travel,TR,19,0.165532858848894,0.2482155466458765,0
2599,4,49.13940710499204,QR,Travel,UK,12,0.2767398319204171,0.2291682631875542,0
9376,963,92.78440337916176,POS,Electronics,TR,10,0.1140584547677052,0.088790785828325,0
1629,519,139.11863851460816,QR,Electronics,UK,9,0.2316977997130559,0.0174101801438011,0
8874,836,151.36430848698424,POS,Travel,UK,8,0.0574692685160089,0.0460325982923434,0
8780,624,129.61792039022376,ATM,Clothing,FR,18,0.1846563991278923,0.2592818826838933,0
7798,326,133.4459438171861,POS,Clothing,UK,21,0.1151465445561248,0.2838978183744158,0
2939,366,88.74472976600819,QR,Clothing,UK,23,0.0160660492967247,0.0919940362443266,0
6560,699,79.08402900292701,ATM,Travel,DE,17,0.1341916960368085,0.1232581531751475,0
4536,799,115.92531993006872,QR,Clothing,TR,22,0.108016080647313,0.0535714567176026,0
7062,958,66.4338096171511,ATM,Electronics,DE,18,0.0064996101037352,0.0484233769825479,0
5382,697,70.42420651647163,ATM,Grocery,FR,11,0.1598735636580258,0.082036035799133,0
2588,59,1.755135851157803,POS,Travel,UK,17,0.223819592360895,0.1891430219361212,0
1623,681,75.31362069708896,Online,Food,DE,7,0.2611554807888631,0.1548231028059583,0
1417,136,16.994437004311962,Online,Electronics,FR,16,0.014772353845759,0.1613480118811277,0
5414,579,110.99418152467356,ATM,Food,FR,22,0.0627224335991866,0.2131753904632992,0
3692,367,199.89130625135653,Online,Electronics,FR,14,0.2432807576053272,0.0938811257646669,0
7794,233,76.01290523522188,POS,Food,US,10,0.0631329494673952,0.2457556480707907,0
6492,566,65.39264748119638,POS,Electronics,FR,10,0.1420084778677751,0.0238112451266207,0
3213,935,125.61471552521294,POS,Clothing,FR,13,0.2394371438331249,0.2816503095682593,0
4158,787,105.40060612194992,Online,Clothing,US,12,0.0045645535433312,0.1959024273871513,0
4201,431,63.42298526368193,QR,Clothing,FR,16,0.0756085148648503,0.2142378726572526,0
1552,643,62.8141957352751,ATM,Clothing,DE,19,0.0005593237720567,0.2876902261883088,0
6559,166,19.511364983230564,QR,Electronics,UK,10,0.2916609719771377,0.1812509756920765,0
2472,738,4.3333874925534985,POS,Electronics,UK,11,0.01437593591191,0.2872809701129051,0
7117,459,98.60515531649952,POS,Grocery,DE,13,0.0328000085213893,0.0502651759806901,0
3392,746,55.30358384995419,ATM,Clothing,TR,6,0.1292547170515929,0.0277593397686013,0
259,354,186.84714715096516,POS,Food,US,10,0.2355198330167827,0.143363533931836,0
8361,353,116.09682220948189,POS,Food,UK,17,0.1347826390131381,0.2636423602710352,0
30,541,97.03162743842978,ATM,Travel,TR,21,0.260763082447694,0.1825438843608799,0
962,594,114.51304027017748,ATM,Travel,FR,13,0.1646014779575943,0.1527686946376393,0
7928,117,211.54091359055755,POS,Food,TR,7,0.1545928249977644,0.1791052143941621,0
6108,548,102.09096739476696,ATM,Food,US,15,0.1339435350650767,0.1932951842710114,0
7888,626,20.37563971775401,QR,Electronics,UK,12,0.1176762416184002,0.0063795423054549,0
1234,955,83.39576266629024,QR,Clothing,DE,14,0.236994161367699,0.1506096877392579,0
6690,523,130.5340112106231,Online,Grocery,DE,7,0.0083560081655521,0.1520779623996775,0
520,619,78.39780928776129,ATM,Food,DE,11,0.0237862621094801,0.190695751215705,0
9782,800,2056.998383085924,ATM,Clothing,TR,3,0.7543827106219494,0.949530348572742,1
817,271,83.0460813186576,ATM,Travel,UK,6,0.0006040913524076,0.2230277004227883,0
2433,669,269.906365883145,POS,Electronics,UK,15,0.2037633727925954,0.0772395371645083,0
1579,135,77.77612334044863,Online,Food,UK,21,0.0875844080547995,0.1387930923923397,0
4107,721,36.31285573170921,Online,Food,TR,13,0.1375336232247258,0.0279789103692741,0
9202,986,69.96783314786676,ATM,Electronics,US,17,0.1581646459601761,0.2125578260962383,0
8123,789,117.07383695235391,POS,Electronics,US,17,0.0270031862805549,0.2053953085185014,0
3485,527,71.01212207997753,Online,Travel,TR,8,0.11920372223944,0.2622617990749514,0
4250,221,31.23702595094052,Online,Electronics,US,14,0.2959957323014586,0.2611641081668189,0
8590,235,121.68661970140094,ATM,Travel,TR,20,0.1522679074299905,0.0563197366071095,0
7851,613,111.5299009446955,ATM,Clothing,FR,14,0.0264510440051241,0.185500024055504,0
3420,617,98.99039485131168,QR,Grocery,UK,7,0.2822054341212088,0.1169725455831152,0
9153,870,134.09769406549108,POS,Clothing,UK,14,0.0366254206143657,0.280543558148496,0
9361,144,94.09318050304871,ATM,Grocery,UK,12,0.2537952617744627,0.1804583505957394,0
8900,151,121.06635347578003,Online,Food,DE,12,0.0870621523625559,0.1939135828933663,0
547,273,92.59032293087424,ATM,Food,DE,13,0.1009481226556517,0.2944410225706838,0
8933,191,129.49586164218323,QR,Travel,US,21,0.0796530627562476,0.1717318987489327,0
4278,356,132.3238393099176,QR,Electronics,TR,16,0.237197966676895,0.2930597458605927,0
9898,309,189.26340682882585,ATM,Electronics,DE,10,0.9727420486295012,0.9723759275920808,1
8857,319,100.33190051905528,Online,Food,DE,10,0.2505876761295685,0.2333214534295671,0
8199,584,5.034441457738311,POS,Travel,TR,8,0.036084076865816,0.1010324055650822,0
9731,608,5450.315157378798,POS,Grocery,TR,21,0.8934741988495216,0.7739454929506899,1
381,54,31.472047896649528,ATM,Food,FR,8,0.1823192112807408,0.1733207283161831,0
9189,108,98.12946759130688,Online,Travel,UK,20,0.1806198541950419,0.2634034264808425,0
8259,401,157.244081184907,ATM,Electronics,US,7,0.1473839588194301,0.2945634653944251,0
6841,870,6.922823591917634,QR,Food,US,7,0.0477067133823694,0.0127249787190965,0
48,256,92.0674408265494,ATM,Travel,DE,21,0.155542388968019,0.1524553539828824,0
8922,320,163.32135188134464,QR,Travel,FR,11,0.1254120729244623,0.191176710378428,0
1220,602,172.95111741459442,Online,Grocery,UK,18,0.1037983686305724,0.1342312663333536,0
1604,901,149.1961768622226,ATM,Clothing,DE,20,0.0191113921205726,0.2924509672145668,0
2843,75,132.00624378208107,Online,Electronics,UK,17,0.1263681705951535,0.2411104196946702,0
7509,395,109.24070838061245,Online,Clothing,TR,14,0.1975798380787647,0.0835782410576023,0
1049,777,147.63798445970951,POS,Clothing,DE,12,0.127584397150147,0.2647858681293775,0
4924,168,131.03558765525892,ATM,Clothing,TR,21,0.0579420170462828,0.1435063505868752,0
4347,259,50.96685438849828,ATM,Travel,US,15,0.0585930398202138,0.174447493497108,0
4493,948,178.43329485390734,ATM,Clothing,US,16,0.2927174017445866,0.046316247581056,0
9194,867,26.537970962981404,POS,Electronics,TR,22,0.1444553122040449,0.2287583909974866,0
9184,742,88.8477943350766,ATM,Grocery,US,13,0.1202346013077551,0.0063808085315536,0
8907,897,78.0990719103456,Online,Clothing,TR,11,0.2283788253067907,0.140966172330047,0
1039,81,141.82600780194912,ATM,Electronics,US,16,0.1104793353727646,0.0231273183615896,0
6803,100,74.5105135520132,Online,Electronics,FR,14,0.1817626061457569,0.0239833247572623,0
9290,725,72.79593444912095,QR,Travel,US,15,0.2616123312443728,0.1468879994721484,0
1026,217,114.66717709636146,ATM,Electronics,US,23,0.0893333121165723,0.051359620118321,0
1021,830,63.963300641228464,POS,Electronics,TR,13,0.2272729385197396,0.1272276250238677,0
3399,466,112.31409064862493,POS,Electronics,US,22,0.1964173152353181,0.0986556462637773,0
9564,263,1447.786489082845,POS,Grocery,FR,0,0.8948737303890729,0.9629044638991348,1
9559,271,2836.618626285944,ATM,Clothing,TR,4,0.8576220609191308,0.8063021204999218,1
1424,329,181.9651941684548,POS,Electronics,UK,15,0.2027444516602235,0.2179116820996368,0
7883,968,193.26467996444893,ATM,Electronics,UK,22,0.1652305474880286,0.1358530713506054,0
4291,783,111.703299552784,POS,Food,UK,15,0.0141003499438566,0.0362114269670872,0
6569,790,119.42531619297164,ATM,Electronics,US,11,0.0667851454112598,0.1023109326403824,0
1971,801,12.232271533991792,QR,Clothing,US,12,0.0514465702723348,0.1996670834054536,0
6815,659,55.53148668875741,POS,Clothing,UK,12,0.1290852388422693,0.2060508313277075,0
3870,798,80.29282003235521,Online,Travel,US,17,0.1708156233086861,0.2923192852702345,0
2568,848,27.110430599257526,POS,Grocery,DE,15,0.0167183166477838,0.2329258374010169,0
3314,210,144.4776815539814,Online,Clothing,TR,6,0.200124580271598,0.0449986662504489,0
7037,858,95.57249742284948,POS,Food,FR,9,0.17276405551448,0.1279912596392434,0
5885,763,95.15840499799133,Online,Travel,FR,10,0.2379436797095799,0.2995844355903936,0
8275,596,102.74316435780707,Online,Travel,US,23,0.0033562288631217,0.1146917790352362,0
9621,993,562.3317433963487,QR,Electronics,US,4,0.7987618776479634,0.8625918728550989,1
1633,39,65.21404377664572,QR,Grocery,DE,14,0.2455550406604147,0.1030654132134456,0
8584,711,210.90804527221127,POS,Travel,US,8,0.0441736447391158,0.2104608764150479,0
3771,427,92.65066749175097,ATM,Food,FR,23,0.1884842944128661,0.2268065596593982,0
8092,593,79.37369637313584,POS,Electronics,US,15,0.2687305490741324,0.1803254169524725,0
5363,925,59.80982761718156,Online,Food,TR,18,0.2779743796551543,0.2319590052223859,0
442,570,113.29662931591312,Online,Electronics,US,16,0.2550968598682387,0.1872429100711106,0
1614,857,61.460629847986176,Online,Electronics,FR,18,0.1493748376147,0.1797806501241041,0
298,2,52.30554557933439,Online,Grocery,US,13,0.0293493034052712,0.2830036807073017,0
1511,657,46.32696276486524,Online,Travel,TR,8,0.0470251059587133,0.2547377226459891,0
9840,752,762.7243635969014,ATM,Electronics,NG,21,0.7727234781979082,0.8486878415633379,1
6239,102,89.54097827664833,ATM,Food,FR,17,0.1041855906185879,0.1506268453427179,0
6219,949,99.21289257336836,Online,Food,FR,22,0.2644039423769322,0.2112728798087773,0
5901,372,80.83090488693657,QR,Travel,FR,16,0.1479125217225406,0.200353605177447,0
6974,423,129.72584555850523,QR,Electronics,TR,17,0.2711713669914244,0.0809735141269763,0
5848,115,109.94478361745875,ATM,Electronics,TR,8,0.2118225381182834,0.0221801089594907,0
7434,373,114.81451742417175,Online,Electronics,FR,14,0.2566158882934475,0.1091522182180707,0
7249,686,213.62638069022165,ATM,Food,DE,7,0.0231038747182864,0.0049982795059896,0
8230,210,139.9156618450569,POS,Food,FR,23,0.2458382941969255,0.2834012718987264,0
9730,926,4694.7824965518885,ATM,Clothing,TR,10,0.7439633009801955,0.7354904263768639,1
5245,544,185.2055260433402,ATM,Travel,US,19,0.0037309899531629,0.1226382588991821,0
524,330,148.6682976242807,QR,Electronics,TR,7,0.072291470263381,0.1625047966776628,0
3975,190,72.98141898674955,QR,Electronics,UK,20,0.0718212759215316,0.180013123302768,0
4441,950,106.72578357973076,QR,Clothing,DE,13,0.2660601254549735,0.2185761036034712,0
6189,627,133.2678393822477,ATM,Travel,UK,9,0.1025235587020864,0.2180884310495778,0
1215,386,126.36548466997816,QR,Electronics,US,17,0.1969165910552042,0.1260104467564913,0
2704,172,87.1672731648851,Online,Electronics,UK,15,0.0297824524432465,0.2922024846033631,0
5433,127,83.62202883155102,POS,Travel,TR,22,0.2334616356823877,0.0677513456279139,0
8016,748,66.48833188932815,QR,Grocery,FR,18,0.1158690525681787,0.1757781754011145,0
8192,90,133.8937093187668,POS,Food,US,23,0.0706713426322743,0.0187905340232005,0
8098,83,191.69019296818908,Online,Clothing,US,14,0.1325637634483492,0.1357404411689015,0
4296,938,29.111690343554717,Online,Clothing,TR,15,0.0010924253209236,0.03474272703182,0
7565,652,113.95448425286708,POS,Clothing,UK,13,0.2908119713539874,0.1812114934935929,0
8932,214,132.14039944214863,POS,Food,DE,16,0.1583491687197041,0.0099229426236875,0
7530,129,114.56668216593994,Online,Travel,DE,6,0.1629220022090004,0.1643835965593975,0
8313,348,153.7424360840318,POS,Food,FR,19,0.1220047676403526,0.0776649157706331,0
6829,914,187.21049112960304,QR,Grocery,FR,21,0.2703872666323635,0.2741844513672417,0
4522,589,60.4616643372475,QR,Travel,DE,15,0.0730021247680958,0.1652443523917312,0
1222,775,143.52245848706536,POS,Travel,TR,13,0.2995741866313074,0.2095965175664242,0
8861,701,124.2635167174102,POS,Grocery,DE,19,0.2914131451023535,0.1333130986609729,0
2272,952,42.85114295734503,ATM,Grocery,UK,6,0.0286365261086748,0.0806244698700541,0
1648,177,129.72630634839803,Online,Travel,US,12,0.0772732416823672,0.0653957495793869,0
2749,453,124.03406321101974,Online,Electronics,DE,11,0.0960805519060199,0.2841481760692846,0
776,383,120.07320709334974,ATM,Clothing,FR,23,0.0884080185177203,0.1001381153027378,0
5993,704,137.05496141333558,Online,Electronics,US,16,0.1702137602074009,0.004213879595129,0
9243,1,43.05725163465,ATM,Clothing,DE,16,0.0524587998890513,0.2166596898909863,0
1833,188,55.60721462613969,Online,Grocery,US,23,0.146781547497384,0.1447561177348628,0
647,857,114.9135552300494,POS,Grocery,TR,17,0.0977465987734084,0.0453990953170046,0
6692,296,195.28941171813344,ATM,Electronics,FR,14,0.1209426778857546,0.1857758079582588,0
9375,561,106.69921119716612,Online,Grocery,US,18,0.2001199504131543,0.2074632713502016,0
8213,873,126.93885634594749,Online,Grocery,US,12,0.1306733488326568,0.2725789756765979,0
5960,146,44.12724955529055,ATM,Grocery,TR,21,0.1472961453587785,0.1406311451681845,0
4953,773,143.82702561461514,QR,Grocery,TR,16,0.1374606929577344,0.2348032854774146,0
3452,187,108.1106458623112,Online,Food,FR,16,0.0863505544743325,0.1629578362276923,0
1852,917,56.26800929259728,POS,Food,US,14,0.0077467725230022,0.2460563150818221,0
1061,938,91.04706119744267,QR,Grocery,US,23,0.1444160561971012,0.0372210341655819,0
7842,422,102.99552198422413,QR,Grocery,TR,19,0.1145463313696946,0.2951756517611721,0
3371,380,106.48615243416866,POS,Grocery,FR,8,0.2710372640578947,0.0325516593576153,0
1789,124,88.33557191268034,POS,Grocery,DE,20,0.2201490052426871,0.0788773747678052,0
4788,232,132.66571571072706,ATM,Electronics,US,11,0.1086807672928072,0.134793834864802,0
5321,560,192.84218314245865,Online,Food,TR,18,0.25095721827184,0.042720806040303,0
3365,820,97.68097570489635,POS,Clothing,UK,16,0.0493980845357874,0.1397404043267731,0
80,65,1.0,POS,Clothing,TR,17,0.2579813255190458,0.0817102941698358,0
8755,175,142.24267950125216,Online,Travel,US,8,0.0817079782883627,0.1850906158338432,0
9278,729,15.53795385086498,ATM,Travel,US,6,0.2190469447602546,0.25787142296411,0
1737,26,74.13185054288836,Online,Clothing,DE,15,0.0544073141714668,0.170555808342334,0
4386,181,117.41291107570666,POS,Clothing,DE,21,0.2022595686868603,0.1131680339331363,0
5941,922,71.96674898196693,QR,Clothing,UK,7,0.0725636303203986,0.2193162996871593,0
6725,165,125.53832942969566,Online,Food,TR,18,0.272889037537209,0.2288225706860215,0
1069,986,135.55226521986816,QR,Clothing,UK,21,0.1291905735685775,0.1300175918596242,0
3554,746,116.89129579659942,QR,Travel,DE,8,0.0828857896461341,0.0650098089615466,0
2224,12,96.9451335216159,Online,Grocery,UK,16,0.1577446514239484,0.121045807051736,0
7732,829,73.31593500671569,ATM,Clothing,FR,16,0.1408904786582537,0.1043071908696565,0
1074,402,69.84262164931528,Online,Electronics,UK,20,0.0586767012868636,0.0513297969502283,0
9647,72,1681.586299579034,ATM,Clothing,US,17,0.995914103872018,0.7622605884557229,1
288,854,109.00527337327074,ATM,Clothing,UK,6,0.2894871231171574,0.0505194367407108,0
9619,688,1703.954141974195,ATM,Grocery,DE,11,0.73769016457388,0.8383604909124638,1
6462,641,49.95954029786531,Online,Grocery,DE,6,0.0408918958478088,0.2175407456118534,0
1144,369,164.60268161135613,POS,Clothing,US,21,0.212198273238947,0.190004061614011,0
998,449,1.0,Online,Travel,US,16,0.2111324791146629,0.02650442218729,0
4119,521,174.3689903508226,Online,Electronics,US,9,0.2142690347476142,0.2640308077203515,0
9789,444,2101.9568984254747,POS,Travel,TR,4,0.8882909354571406,0.9983842182400012,1
7582,597,68.754501878846,QR,Grocery,TR,11,0.1171947736954667,0.0188158447802971,0
4224,49,55.52541297557765,ATM,Food,FR,6,0.0819169121683096,0.137748665373718,0
7360,711,107.90364485456212,ATM,Electronics,TR,19,0.0952668780351398,0.1400530189325389,0
8918,446,138.43722273058114,Online,Clothing,FR,21,0.0031274874944827,0.0242397895455621,0
6007,50,49.091860727045415,QR,Clothing,DE,17,0.1800759806580122,0.0769174258949794,0
2844,699,148.49204324199545,Online,Food,US,15,0.0704325362917391,0.2647591846097975,0
7092,790,114.17156591860028,QR,Travel,TR,20,0.2068352842476342,0.0314869293525838,0
1456,450,104.18496993077548,QR,Food,US,13,0.2884330106150644,0.0232008632589977,0
5823,692,142.24643208827925,ATM,Food,FR,20,0.132362702896714,0.1031319353512768,0
358,686,53.45573781484028,Online,Food,UK,8,0.0464638757456829,0.195515596390192,0
2010,100,49.20201684027163,ATM,Clothing,FR,18,0.0512813508928173,0.291649268053996,0
5133,970,156.44163734717233,Online,Electronics,US,15,0.1433022120254662,5.355446118857632e-05,0
4653,992,67.1770539848969,ATM,Food,TR,11,0.2863831549869634,0.1798197666125301,0
402,224,14.999011609489417,QR,Clothing,DE,16,0.2021871601374727,0.1963332156188141,0
8518,143,163.35223312646357,QR,Grocery,FR,18,0.0644670759392892,0.113118802871102,0
972,125,136.46559082691394,ATM,Grocery,TR,14,0.1401499663200857,0.1083968934402529,0
5055,476,105.32381522524136,QR,Clothing,FR,13,0.1967736667836076,0.1863527377955993,0
4022,652,121.51724190855288,ATM,Electronics,TR,11,0.2930812466244056,0.0095041076811825,0
9281,140,93.94209754046447,QR,Travel,UK,20,0.0142876035392662,0.1916137269892635,0
7590,809,46.42903041439599,Online,Grocery,UK,8,0.0741167930137908,0.0710523673064163,0
4193,689,128.30691543561852,QR,Electronics,DE,10,0.249106724228358,0.1711247890438589,0
7005,812,80.20848116650362,POS,Grocery,FR,18,0.0692409354082683,0.2866873321425973,0
4335,421,98.49516463547336,Online,Food,FR,9,0.2210513929898556,0.0100780239719479,0
4545,210,66.28270867018503,QR,Travel,FR,22,0.1512189326055104,0.2451894905173543,0
3976,167,1.0,QR,Electronics,US,14,0.2830153449891711,0.2981156948817214,0
3106,635,62.46595064741723,ATM,Grocery,US,10,0.2496873983012244,0.0221266461450083,0
2901,941,55.96199044426394,POS,Grocery,US,16,0.1212038999728802,0.0164079635081951,0
347,408,144.50050634132148,POS,Clothing,UK,22,0.0345677920789581,0.2859162369157687,0
3727,813,63.31113585963106,Online,Electronics,FR,6,0.0966434868792717,0.1801230147224567,0
9223,554,116.58940158548047,POS,Food,DE,7,0.1900830096845877,0.137320131617093,0
6153,884,80.74061861480847,QR,Food,UK,10,0.0298084678149169,0.1160199845368905,0
3380,304,79.42706846047562,ATM,Travel,FR,13,0.1169270215051503,0.0504975302593973,0
1809,650,82.97439776444115,QR,Food,FR,13,0.0438442920505709,0.2120048832376438,0
685,650,21.02472914563636,Online,Clothing,UK,20,0.1321798633199297,0.0549836671736047,0
1697,391,25.32846319826369,QR,Travel,UK,23,0.1629598978468324,0.0909650097568253,0
6454,690,174.9042180852853,QR,Grocery,FR,8,0.2273317005452129,0.118372450824606,0
2296,406,3.6531855877222768,QR,Grocery,FR,23,0.0468725946553667,0.2435838288288079,0
2573,162,135.8352841119355,QR,Clothing,US,8,0.1996124916494193,0.0843916558017658,0
7661,85,89.50130193132375,ATM,Clothing,FR,21,0.1909742088566736,0.105718640028708,0
373,420,5.414280551425023,ATM,Grocery,US,12,0.0406522882537722,0.2653250484104908,0
5740,578,26.387131825851355,ATM,Clothing,DE,11,0.0247105843810144,0.03065607275685,0
2710,633,76.27765042527605,ATM,Electronics,US,21,0.0930346072504752,0.2380715148124959,0
343,883,81.20321400432104,QR,Travel,FR,14,0.1157871074023301,0.1798481505295297,0
6058,887,43.840142983011,ATM,Food,US,23,0.2977252632493564,0.246426380591449,0
7988,476,80.48977470198724,ATM,Grocery,TR,13,0.1033942399090222,0.063491612450782,0
9454,554,35.842547729165474,POS,Clothing,US,9,0.0710757079994082,0.0624990252846822,0
6076,608,51.47917102187362,POS,Food,FR,18,0.0208544756846296,0.1606848127868718,0
9147,600,43.35615660762945,Online,Travel,TR,15,0.219870991988192,0.0945517913816861,0
1760,916,42.87023652563685,Online,Clothing,FR,20,0.032349349639016,0.279392080857179,0
7768,239,17.031877038511496,ATM,Food,UK,8,0.2060120486072867,0.0560439752817327,0
1780,206,106.23534515152323,Online,Travel,US,11,0.0105712868971063,0.1861354844506458,0
3935,527,16.00471267475524,ATM,Grocery,US,23,0.2921028768969868,0.2156408099309516,0
7743,378,52.958896290398485,ATM,Grocery,UK,23,0.0987086857338663,0.0266914730925608,0
4702,100,18.29420740814828,QR,Grocery,UK,16,0.2694666503794288,0.2142551582074781,0
2141,405,75.86583681763253,QR,Electronics,TR,15,0.0539801955030111,0.133834008673419,0
6025,75,77.19628636441848,ATM,Food,FR,9,0.0820812424193332,0.2529624079845369,0
8375,734,160.34496744858654,ATM,Clothing,DE,19,0.2255916905453313,0.0553161554090308,0
9397,87,6.496945065731296,Online,Food,UK,19,0.1494369069178314,0.1765931890749501,0
3416,621,46.69808185573032,Online,Clothing,FR,12,0.0753616048978493,0.2376914491996299,0
6408,531,131.96465016327204,POS,Electronics,US,18,0.2280251545251559,0.2918163667836248,0
5756,645,70.51903687197567,Online,Grocery,US,21,0.0696952900042468,0.1956344852660109,0
9005,392,70.92687203697872,POS,Electronics,DE,7,0.1213865613509081,0.189017354635878,0
4173,378,43.49779154178176,QR,Electronics,FR,10,0.1458325085957848,0.2627147628629072,0
7806,34,67.6339699249234,ATM,Food,FR,16,0.1722164576548086,0.2474594463537845,0
7718,127,141.6651526670149,Online,Electronics,FR,10,0.1425826774509358,0.1907518751995594,0
2157,75,57.674407777819454,Online,Food,FR,13,0.2364718840065483,0.1853359601156656,0
6573,523,47.336334968991565,POS,Food,US,8,0.1885123411224367,0.1853553599357879,0
1820,779,67.82824664848617,QR,Food,US,16,0.2223988341765878,0.1727488287801618,0
1430,353,120.19577906578598,POS,Electronics,TR,7,0.1694730368079693,0.0703623851469834,0
8885,288,42.646492715437326,QR,Travel,FR,9,0.1829535018442895,0.2875899303722748,0
1640,649,128.30934682105283,ATM,Food,DE,18,0.0202981572104171,0.23499699832519,0
3233,246,47.28474786979605,POS,Food,US,19,0.164476356553334,0.1935066728939385,0
9824,300,2068.0341330353167,Online,Clothing,US,4,0.8466285144046675,0.815590521135081,1
5048,790,97.00502378428683,POS,Food,TR,23,0.1482320996317614,0.0554485248676898,0
1877,42,99.69757406804574,QR,Food,TR,7,0.2529627868225402,0.2816363378672792,0
9938,659,832.0540075101158,POS,Food,UK,0,0.863327628451998,0.9114291050987656,1
5173,39,92.65216122814022,POS,Electronics,US,17,0.0039175963136756,0.0519275307897361,0
6753,197,139.45605117451,Online,Food,TR,14,0.1346310270140907,0.0760968064222064,0
439,277,45.12802117325205,ATM,Travel,UK,20,0.0235222272741998,0.1995840509161063,0
1641,299,93.80035131462157,QR,Electronics,US,9,0.107494642975436,0.1871961504038902,0
3790,288,129.38891139448242,Online,Grocery,FR,11,0.0836812641985505,0.2226993650948189,0
9629,914,1411.6671539260217,ATM,Clothing,UK,22,0.7655456341719181,0.7192407254643348,1
7711,700,194.46536111893272,Online,Electronics,TR,7,0.0055563490175644,0.2601696135407093,0
18,285,115.682018370391,POS,Grocery,TR,9,0.2553019158649722,0.1242944416579181,0
8736,850,37.890170268905045,ATM,Electronics,TR,14,0.0827909857224595,0.0514585532893245,0
8147,335,78.80261689626052,ATM,Clothing,UK,20,0.1902431371982549,0.2363762235278252,0
8727,586,114.3414122500938,QR,Travel,UK,12,0.1475344027028839,0.0211447113713191,0
512,2,35.86852840365299,Online,Electronics,UK,17,0.0077255297022677,0.2692806347272075,0
4050,787,155.013759007262,ATM,Electronics,DE,15,0.2954478669101983,0.2530419143423088,0
1063,294,160.47472468223896,ATM,Electronics,FR,20,0.0451830660060771,0.2027869889053822,0
293,727,6.40145472384738,QR,Grocery,FR,14,0.0180779494555388,0.1044140558988144,0
6758,16,65.16476163506098,Online,Grocery,TR,14,0.1859994546902293,0.0237538970770641,0
1467,536,132.64207671605786,ATM,Travel,DE,6,0.2928941468180271,0.2614363272597659,0
9605,37,2440.647979501584,POS,Clothing,UK,9,0.7136027907779008,0.911945210772806,1
5357,910,158.1438846873578,QR,Grocery,US,22,0.15419582463675,0.1594934727135996,0
7760,180,169.0924017896541,POS,Electronics,FR,19,0.1309182615576565,0.0744050816623428,0
2237,566,55.22477398456974,QR,Electronics,US,18,0.008501821032901,0.2833142088040268,0
9809,507,554.0431662879225,QR,Travel,US,21,0.8539911716862811,0.7226063024191762,1
1305,128,236.14743438621517,Online,Electronics,FR,18,0.119262797594481,0.1201377525778713,0
2698,732,50.09480445261141,QR,Electronics,US,12,0.1656057655722605,0.2536399432991534,0
1875,374,22.69538398481637,ATM,Travel,DE,17,0.0740970896854197,0.0517570087816848,0
4283,92,88.1012093437552,Online,Clothing,FR,22,0.2036534274161693,0.0884192809234596,0
1548,39,183.6969898622384,ATM,Clothing,UK,19,0.0356196578026206,0.2643357770516302,0
8882,605,93.79696610318553,Online,Grocery,US,7,0.2196917925960749,0.1479331242258064,0
2270,236,93.64815485624788,Online,Travel,UK,17,0.2479836769470367,0.2657618837751875,0
386,637,178.99148593618096,ATM,Grocery,US,16,0.1464941940853179,0.2417635409528391,0
985,68,159.93213044977318,QR,Travel,UK,10,0.0350804744919176,0.1727164378270949,0
5182,709,90.01681629067922,ATM,Food,TR,20,0.0353123512506904,0.1662214361657013,0
4167,668,186.82764263830416,POS,Clothing,US,19,0.299113640981626,0.061506285129368,0
5365,706,164.39153943375288,POS,Electronics,US,7,0.0701140018350253,0.0513236492832261,0
1764,925,13.26798322342377,Online,Travel,US,7,0.2649142967517433,0.2751279662801522,0
2519,959,161.18034417288132,ATM,Grocery,FR,21,0.1789528373199047,0.0951033652256221,0
978,400,100.53181341743404,Online,Grocery,UK,16,0.0514115969760729,0.1417745417714515,0
9960,284,10.0,ATM,Food,UK,9,0.8397876410375997,0.8543019146568411,1
2735,650,95.93261364821257,ATM,Food,FR,21,0.1343876064392768,0.0364745028790026,0
1916,438,210.06953561439676,QR,Electronics,FR,18,0.2229081783343703,0.0821709138559029,0
2004,48,148.81868364897417,Online,Clothing,UK,21,0.1243956175787984,0.1070936256406792,0
2060,908,96.81867980901986,QR,Travel,DE,19,0.2623434756184613,0.1915734397639724,0
425,515,79.7722541220802,POS,Clothing,FR,23,0.0377344177373565,0.0677499119534709,0
8550,942,162.4295568124676,Online,Grocery,TR,18,0.098657618215897,0.1146580916527471,0
6370,99,104.43959111589012,POS,Food,TR,20,0.0845013934655419,0.1007015184359219,0
7948,731,62.52687683084047,Online,Travel,UK,16,0.1950791823592561,0.1194530509785627,0
5424,972,1.8734752739539289,POS,Food,DE,10,0.170283074313196,0.230341144281817,0
1557,121,52.27253445877611,QR,Clothing,FR,15,0.1059967677084174,0.2441799471372846,0
8552,269,76.09829936841255,ATM,Food,DE,10,0.0093981611174818,0.2292608891379861,0
8623,858,167.8023173315721,Online,Food,DE,21,0.168841020474593,0.0781524035057487,0
8613,3,108.47405237103068,Online,Food,US,17,0.1979283222208895,0.0933669079166215,0
9919,708,2237.233227729189,QR,Clothing,DE,23,0.8220005991207767,0.8285246699719427,1
9145,98,66.54286246663334,ATM,Travel,DE,21,0.2360431034639111,0.2762771835301281,0
4645,270,96.07848898576748,Online,Electronics,FR,15,0.2226475889307327,0.1592636789992932,0
3094,200,1.0,POS,Food,US,9,0.1065835523374569,0.1804650349623928,0
8608,686,145.18663921492055,POS,Electronics,TR,16,0.1098438990965432,0.0749290694695793,0
4336,250,87.82585891091338,ATM,Food,DE,16,0.0991570461044176,0.0447555202967631,0
6936,800,126.42564404029746,Online,Food,TR,20,0.0905700590960425,0.2793379671973652,0
5300,335,99.6730728165569,ATM,Travel,UK,13,0.2169438349089921,0.1679881673138693,0
8295,616,35.06783025055584,QR,Clothing,FR,15,0.0153723698859914,0.2058237578756977,0
7820,395,129.52511593976394,QR,Electronics,TR,10,0.1604479726920321,0.1502832089965878,0
1210,442,79.24776997811826,POS,Food,UK,17,0.1095503795218071,0.0233430447049719,0
4994,134,9.166994824044778,Online,Clothing,FR,23,0.1154542115007481,0.1637086861687989,0
8772,48,44.74134594904723,ATM,Grocery,UK,13,0.2803844763133633,0.2072944637342866,0
2330,549,58.65097002081875,ATM,Travel,DE,22,0.1919377895354555,0.0220180391935532,0
4927,912,197.2414320784052,ATM,Travel,TR,22,0.0242468281915182,0.224202967128604,0
2017,165,209.6801307805036,ATM,Travel,UK,20,0.0377211574520229,0.0452367111090357,0
8901,622,88.72980031305593,Online,Electronics,UK,6,0.0847832268851916,0.1498773672543733,0
3979,136,72.99347037460126,POS,Electronics,UK,19,0.2158973861001997,0.2858040241140168,0
4035,614,144.81996702521914,Online,Travel,DE,10,0.1529075839345253,0.0771075747122383,0
3346,885,136.15964880143667,POS,Electronics,FR,21,0.0073529632273026,0.0947911624064836,0
1510,231,93.2967375181812,QR,Clothing,US,18,0.1291653082774917,0.0589333936178405,0
5533,496,81.01420898926558,ATM,Clothing,TR,20,0.0420646759247992,0.1920269182824507,0
805,46,1.0,POS,Travel,DE,22,0.1702719598390927,0.2292450197257288,0
8485,358,171.48676330950352,POS,Travel,TR,11,0.1957895254228842,0.2740003000600631,0
3255,436,114.76185183467628,QR,Food,FR,11,0.1549725484122641,0.0671685139529437,0
4471,277,122.76959720512596,POS,Electronics,UK,16,0.2933632190398346,0.1078261202614171,0
9086,584,145.6517992323131,POS,Electronics,UK,6,0.163386027504249,0.2928909882951557,0
9703,323,10.0,ATM,Grocery,NG,16,0.7483627449757926,0.7297022623002355,1
2221,912,34.26132746402732,Online,Clothing,TR,23,0.1767321739913329,0.1998567009076503,0
8022,21,71.98891861175662,ATM,Electronics,DE,7,0.0416846626829725,0.1940523066366946,0
1846,424,105.02264752260574,POS,Travel,FR,23,0.2598388302404085,0.1160808960064949,0
5728,782,112.58253328398196,POS,Grocery,UK,16,0.2944994111232003,0.1174733081707135,0
3347,942,93.11860588712794,ATM,Clothing,FR,9,0.2789405445760696,0.237516876825899,0
2524,889,83.08716778764617,POS,Travel,TR,7,0.0321829891114212,0.2259922731490323,0
934,957,64.32628409464806,Online,Clothing,DE,8,0.0104317727016489,0.2093240645180352,0
5093,524,41.42928039530055,QR,Food,FR,6,0.0587199362530351,0.0497410670689951,0
7640,223,100.56431115801593,QR,Travel,US,19,0.1881557687630186,0.1397013042129116,0
7153,657,141.6580247012904,POS,Electronics,US,7,0.0936732048114781,0.1548635853547946,0
8356,545,124.02501165678292,QR,Grocery,DE,19,0.2287151137511969,0.112976513442937,0
4414,520,83.07963889715921,QR,Grocery,US,8,0.1206005151421936,0.2165219135973092,0
5170,759,147.09514808805105,QR,Food,US,17,0.0543506155659079,0.0223981198683401,0
6024,113,98.35571503986029,Online,Food,FR,9,0.0775082452451533,0.1791127402216818,0
6954,920,190.58506044907483,Online,Grocery,UK,19,0.2595620834943233,0.202299442378132,0
3533,606,75.73164779445399,POS,Grocery,DE,15,0.0145819641557503,0.1236228648920263,0
9600,93,1045.0785719409091,Online,Clothing,FR,18,0.9567288033805345,0.9130241246508612,1
7282,915,100.04286671229822,Online,Travel,US,21,0.2937541637690164,0.2738485256388671,0
4794,198,50.35387599849653,ATM,Grocery,DE,17,0.0201384885253651,0.2695765519064271,0
4203,559,90.64255976795432,POS,Grocery,TR,23,0.047615393258447,0.1437916199563994,0
7346,935,110.31046041539192,Online,Travel,FR,16,0.0702198847440721,0.0933415429182976,0
5794,240,63.44078795429799,Online,Food,FR,9,0.1051395637235616,0.2017347788772091,0
9680,871,1691.6706799182546,Online,Travel,UK,4,0.998736630233235,0.8492188470806976,1
8467,353,24.61017777054046,QR,Clothing,FR,23,0.2449388180641019,0.066918142379482,0
2218,757,1.0,POS,Travel,UK,16,0.0421023189037694,0.108358797499761,0
1943,630,104.34798510185848,Online,Electronics,DE,20,0.2851266811645125,0.1657684273866073,0
2372,899,49.36459916691842,QR,Electronics,US,21,0.2872396101431917,0.2214437321379424,0
415,156,44.06169185930767,ATM,Electronics,FR,15,0.0980972403776374,0.0536546103257273,0
6022,414,195.579750600218,Online,Clothing,UK,14,0.2907041879011924,0.1052191354761353,0
3700,964,76.70635289133573,ATM,Grocery,DE,17,0.1193545416833089,0.1032304699820964,0
5686,216,98.36857490453215,Online,Travel,TR,18,0.2328541167061038,0.0790860809951799,0
8421,264,120.32701468759902,POS,Travel,FR,22,0.2606213566114883,0.2585585862967787,0
605,169,49.17378189086988,ATM,Clothing,US,16,0.0761210363706036,0.0289994174228478,0
7554,664,205.7300088954169,QR,Clothing,UK,8,0.0122320099467395,0.0056073397697042,0
2358,695,163.1642251184352,ATM,Food,TR,7,0.0703531831218615,0.0583045625454471,0
9172,688,54.0607345561116,Online,Grocery,FR,6,0.1450169749219543,0.2872454595439067,0
7135,699,171.81006974526105,POS,Travel,US,20,0.2869666893048706,0.017789084239177,0
1924,954,88.53121563176225,QR,Grocery,US,22,0.0766559753352264,0.2141852106338495,0
411,615,98.93273489137933,ATM,Travel,FR,23,0.1091509936722664,0.2411025501726871,0
3090,423,111.08853912206928,QR,Food,FR,15,0.0453553926681714,0.0446635672830535,0
8010,554,202.71611027813665,QR,Electronics,TR,21,0.2152387748033738,0.224081573152883,0
7966,288,100.44367294262062,POS,Electronics,UK,10,0.2027174358485473,0.2600126497972858,0
407,44,56.23198194576014,Online,Electronics,FR,11,0.0983773085429587,0.0676389875673105,0
5615,320,79.48719820394565,POS,Travel,FR,14,0.1691446814924124,0.2567928242669472,0
8705,849,61.92142364535361,POS,Food,FR,12,0.2068736692545215,0.257743809593454,0
716,146,1.0,ATM,Travel,UK,20,0.0606002923566734,0.1509295603460852,0
5094,807,98.97866288764943,ATM,Electronics,US,11,0.1149418971747471,0.1806363002032397,0
2605,447,121.99757017015553,ATM,Grocery,DE,19,0.2865914989993003,0.2913795833063263,0
4151,565,150.72931266307336,Online,Grocery,FR,19,0.065613792392227,0.2029430237396534,0
2097,47,137.12221193234782,ATM,Travel,DE,11,0.0829306374923461,0.186938073246739,0
2018,382,15.955245862675454,Online,Grocery,TR,16,0.1714426755500376,0.0331782857353861,0
8720,63,71.80417651928946,POS,Grocery,UK,8,0.2594367811368753,0.2141650196557066,0
8600,916,28.12563522464144,ATM,Travel,TR,18,0.005293163192182,0.1995068576555479,0
3756,972,150.3241664995142,QR,Grocery,FR,11,0.0468772564819183,0.2135554707257069,0
8162,41,132.49715089061968,ATM,Electronics,US,21,0.0607189369910745,0.1721276601898423,0
1859,654,114.71963795681036,QR,Food,TR,16,0.1817690412246329,0.0177601353146041,0
306,437,123.1131232227102,QR,Grocery,US,23,0.1825140598651571,0.0479006788290556,0
7118,834,42.67729919485607,QR,Travel,UK,8,0.2976660025432039,0.2438153561178051,0
4669,656,90.12027156388204,Online,Clothing,US,19,0.1595477600070267,0.2543958333765973,0
4448,458,139.3864828716793,QR,Travel,DE,18,0.2090957944717352,0.0597570004168223,0
9759,952,10.0,Online,Food,TR,20,0.8112196871159906,0.7486637971480967,1
915,727,21.97509210628216,Online,Clothing,US,19,0.1637086265870681,0.1221327974026937,0
947,150,114.38488035058587,ATM,Food,TR,11,0.006404475175163,0.0626915291316264,0
9214,791,207.9317457917536,ATM,Food,FR,18,0.0568867808178585,0.0658525770654647,0
867,312,75.5079028996797,Online,Food,DE,13,0.2362285012806486,0.1554633902632948,0
2708,901,185.7277073880504,Online,Electronics,US,8,0.0995759384847688,0.2708218976078352,0
7055,85,47.18282639503868,QR,Grocery,DE,14,0.0473543574331027,0.2266909327506474,0
7439,443,63.54921387594737,Online,Grocery,UK,21,0.0183443303725034,0.1114307083407815,0
1299,302,109.97536632194442,ATM,Grocery,US,7,0.0409755968001255,0.1174580097550536,0
2512,843,78.55682996513661,ATM,Clothing,FR,18,0.2107953153407503,0.0224326811526613,0
5624,95,145.09967263750687,QR,Food,US,15,0.005896672337455,0.2672998644402112,0
1758,458,63.75479840876034,POS,Travel,US,10,0.1461471852938403,0.2513882773187539,0
2639,326,91.11875206783397,QR,Clothing,US,15,0.044417608542944,0.0911141642613184,0
8729,734,30.90032244126229,Online,Food,UK,17,0.2175960862215098,0.2798328686021444,0
5299,681,74.2533818509398,ATM,Food,UK,14,0.155622341854556,0.1227290353700612,0
4836,253,131.52721043417262,QR,Clothing,FR,17,0.218282218172915,0.2221022613235954,0
6965,764,108.1794557183138,POS,Grocery,DE,20,0.2025082203631745,0.0942087828136164,0
3264,28,105.9595406503796,QR,Clothing,FR,14,0.2206843723668668,0.0143825660280734,0
510,222,73.12115294996279,ATM,Food,FR,16,0.0611631418496732,0.0029941927466283,0
1745,572,76.63069623522692,QR,Clothing,DE,12,0.1693115031621758,0.0374851426421461,0
1319,855,54.13986599341818,QR,Clothing,TR,6,0.1384776813692388,0.2635827574903565,0
1973,275,102.86756349898408,Online,Food,FR,11,0.2096699221485874,0.0829631538451957,0
169,560,48.18175579339522,Online,Grocery,FR,7,0.1728020299459296,0.2268981039878732,0
37,0,178.61531280928887,ATM,Grocery,DE,21,0.2346822635384094,0.1549202025458788,0
8732,563,88.14146844370339,QR,Clothing,TR,13,0.0209120052276929,0.2627348969036283,0
6325,513,1.0,QR,Travel,US,21,0.2153158430573944,0.1692744696617767,0
2521,892,140.54308580166122,Online,Travel,UK,9,0.1656143174619178,0.1298847512422727,0
9395,737,77.42369915391592,ATM,Electronics,DE,20,0.0948381324004051,0.1322057919739257,0
3838,157,86.61194319772041,Online,Electronics,US,6,0.0416267959746681,0.1857032533494282,0
7000,992,74.8914246573711,POS,Grocery,UK,6,0.2457665910046143,0.0450982200104393,0
5809,438,126.7151024865083,POS,Travel,UK,21,0.1980540783937835,0.1324539220306916,0
6083,370,100.409741709837,POS,Food,UK,23,0.0669197740101775,0.1570598592191981,0
4495,491,69.9494939684054,POS,Electronics,US,20,0.2249586163292339,0.2876655689735578,0
3955,633,131.0062025478468,QR,Clothing,DE,14,0.0117393879997706,0.2074204014935035,0
8500,127,50.72060896642219,QR,Grocery,DE,19,0.0927514823404093,0.2813455561867323,0
4082,383,36.11998674158532,QR,Electronics,DE,9,0.1647326538513584,0.2163103884322934,0
6119,677,110.35480901711811,QR,Grocery,US,23,0.0278540463266537,0.0093547317011986,0
6543,718,40.12014311103135,ATM,Electronics,DE,7,0.2205327840169113,0.0522548413043753,0
7041,627,40.61965662371253,POS,Grocery,US,21,0.1524693334559693,0.1458090566465577,0
3335,883,88.57840394668207,Online,Grocery,US,14,0.2085319150846676,0.0398182740388154,0
7065,432,113.87489862169328,POS,Travel,DE,10,0.1439443305805054,0.1999153380780976,0
3597,566,119.08589254200176,Online,Clothing,TR,11,0.0255853988330497,0.1080723768872781,0
8056,140,111.4879495971377,QR,Clothing,US,13,0.0183810487618784,0.2056384289010799,0
5002,555,56.43770940927448,POS,Travel,UK,8,0.0734053931740203,0.0639861000971598,0
7741,869,101.80913647215458,QR,Electronics,TR,9,0.1559969575610637,0.179685728625631,0
8520,667,152.33241804208896,Online,Travel,TR,10,0.0563078342174803,0.1462687928473978,0
3404,546,52.96565575147425,ATM,Clothing,DE,9,0.1361440300523804,0.1065099530109924,0
2089,843,1.0,POS,Clothing,FR,11,0.2663588987789733,0.017314166106688,0
5326,131,38.9576092968737,ATM,Grocery,US,19,0.0289823866065727,0.1321545791158371,0
1437,943,53.35684441032034,Online,Electronics,US,18,0.0410126912950533,0.0046472852362167,0
8187,669,96.061408529155,QR,Travel,DE,9,0.0185826981587593,0.0591652228116556,0
1128,163,75.18612334551504,ATM,Electronics,US,10,0.0278027418681437,0.2406394061426872,0
5965,636,134.93433546766573,QR,Clothing,UK,9,0.091748577483402,0.0124594813925282,0
5671,203,135.6956482829431,POS,Clothing,FR,11,0.0959823818897,0.1198789450863396,0
431,823,47.18879796659835,Online,Grocery,US,6,0.1514109725658677,0.0303078741832163,0
3552,540,35.65097178596194,POS,Electronics,UK,15,0.0937288882419921,0.1822033964018356,0
3456,643,32.81878183576109,Online,Clothing,TR,19,0.0702112505176554,0.0271596921597661,0
4768,188,26.132539557256152,Online,Electronics,DE,22,0.1648416352487402,0.0397392614823549,0
5890,48,244.7342065236667,Online,Grocery,TR,17,0.2955984830180072,0.0423623579204578,0
1811,993,79.12459632424842,Online,Travel,UK,20,0.0692436281726598,0.0404474206943799,0
911,673,183.0546955948357,ATM,Food,US,16,0.084756527705783,0.0697238375307054,0
6740,501,1.0,ATM,Food,DE,16,0.1521859091917434,0.2512965365044371,0
6888,803,69.16636574608857,ATM,Food,US,18,0.2018789194522901,0.2676603210856308,0
945,451,91.24181321105216,ATM,Travel,FR,6,0.234322477581616,0.1752758328238983,0
9142,709,81.79500449201483,Online,Electronics,FR,10,0.2569593970935967,0.0247044400114013,0
2836,952,159.80523177539584,QR,Electronics,FR,15,0.0339323059596158,0.0508115302174228,0
6260,275,200.43345041195835,Online,Electronics,UK,8,0.0432133237354741,0.1464933423882845,0
9981,645,1609.0862763631108,QR,Clothing,DE,13,0.9399524309497982,0.7891792765745637,1
1514,559,157.4857664613315,QR,Clothing,US,9,0.2893945286013946,0.1780957782252133,0
3358,877,87.09787848889677,Online,Clothing,US,23,0.2806666322511785,0.0035918899759092,0
7401,763,81.7839918575519,QR,Clothing,US,17,0.0147764957689468,0.0865247695347031,0
8845,701,130.25576672694717,POS,Food,UK,11,0.141018221208792,0.2751314779408913,0
2824,977,77.88855370612555,QR,Clothing,TR,9,0.1870000453709205,0.1774322081757588,0
9783,721,518.1897522148042,POS,Grocery,UK,3,0.7670507945605426,0.9223107244650044,1
5309,729,138.30887988106093,QR,Food,FR,20,0.2782229119687212,0.2624731319895587,0
7693,103,171.39311910426477,QR,Electronics,TR,17,0.0702555236473335,0.1263849680069881,0
7893,138,133.93038295350954,ATM,Food,TR,15,0.1994368441160941,0.2964907832842823,0
6398,625,64.96694489683514,Online,Electronics,DE,7,0.1093806387830788,0.1675635621254297,0
1260,865,155.919064105529,Online,Food,FR,17,0.2049883989167734,0.148146911123084,0
2802,354,127.30365859041338,ATM,Electronics,UK,11,0.2963586746418128,0.1812593673966334,0
3360,938,53.0503401885416,QR,Food,TR,17,0.0942654307464507,0.1538656628965737,0
5125,89,131.04208740166692,Online,Food,DE,17,0.0084635335590214,0.0981344406988803,0
4562,620,110.9046403230833,ATM,Electronics,DE,13,0.09858860954248,0.1741420643622654,0
5022,852,46.3882023322347,QR,Electronics,FR,16,0.1571433879648194,0.091679326793805,0
3987,819,140.1078395581406,POS,Grocery,FR,14,0.2998627878942611,0.2301727618199506,0
8757,316,115.72373055603734,POS,Grocery,US,9,0.1838587167449242,0.2773288595424402,0
3821,213,142.89742998121716,ATM,Clothing,FR,16,0.1500187273316525,0.0574234808415874,0
3832,63,49.87271838052389,Online,Electronics,US,12,0.1908410804587146,0.0589071126491875,0
4651,446,6.62180317806218,POS,Clothing,DE,14,0.1626177171612008,0.1059528273897529,0
1752,654,82.02506116772909,POS,Clothing,US,7,0.0216348864347041,0.0520748834242821,0
4393,834,25.122551941991944,Online,Travel,DE,7,0.1107693876493537,0.0659595132139501,0
3477,282,122.41985082648074,Online,Electronics,FR,13,0.2458539319136451,0.1852440354568406,0
1921,518,56.82713814058033,POS,Travel,TR,20,0.0473449881949161,0.0345374936434304,0
6738,436,176.0507470671199,QR,Food,TR,12,0.1229352326722077,0.2575099047924863,0
5288,225,63.18136238219999,QR,Travel,FR,20,0.2592645859893004,0.0930211583002078,0
9806,374,3842.813690321565,ATM,Electronics,UK,13,0.8048819543500013,0.7542479416640465,1
3927,344,96.99604035516556,QR,Clothing,TR,13,0.151102372396675,0.0981885981828534,0
8021,433,34.67336791689,POS,Clothing,US,9,0.2151529191285677,0.2345565316151462,0
1547,831,99.13633809759136,POS,Grocery,DE,11,0.0521440113277011,0.1280385674164055,0
9883,399,2325.748600323254,POS,Grocery,TR,16,0.9172083326476652,0.846644875746643,1
4743,809,46.94947006059888,POS,Clothing,TR,23,0.0672548106066657,0.1462285050823699,0
4005,7,44.94224294377885,POS,Travel,US,17,0.2379888297847928,0.1698188929707615,0
1817,900,133.47190066966135,ATM,Grocery,UK,22,0.0571388164175922,0.2179363279369669,0
9335,47,131.200456605641,QR,Grocery,DE,7,0.242023254912737,0.2374632588004656,0
9402,912,128.94045548922782,QR,Grocery,US,7,0.07314283076049,0.1496535239908563,0
1677,867,144.67960203157304,ATM,Travel,TR,13,0.1063810488166041,0.2768002782682816,0
8088,561,124.9157210226619,POS,Grocery,US,22,0.1618497287572716,0.2568393716512417,0
4973,111,125.54516895432914,QR,Travel,US,21,0.1622099491496819,0.1990874706257374,0
1478,24,91.93823726603652,POS,Clothing,US,8,0.0747903811060506,0.1360487762943466,0
8548,381,1.0,POS,Clothing,TR,11,0.0458420735956434,0.1106856460995945,0
7742,837,138.41242885762716,Online,Grocery,TR,13,0.1111108514160427,0.2122782459273501,0
4410,796,86.98962493205292,ATM,Electronics,US,22,0.2870121538061211,0.1885635930545292,0
464,832,133.26357531450472,Online,Travel,DE,15,0.0574340876624322,0.0921888214610705,0
8904,850,159.68868291317918,ATM,Grocery,TR,21,0.2560598762320996,0.0372099875130772,0
5302,627,2.972420764817514,Online,Electronics,DE,15,0.1369937193090447,0.1934328907304816,0
5448,68,140.2913605212387,QR,Grocery,TR,11,0.1769393853266974,0.0533760495195987,0
6713,298,143.14698556211118,POS,Food,DE,11,0.0936135383741923,0.0214502316084816,0
3329,609,178.37761100524656,POS,Grocery,US,7,0.2121783433396809,0.1610556493203226,0
3007,128,74.33354066612478,QR,Grocery,US,7,0.2882616519894396,0.2857874806948551,0
3718,671,129.25356721920406,POS,Travel,US,10,0.2591805905231403,0.0408370389841837,0
1438,238,90.59485622274742,POS,Clothing,TR,19,0.2510937583682776,0.0889342508369524,0
3819,235,108.38084927646892,Online,Electronics,DE,8,0.1858813907629705,0.1777662154395284,0
2389,578,64.43466600005615,ATM,Grocery,FR,11,0.013936662371861,0.0642351908290485,0
9161,519,28.467374313938063,POS,Grocery,TR,13,0.2344228161311734,0.2017370631160354,0
2234,605,106.32378377441871,POS,Travel,FR,9,0.0164327336813676,0.0553464023550425,0
5864,945,133.06181740574294,POS,Electronics,TR,14,0.1969839120180567,0.2799111355627841,0
3302,809,57.72839080975124,QR,Grocery,US,18,0.1217346559405614,0.1739388302218043,0
9833,826,10.0,QR,Travel,DE,1,0.9758318869121884,0.9946800664161276,1
2382,471,101.97302902320524,QR,Electronics,DE,15,0.1283316286189292,0.184689496246925,0
8418,889,127.20074691532064,ATM,Travel,US,20,0.1578706959447181,0.1774551109189906,0
4804,764,93.68170009719309,QR,Food,UK,11,0.2578469278551498,0.1267212814602624,0
4638,441,3.0804469368892318,Online,Clothing,TR,16,0.258080430888976,0.075704611743212,0
5769,151,142.312425428625,ATM,Clothing,UK,17,0.0735495534644122,0.19938460142706,0
8076,322,131.7040468376488,Online,Electronics,DE,21,0.2647937176958855,0.2231091811701359,0
3624,889,137.64241656001354,QR,Electronics,DE,18,0.2138191518182564,0.2554972363502117,0
2187,336,133.4106627218069,POS,Food,UK,19,0.0831321636519302,0.2860201892035907,0
7007,942,13.251215152706235,POS,Grocery,FR,23,0.2685862738735799,0.1413721390936694,0
7070,598,85.90177557853968,QR,Travel,US,6,0.2324161504811002,0.2983635224069322,0
8963,765,133.7366777654387,ATM,Electronics,TR,18,0.0069958395315133,0.2510014737359318,0
2756,758,56.62770016597021,QR,Grocery,DE,13,0.0816337936906854,0.270588765758575,0
8573,825,57.455684998610494,ATM,Food,DE,13,0.2882177985952479,0.209101421928596,0
9174,338,100.66605097616323,Online,Grocery,TR,20,0.2211608250871026,0.0383345262020027,0
1330,176,85.09347103670781,QR,Food,DE,21,0.1817290570143175,0.2888777077139763,0
1619,469,11.670064029302536,POS,Travel,UK,15,0.0102738150373022,0.1449002648173685,0
6665,837,21.04091619144621,Online,Clothing,US,18,0.0718813631573966,0.2422214117675231,0
8871,280,157.26621328494474,Online,Grocery,DE,20,0.220536529979925,0.1794561372925626,0
5103,953,137.8023887990405,QR,Grocery,FR,11,0.2426143052180404,0.0499958705029269,0
593,420,167.86623309632213,ATM,Clothing,UK,11,0.1883628884843296,0.0430318572244214,0
6255,1,44.337165298950346,QR,Travel,UK,14,0.2018538379743023,0.1553928784801383,0
6744,805,55.91630708209082,Online,Electronics,US,16,0.0583244262843272,0.1088912390933568,0
5210,820,70.4088561647357,Online,Electronics,DE,7,0.1266695097266887,0.2520266284680637,0
7075,938,136.31361129385746,POS,Clothing,FR,14,0.0513501364538954,0.0673113554259193,0
1056,791,142.5093276924188,Online,Grocery,UK,8,0.2342491382060739,0.2842150095008067,0
1654,317,58.94201459023318,Online,Food,US,16,0.0753312611907195,0.1348859731951081,0
7676,220,117.27119095202356,ATM,Electronics,FR,18,0.0503687507362694,0.2370317811285537,0
9158,676,80.66477293622782,Online,Food,TR,8,0.0619300887650088,0.2174674989229837,0
8493,476,133.64899802348464,POS,Grocery,US,15,0.2378236086163196,0.2108532073806948,0
9758,97,22.168429062989272,Online,Electronics,NG,16,0.9755078994782242,0.7870487412192068,1
8656,777,79.09836526574307,QR,Grocery,US,11,0.1095182348653367,0.0174937435934884,0
2862,999,83.57796313355931,Online,Electronics,DE,10,0.0249428702454807,0.2846670564888217,0
1567,560,85.65972953332304,QR,Food,US,23,0.0241634449480736,0.1971528478827618,0
8025,664,115.56761915070254,Online,Food,TR,22,0.1522050284233569,0.2642080972766908,0
2668,193,61.09092608122501,POS,Travel,DE,8,0.274128410298146,0.0621133798506692,0
6504,697,33.41978406940024,QR,Food,UK,6,0.0009293511067139,0.1866570366254479,0
9015,811,82.43052660426042,Online,Clothing,UK,13,0.0956988793206578,0.1675629461890686,0
3745,849,98.03093510524258,POS,Food,UK,18,0.0113650823325972,0.1664179663690023,0
4557,26,105.69487859992395,QR,Travel,UK,7,0.0369054831706229,0.1811499069338407,0
3339,219,153.25915900618202,POS,Travel,DE,9,0.1634956792987817,0.1087964551943786,0
6210,535,135.905039443701,Online,Clothing,UK,14,0.1062865041655336,0.1620957345576367,0
4580,153,70.52464138476928,ATM,Food,DE,7,0.1065288978385099,0.2586347854641233,0
3519,441,71.16050182683739,POS,Grocery,FR,21,0.2007845187919548,0.0958906298183057,0
6505,816,62.48556654129807,ATM,Clothing,DE,15,0.0529197530023562,0.1680691898484922,0
752,876,152.12707960462546,QR,Food,US,6,0.1669684020735772,0.0166392524392446,0
6087,247,102.8343738649219,ATM,Grocery,TR,23,0.297901905184679,0.0889909895996118,0
1540,745,189.16354051979187,QR,Travel,UK,10,0.1002568166235987,0.2869493427727688,0
7543,275,74.74452922942453,POS,Food,TR,13,0.0646071447875496,0.1950859323214471,0
9885,551,10.0,POS,Grocery,NG,13,0.7856473946272157,0.9179622075060598,1
9149,693,109.00810732832416,POS,Electronics,DE,8,0.0382994462237971,0.0086146250732106,0
1100,451,80.0358928457249,QR,Clothing,FR,18,0.0307793118604121,0.0043864249837177,0
6828,12,199.08007013256756,POS,Food,UK,12,0.2302842774457549,0.184908632940252,0
1771,414,67.6076975796953,Online,Food,DE,16,0.1925827325895084,0.0412359427816337,0
9889,767,10.0,Online,Grocery,US,16,0.7727458303250139,0.9624934763039616,1
8153,946,149.68448381503188,ATM,Grocery,FR,13,0.2207922131979079,0.2041903445921973,0
9155,502,113.87266288279602,ATM,Clothing,TR,9,0.2606947241195037,0.1769932470933874,0
5732,356,122.97538833193308,POS,Grocery,FR,11,0.0730545083794989,0.0326660489578051,0
9014,167,1.0,QR,Travel,TR,21,0.277757212984689,0.0660362589014777,0
9871,21,1758.6895471283967,ATM,Food,UK,19,0.8707157626665372,0.747911649945594,1
1715,216,189.2441199516176,POS,Clothing,FR,23,0.1337397055228633,0.0203677780332667,0
2624,336,202.0595251597043,ATM,Clothing,US,8,0.1890351862623257,0.1124786588637115,0
8703,331,60.41378630554522,POS,Clothing,DE,16,0.033949737463038,0.0755734894261341,0
1584,367,142.29255922345018,POS,Travel,DE,23,0.2001467836324509,0.0152533606632085,0
6687,574,1.0,QR,Clothing,FR,16,0.1466437787436632,0.255631308788329,0
7331,338,157.33361340642415,Online,Food,TR,17,0.2431433835507064,0.0476237120025931,0
4966,650,66.51223501050265,POS,Food,US,15,0.2326833767001518,0.2672490263146277,0
5115,56,162.38561459299095,Online,Electronics,US,19,0.0201771018933499,0.0048372536208991,0
1644,335,88.52651043401441,ATM,Clothing,DE,10,0.094960716263758,0.2458546224198716,0
1369,623,199.4410026891897,Online,Electronics,UK,22,0.1158110310892185,0.0343071718273694,0
3309,76,128.3623424428761,ATM,Electronics,FR,7,0.0418742569601752,0.0762149037554837,0
3370,600,126.87162956940148,POS,Food,FR,15,0.0016737191415488,0.2969065498933441,0
140,881,135.1532573370551,ATM,Electronics,TR,9,0.2850826870380774,0.1641179942757822,0
1243,852,180.11056943658377,POS,Clothing,TR,10,0.2721182783548463,0.1763984454196291,0
6976,802,145.3069459045689,POS,Clothing,DE,22,0.1660322204294954,0.1494788605264635,0
6512,353,82.51145822093214,Online,Grocery,TR,19,0.1946095097206574,0.268650573354437,0
414,488,139.58271030467628,QR,Travel,UK,8,0.1958698177404886,0.1016209822064287,0
8031,727,122.67800151322945,Online,Clothing,TR,6,0.0969221674108513,0.1990649608031657,0
7454,275,94.88671275080048,QR,Electronics,TR,14,0.2634147993161229,0.0621735719252478,0
1089,480,66.3407381768456,POS,Food,DE,10,0.2388244285682381,0.1741345061195699,0
1585,428,82.89267184382697,POS,Grocery,US,8,0.1905366235507372,0.026150311960722,0
573,361,73.75935831588552,ATM,Clothing,DE,8,0.1229601638355769,0.2627324280478735,0
2400,210,92.2979984986514,ATM,Grocery,UK,17,0.1916173576346291,0.1186519036032525,0
1304,68,96.7449730622348,ATM,Electronics,DE,6,0.0240834527042966,0.2684658641292595,0
219,217,48.813457312641496,Online,Grocery,DE,12,0.1602218063758979,0.1468122030901862,0
2019,855,75.00802012991679,QR,Travel,US,10,0.131277675992137,0.1884062367203018,0
2585,414,109.10530160286636,Online,Clothing,US,10,0.0516674764353391,0.2535398303464822,0
6579,964,8.494675564120456,QR,Electronics,US,7,0.0518148502041913,0.1937907350504211,0
8405,541,110.17623776074356,POS,Electronics,DE,7,0.1745389033648157,0.19974747117257,0
9761,664,1638.9288301705478,ATM,Clothing,NG,9,0.7834776122154645,0.7370050475348571,1
3695,419,118.569092080172,POS,Grocery,UK,17,0.0756779920302179,0.1094017262160504,0
516,519,86.00377288389964,POS,Electronics,TR,7,0.2619453382116905,0.165885421147155,0
2287,862,56.57017846821459,QR,Travel,TR,14,0.1860579409654089,0.0532412416996364,0
3610,953,125.96301771788558,QR,Grocery,TR,22,0.1777681984957718,0.264328205821998,0
7535,283,111.73189979706672,ATM,Travel,FR,13,0.2105481196865585,0.2216440846590644,0
2447,764,72.46574367420803,ATM,Clothing,US,21,0.2131667438704492,0.0382408118149993,0
9342,68,157.23330786378358,POS,Grocery,DE,15,0.0640954796772047,0.0450551243483576,0
1907,7,106.68945314325526,QR,Clothing,US,23,0.0097066463183188,0.0542526198010426,0
3558,769,98.57096241944636,POS,Clothing,US,12,0.1788291199219745,0.2914443743161346,0
8807,399,136.97009075116023,Online,Food,UK,21,0.2678971292525244,0.159062770700477,0
428,392,38.72557603905867,QR,Travel,UK,19,0.2435663814901213,0.0072892741026387,0
8756,627,58.1143062563971,POS,Grocery,DE,6,0.2450863191810926,0.0696644840744105,0
6460,470,107.35042932767776,QR,Food,UK,12,0.1681020236526764,0.165513119968439,0
3674,996,7.781916888965682,ATM,Grocery,US,19,0.2083537319176559,0.0342310492998835,0
4479,802,137.02737679118408,Online,Food,UK,13,0.0776949330129513,0.299239863798682,0
9327,987,121.90682860707288,Online,Clothing,UK,23,0.2460735368293163,0.1646651699776038,0
2122,71,165.73942457595086,ATM,Grocery,FR,8,0.0564456092042078,0.1219817257638491,0
936,658,24.385100415800224,ATM,Electronics,FR,16,0.2071938360084429,0.0696280567475162,0
9131,122,80.68108797814011,ATM,Travel,US,11,0.0445019225808131,0.2574153293241463,0
2044,445,163.6832527065219,ATM,Food,US,19,0.0962878404046948,0.1663870774340043,0
45,127,148.02889518544922,ATM,Food,FR,7,0.2605559484406452,0.2134405499138892,0
2030,95,139.20280191251783,Online,Electronics,UK,13,0.123104095855551,0.2030580357421327,0
9519,95,984.6692609806308,ATM,Electronics,US,7,0.9615647479496178,0.7228884936099612,1
8273,832,60.245359268082375,Online,Travel,TR,16,0.298398418013216,0.253165401205591,0
3531,100,158.15967594806887,POS,Electronics,FR,19,0.1257631895178178,0.0116690616756125,0
7337,465,162.6444497706829,QR,Clothing,TR,13,0.2784186596209175,0.1540217571424752,0
9125,355,105.91879426661934,Online,Electronics,DE,14,0.174305077528326,0.0523489093325425,0
5105,250,140.6685511314712,Online,Clothing,DE,7,0.2428793221528307,0.0328011315432005,0
4745,272,109.9848098312699,POS,Clothing,DE,16,0.2665289835332119,0.2280929068034695,0
8377,495,82.57011417325855,QR,Grocery,DE,20,0.0511422312342747,0.1481446957129197,0
6265,27,114.93483311606332,ATM,Travel,FR,10,0.1215741986899274,0.1375125264882072,0
2560,701,139.05394906076367,ATM,Electronics,DE,14,0.0377349990464478,0.0599404738948846,0
2415,281,96.92089063836046,POS,Clothing,UK,14,0.2210992464153204,0.2340770618127171,0
5840,729,34.48980792306348,QR,Food,DE,10,0.0462212139942174,0.1386442675463034,0
7911,996,200.5310316604095,POS,Clothing,UK,9,0.2387533501013635,0.036789708241165,0
9521,369,2920.3608661927,ATM,Grocery,TR,15,0.9073790991287198,0.852179866755458,1
1893,804,145.12664800376626,QR,Grocery,FR,14,0.137196767869502,0.0298851638321193,0
9744,976,1645.0319663023693,Online,Grocery,NG,2,0.7974525971377089,0.8990130206159345,1
7892,91,116.5860973311644,QR,Electronics,UK,23,0.1578863208009442,0.2303598223483037,0
5731,689,101.81536708707796,Online,Food,UK,18,0.1970816127022074,0.2237644334630176,0
4999,293,98.85170498427748,QR,Electronics,DE,20,0.0730317572927047,0.1389638020783369,0
4453,424,130.63573655982833,QR,Clothing,TR,8,0.2212160369600355,0.2276129084067907,0
5356,460,96.72730107889144,POS,Travel,UK,6,0.1299573733344425,0.0871308642440202,0
9039,233,99.70317867655974,POS,Grocery,TR,22,0.1451499095830739,0.1357151421479819,0
3945,747,118.57005429661176,ATM,Grocery,TR,21,0.2737765382937631,0.1529154176665771,0
5964,181,82.05619575659334,Online,Food,FR,19,0.2845005596001057,0.2582278432332102,0
481,4,95.18266842528536,ATM,Travel,TR,13,0.0754532560893369,0.2228391643786738,0
6422,519,119.46284607133636,QR,Food,DE,19,0.192395476325914,0.271510874476532,0
5860,415,103.27424297286058,POS,Food,TR,21,0.1872598202845178,0.1796219922731809,0
6581,281,84.22299685518207,Online,Electronics,UK,19,0.0403495732776909,0.1929487139027453,0
4299,441,41.82105500004917,QR,Grocery,UK,10,0.1116578909525037,0.0419121145369369,0
8043,953,102.38497354368144,Online,Grocery,UK,8,0.2284159546992048,0.0283312952841765,0
7728,44,34.650727043203645,POS,Clothing,US,14,0.1387415998136318,0.1020870809493136,0
263,767,164.0166151935864,QR,Electronics,TR,20,0.1387615338779865,0.2390311222792772,0
2511,107,101.21272769434955,ATM,Food,UK,12,0.0819857013136158,0.2400489626212122,0
8524,972,75.39212126039816,POS,Grocery,UK,17,0.0776924660861107,0.1932931101582071,0
882,574,44.0969786009086,QR,Grocery,FR,23,0.273501851534579,0.2138687466830394,0
652,115,85.78549447233308,QR,Grocery,FR,7,0.1409882263779784,0.1466801676316186,0
1110,946,119.6115337777283,POS,Grocery,DE,19,0.1740865453304842,0.1125456237591713,0
707,83,103.40614250703258,QR,Grocery,FR,14,0.1262128486008734,0.0325988558308933,0
879,244,70.61170475144202,ATM,Travel,UK,22,0.0500508217179099,0.2483219803014939,0
2903,786,15.814718731700822,POS,Electronics,DE,17,0.1422235922031477,0.0391177327356322,0
1707,590,39.03568070869687,ATM,Food,TR,23,0.2246603654511658,0.1151519745884876,0
7466,905,110.1757801859274,ATM,Food,DE,17,0.2520123505955667,0.0480756133252684,0
61,413,49.2185872640877,Online,Travel,UK,22,0.0626415419165394,0.0632028331578614,0
9122,375,179.65605282550166,ATM,Food,TR,18,0.1451404065520107,0.1342512780505705,0
9265,768,167.3046776221637,QR,Food,US,21,0.1363589331854313,0.1270242310211058,0
9383,416,114.74217815763387,ATM,Electronics,UK,9,0.1333924604832873,0.2626017286898129,0
243,605,239.30249689066625,Online,Travel,DE,11,0.1090646487100758,0.2935797240292712,0
2761,392,90.96116225982564,ATM,Grocery,TR,20,0.0686415989766624,0.1913555665492239,0
374,133,10.200425929514196,ATM,Travel,DE,20,0.0323599297088763,0.0362668130712676,0
1343,38,65.2911632057324,QR,Travel,US,13,0.1569191815704996,0.2219423872207951,0
2561,686,101.02812352149137,POS,Food,FR,15,0.1967643615403623,0.1306735040976433,0
4021,375,106.78427267284586,QR,Travel,FR,19,0.2408313578915316,0.0620611671052801,0
5669,408,112.1471956175408,ATM,Grocery,UK,20,0.0341222449027559,0.0161132063215407,0
7232,647,151.22522122238587,POS,Electronics,UK,13,0.09093988371332,0.2106230442301534,0
1556,842,166.22413129205353,QR,Clothing,FR,17,0.0790136839360534,0.1479035036217897,0
6469,46,72.79703909905845,Online,Food,DE,8,0.0517712606876599,0.0176509120042117,0
4737,337,122.9007775744928,ATM,Food,UK,8,0.2505693304733076,0.1406467046091402,0
3243,970,103.429917711443,POS,Travel,UK,8,0.2794817471462865,0.2028909003738972,0
7904,798,76.06187404575827,QR,Travel,UK,19,0.0447731817592803,0.1779935561652924,0
2475,662,60.86214955603115,Online,Travel,FR,14,0.026262815652407,0.2589977086592849,0
5551,282,109.01313969507558,ATM,Clothing,DE,21,0.2238742857142914,0.0645934544145443,0
7222,115,97.04800842046566,QR,Grocery,TR,9,0.0228115821647685,0.1381727516778982,0
3327,522,79.12269668727062,POS,Travel,DE,17,0.2207948064608184,0.1325735326270078,0
1831,287,164.95882904348178,Online,Clothing,UK,21,0.158204095979781,0.2204573027087862,0
286,99,131.22911546586218,Online,Grocery,US,19,0.1634981117443019,0.2559348784109727,0
165,638,111.65897618974292,ATM,Grocery,US,8,0.0050905419650624,0.1270527812512366,0
8669,544,99.91154885703791,ATM,Clothing,US,9,0.1733049645551617,0.1807075100248154,0
5402,61,73.7840943015296,Online,Clothing,FR,18,0.2068715175489534,0.207623766094645,0
4668,608,95.8460779518058,POS,Travel,TR,21,0.015507722233014,0.1373468972028577,0
7986,155,58.38250427059561,ATM,Travel,DE,8,0.1706826121754456,0.2027686931449199,0
8490,752,186.90733791630697,POS,Clothing,US,8,0.0367258997117269,0.2071210141790947,0
4941,84,110.04554686642076,ATM,Travel,US,12,0.2134288560410338,0.232360403843881,0
7857,509,202.7610484258173,ATM,Clothing,TR,8,0.1468676071721354,0.0983536442467789,0
9740,257,2727.2132999341006,POS,Clothing,FR,13,0.8039671427248164,0.7531474786866265,1
7551,879,209.6101220042168,QR,Clothing,FR,16,0.2095116145892148,0.1792691902956455,0
7277,834,143.96732735135467,POS,Travel,US,17,0.2861031754616234,0.1826831020815023,0
1050,97,60.62160651369521,POS,Grocery,DE,13,0.1566692806257257,0.2081737024427592,0
4117,6,163.61351888832746,ATM,Food,TR,23,0.0671706272186652,0.092821447194929,0
2344,569,101.93511473787817,QR,Electronics,TR,10,0.299529751487618,0.165355861115955,0
9939,291,2865.421641083602,ATM,Food,TR,13,0.8348428961233149,0.904303826209608,1
3968,599,100.17524158343096,ATM,Travel,DE,22,0.0334082276912578,0.2737758812257341,0
9071,224,26.86830235504877,Online,Electronics,TR,17,0.1943774225177098,0.1088031431485155,0
3366,599,75.11281872885826,POS,Electronics,TR,11,0.1156280508429449,0.1001754916533363,0
8911,726,75.67304827218429,POS,Food,TR,12,0.2558509500303439,0.0948337070491343,0
2662,387,156.9359033928049,Online,Travel,US,9,0.2613153276592313,0.1835861034055014,0
5998,411,49.76368861772725,ATM,Travel,US,10,0.0888758616757833,0.0811069649189344,0
5636,678,83.99610383639357,Online,Clothing,DE,17,0.2985733686224982,0.107918285671257,0
167,872,160.61840589509518,POS,Food,TR,21,0.054306331985749,0.1949756899430767,0
7701,966,132.3902485975412,Online,Food,US,23,0.1275402471365268,0.2746339242968201,0
1309,282,88.80984744745184,Online,Food,TR,8,0.2491740292051616,0.0563591127744361,0
6234,396,106.8566700659608,POS,Food,FR,16,0.2311305058223427,0.1245435467261397,0
9251,666,112.7691682692666,ATM,Electronics,TR,23,0.2509750237171895,0.0517959513766703,0
9177,886,1.0,Online,Food,UK,15,0.0181332305013558,0.1643493071523986,0
2166,344,122.95900836674316,QR,Food,TR,17,0.2170473518410312,0.0183652424607046,0
4411,916,56.47348718859963,ATM,Travel,US,6,0.2398301803743626,0.0156238882385967,0
6221,911,122.170284377111,QR,Grocery,UK,10,0.2267010208803387,0.1224285771094507,0
161,289,107.00072434378076,ATM,Grocery,US,16,0.1123363034629357,0.2867453588345902,0
5301,587,61.295425919011365,Online,Travel,DE,9,0.1188100893958563,0.1063670460036751,0
203,611,182.94701517157824,Online,Food,DE,9,0.0359488647955005,0.2491934603719506,0
2567,165,122.5498685216307,QR,Travel,FR,20,0.2196708187275305,0.1236779652189264,0
8339,849,122.67142446111748,Online,Electronics,FR,6,0.1043097308982316,0.2762257387703814,0
8221,238,107.67973033677556,ATM,Electronics,US,10,0.0433495043482984,0.1411829993938938,0
6566,608,158.44427092835303,POS,Food,US,16,0.0587863861736872,0.2508470721904972,0
6535,328,86.73701084401145,QR,Clothing,TR,14,0.0943589680937816,0.2533442460638964,0
7647,225,61.36456699345095,POS,Food,DE,22,0.1519778168609426,0.2764735212079285,0
2081,217,220.30611790016357,Online,Food,TR,14,0.1406707171762498,0.0990380807563944,0
2038,237,129.4751524938624,QR,Clothing,US,17,0.1222883929875463,0.2237707491368179,0
557,619,121.56725499388816,QR,Clothing,DE,9,0.1708809821809181,0.0020790284840055,0
1974,49,153.65104974018112,POS,Electronics,FR,21,0.1520457554701832,0.0203399528842187,0
7900,51,159.2034529221937,ATM,Travel,FR,8,0.0314126404860621,0.1868510010509764,0
4106,583,65.3605506145021,QR,Food,UK,13,0.2887694336801633,0.1166754008388327,0
8638,767,103.8987230909366,QR,Grocery,US,9,0.1897250106645986,0.0070560404439665,0
5532,972,140.9202699924718,POS,Clothing,US,22,0.2232540705572494,0.0420594041465435,0
5682,310,42.10587840417056,ATM,Clothing,UK,9,0.0826545317551541,0.100941891597913,0
5786,813,116.39368031552291,POS,Grocery,FR,7,0.0454581499947922,0.0122843262141414,0
6869,941,73.39290650190901,Online,Travel,FR,8,0.0439875740045569,0.0233605772350531,0
3460,259,62.97870096564368,POS,Food,UK,13,0.0360864307849405,0.1219903037805395,0
6421,804,14.26790297663254,QR,Electronics,DE,23,0.0901543537681251,0.0261195030128696,0
63,357,77.64003034650082,QR,Electronics,FR,9,0.0733960854690573,0.1727266093802478,0
2838,490,135.31853486252996,Online,Clothing,FR,23,0.0855434252992866,0.1933371477783684,0
736,188,170.92012730182913,ATM,Grocery,UK,12,0.1156218447838511,0.064119968328081,0
3021,347,21.979023476154325,ATM,Clothing,FR,7,0.2493274197809589,0.1576340646670651,0
5767,485,205.1880738472897,QR,Electronics,UK,7,0.2197248188055185,0.1845683133997165,0
4304,934,149.18677556978233,Online,Grocery,FR,14,0.1090157638483287,0.0716879567843205,0
9292,798,140.21842649689685,QR,Electronics,DE,13,0.0486895849845363,0.1552625309827492,0
1180,479,105.91555740583348,Online,Food,US,22,0.2573093700340511,0.1695316212851462,0
3241,565,172.73027695344317,POS,Clothing,UK,15,0.2004096170575306,0.0127951648422332,0
904,883,96.22450137165964,Online,Grocery,UK,23,0.1844241495796824,0.117350105921884,0
9004,750,86.14620559720245,POS,Travel,US,10,0.2926445093390531,0.2892414935161188,0
1241,567,74.63922261972274,POS,Grocery,TR,23,0.246315255702995,0.2077131048919959,0
8154,162,129.1013676808634,POS,Electronics,FR,11,0.2965848766641824,0.2328150201883233,0
4126,214,90.49613763917009,QR,Food,TR,13,0.1484936303842848,0.1106495225749887,0
3386,437,72.1989988920932,QR,Grocery,US,13,0.2328686892881768,0.1231817499656124,0
661,768,88.5953384001483,ATM,Grocery,UK,6,0.0910015683809129,0.0143264238734197,0
1236,864,181.0823797975661,Online,Travel,TR,6,0.2749680118876259,0.1979956858900778,0
2656,807,149.90582443580604,QR,Food,FR,17,0.2428709944202617,0.0698546818929118,0
8849,228,140.74126898940557,QR,Food,DE,15,0.1513081669596054,0.2053946529182972,0
6242,214,51.130837488268185,QR,Travel,FR,10,0.1272893032424609,0.025315917439792,0
3693,845,158.95153762959737,ATM,Grocery,US,10,0.0886812359026813,0.0771990238552955,0
8385,650,1.0,ATM,Electronics,FR,10,0.146743936436763,0.0932325372731893,0
7933,678,1.0,Online,Clothing,US,23,0.1729431708093142,0.0270800279889265,0
4933,768,108.34326237208276,QR,Electronics,FR,10,0.1975212191069748,0.2727745410813272,0
1542,322,130.95482390257754,ATM,Food,UK,14,0.1075735734523944,0.2194362491537676,0
9977,112,1665.529692410876,POS,Travel,US,8,0.7994725916150296,0.9823158509534256,1
5796,848,101.15412778512024,QR,Clothing,US,17,0.2653397243696557,0.1535518336932891,0
5353,79,80.24890677808158,POS,Grocery,UK,12,0.2724771112161366,0.1535736292032243,0
6827,772,167.99976352812234,ATM,Food,FR,9,0.1163067072784019,0.1639187805352738,0
3165,660,86.42208481030826,ATM,Travel,US,15,0.1795108731098427,0.0408579958610759,0
452,300,219.59599660597587,ATM,Grocery,DE,20,0.0541758541442446,0.2944432601993596,0
5401,205,120.2387928886767,POS,Electronics,UK,18,0.0296914520349689,0.0423412764709246,0
9277,622,123.31988746238062,QR,Travel,FR,11,0.2523935621684912,0.126794655193663,0
3315,751,168.55705236710452,POS,Travel,UK,15,0.0450717830646747,0.1849447922879802,0
8637,815,141.85255021177613,POS,Clothing,UK,12,0.0065420760982821,0.1765300783357029,0
8269,546,17.10335031395205,QR,Travel,UK,12,0.1082462792526993,0.252013571963689,0
1895,741,144.3691182070567,Online,Clothing,DE,19,0.0367378318176513,0.2485122657272611,0
382,953,104.41178769429744,POS,Clothing,TR,11,0.1532207268242988,0.0251140052974333,0
4152,183,139.08620941571567,ATM,Food,UK,18,0.245746922692187,0.1114123282211442,0
400,330,123.33776024192896,POS,Grocery,UK,19,0.1896385003231513,0.2930889583004976,0
8538,679,55.36360144813594,Online,Food,US,10,0.0743042636671988,0.1287602546987983,0
8144,437,123.00113493971584,Online,Food,UK,12,0.0188250340016055,0.1147987768089301,0
198,136,139.5360509270203,POS,Food,DE,19,0.2285190824175914,0.2608575434201717,0
6292,675,127.34978624388178,POS,Clothing,UK,13,0.0434433876344229,0.1501027257313453,0
5999,614,116.46250310796668,Online,Electronics,FR,21,0.003786935411352,0.2255896477724699,0
8430,277,154.88314057983004,QR,Food,US,22,0.0617668202428499,0.2057943521604991,0
9368,843,175.6595842160105,QR,Grocery,FR,23,0.1548092040200309,0.2456795414048025,0
8722,941,76.57101452248418,ATM,Clothing,DE,17,0.2937814739751017,0.1167599889659802,0
5720,497,116.64098994715977,ATM,Grocery,FR,8,0.0113004779711161,0.1435979074192474,0
7317,538,138.62709095256596,POS,Clothing,FR,6,0.0884251999950944,0.1991951310033507,0
3023,320,192.6348547426441,POS,Grocery,FR,15,0.0975697035460519,0.124040093215351,0
1325,566,115.88231845053176,POS,Travel,US,17,0.0163116220226663,0.2907317069607628,0
3075,236,119.89624233576666,Online,Electronics,UK,6,0.0919857342879468,0.0545833308382249,0
7468,688,138.64170246332006,POS,Electronics,TR,17,0.1080456294773054,0.2096710067601381,0
927,282,136.97726035979696,Online,Food,FR,20,0.2422334595781883,0.0731231608782802,0
6603,960,76.98928704614752,ATM,Clothing,UK,23,0.0936528214021824,0.206608789347323,0
7724,866,86.34754587424213,ATM,Food,DE,16,0.2248532556074136,0.2209808645448064,0
6918,400,43.78616482379199,QR,Food,DE,21,0.2163508986757623,0.1968953280738078,0
2169,286,109.2745500159245,ATM,Grocery,US,10,0.2752929424231066,0.2110572599714504,0
2413,692,66.30261691182962,POS,Food,US,15,0.2402941701106554,0.1033435266869483,0
234,100,143.09823780432433,QR,Grocery,UK,17,0.2101225299718541,0.0639976014884184,0
9818,215,10.0,QR,Travel,DE,4,0.9035449815361544,0.8505457205847694,1
5386,83,118.85134165151638,QR,Grocery,FR,19,0.2117811026527664,0.0493898951229964,0
5194,236,120.93572794378971,ATM,Grocery,FR,8,0.2256851264767039,0.2162916752944756,0
9687,366,3471.483867462464,Online,Electronics,FR,4,0.9523573817891174,0.7231294754993207,1
6578,884,78.30967064560909,QR,Electronics,FR,15,0.0393173934521668,0.2677659164002623,0
5219,731,160.5408629595999,POS,Food,FR,6,0.1660131188512072,0.0084504125671857,0
4142,898,150.07014551150326,POS,Electronics,TR,17,0.217907960937817,0.0821260366476669,0
2473,725,130.9949236883116,QR,Grocery,TR,21,0.1963099357818125,0.1471407343253994,0
3189,609,102.28613978427228,QR,Electronics,US,16,0.0118669849156521,0.008918921487233,0
5060,288,9.845661912743878,POS,Clothing,FR,19,0.2806537315338669,0.2963532857109356,0
2630,927,138.93136823210787,POS,Electronics,UK,18,0.2494031598557939,0.1867631646186859,0
2499,196,109.42431903802104,QR,Food,DE,9,0.0086082781485312,0.183227302936061,0
951,882,95.74778304809882,POS,Travel,FR,17,0.1845788528663899,0.1565917096054084,0
8367,64,132.2956007709601,QR,Travel,US,9,0.0205988027215943,0.0779353853401213,0
3101,38,128.5852946518158,ATM,Electronics,TR,6,0.2699669349658484,0.1800333161841293,0
3403,333,99.4410442261059,Online,Travel,UK,17,0.166045903340978,0.0957871006657921,0
2721,423,63.29449743806293,ATM,Electronics,US,21,0.15787220944794,0.2302978678854767,0
4707,13,42.282205247593296,QR,Clothing,US,7,0.0407760130933805,0.1034460446464297,0
490,421,143.05922688818904,QR,Travel,DE,13,0.2434322256004739,0.2558275500752656,0
1399,233,124.7312319787143,ATM,Grocery,US,23,0.2058285599394272,0.1944451490484375,0
4475,914,103.70928057610828,QR,Travel,DE,19,0.1895726591532488,0.026791252849681,0
7026,272,87.36986561894204,QR,Clothing,FR,13,0.2513111676105344,0.0761259009754028,0
8300,8,129.61703849106954,POS,Travel,US,9,0.0650842093296489,0.2947059410652194,0
1111,559,17.435928818813352,POS,Grocery,DE,14,0.2589731326802644,0.1903205031990368,0
9306,225,145.61932868211375,POS,Grocery,DE,21,0.1251402075907728,0.0212701038417613,0
2615,383,91.4006752295911,QR,Electronics,TR,20,0.0019839818323804,0.1336963606406927,0
1821,561,54.71053106991064,ATM,Food,UK,11,0.1544428698137803,0.1075715967964277,0
465,48,48.9468500896572,Online,Electronics,UK,9,0.0101927460953853,0.0514906021963293,0
5377,823,97.35108625352352,ATM,Grocery,TR,20,0.0375882951994087,0.1420892040420932,0
6663,631,150.91191055493184,Online,Electronics,UK,21,0.266819026876311,0.0723005351846402,0
1793,67,111.43020727892105,ATM,Food,US,9,0.2126560761771668,0.1778388747805049,0
3563,949,106.06596161282788,POS,Food,FR,6,0.2301122332668821,0.281815143363879,0
3767,749,72.46373588638929,POS,Travel,UK,9,0.2604259779240162,0.0003272277345202,0
8236,213,191.79562001004143,ATM,Clothing,UK,12,0.083907034025927,0.0784239757548469,0
4340,326,132.16750897848755,POS,Travel,FR,16,0.2611217681003079,0.2726120048408998,0
4507,170,106.19789662529482,Online,Food,US,23,0.1123308228080489,0.2117515111284961,0
1983,898,101.87616307965963,POS,Grocery,US,6,0.1952689176519026,0.0009165331828189,0
6470,129,139.1888452827506,QR,Food,UK,10,0.0062291007625446,0.1098282796987914,0
1801,572,15.325045458246365,Online,Electronics,TR,16,0.0860346184729568,0.0270008840417881,0
4890,377,84.64039453098222,QR,Food,UK,9,0.2624480982280753,0.2121174891503944,0
664,876,191.0435905061737,QR,Food,UK,18,0.0979700922437888,0.0534438225265859,0
3394,312,35.30913174660536,POS,Grocery,UK,11,0.2630597769066151,0.2948265951847419,0
2815,502,36.26943543199131,Online,Electronics,US,17,0.0732363192404045,0.1250819110247672,0
3766,537,84.48789709070367,ATM,Travel,US,17,0.2482835516329592,0.2637126482885003,0
136,565,38.16685166574675,POS,Electronics,FR,8,0.114102431057356,0.0900810274723279,0
1770,165,25.523432330985145,QR,Clothing,TR,16,0.0356838220959746,0.2651664559413254,0
8532,296,49.99162242756273,ATM,Travel,TR,11,0.2850068277298972,0.1589807166050275,0
4028,307,74.34078095380681,ATM,Clothing,TR,20,0.2982295695887132,0.0365571402753249,0
6241,177,55.0316360081372,POS,Travel,UK,8,0.1311465798224961,0.0930384467165937,0
3966,273,77.71241210349194,Online,Electronics,US,20,0.2717915557687411,0.221237992060077,0
8770,578,152.6509604969972,Online,Clothing,UK,18,0.2951912698719274,0.1839492863568196,0
2116,857,43.67861555586221,POS,Electronics,UK,13,0.2695470087625667,0.0823935013422061,0
4875,18,29.486773591300164,Online,Food,US,19,0.0522326324332235,0.0059753512845478,0
3245,53,66.39124043749766,Online,Clothing,TR,6,0.0768395852469537,0.2310804359299194,0
2733,834,139.4442103774321,ATM,Travel,UK,12,0.2644984716525669,0.0731066599991443,0
8498,103,65.98286904500631,ATM,Electronics,TR,7,0.0785971562380768,0.1146990825175191,0
7106,438,139.5742963642614,POS,Clothing,UK,13,0.0341399815525143,0.0963072346815196,0
3258,848,29.14617210390888,POS,Clothing,FR,14,0.2404023954221122,0.0181299080192853,0
6175,203,64.16580460319612,Online,Grocery,DE,18,0.2042300175528473,0.2515174521445905,0
4713,403,98.71404639097216,POS,Clothing,UK,6,0.1049254460941267,0.0789481874554363,0
2835,261,38.05924909378587,POS,Travel,UK,16,0.2811936035754527,0.1313145287167183,0
