transaction_id,user_id,amount,hour,device_risk_score,ip_risk_score,transaction_type,merchant_category,country,is_fraud
1,15734,8.58,8,0.7242,0.4048,transfer,travel,NL,0
2,57894,111.15,13,0.3441,0.176,purchase,retail,FR,0
3,98999,116.2,10,0.149,0.112,purchase,grocery,DE,0
4,74554,28.41,21,0.2337,0.2565,purchase,retail,FR,0
5,39642,474.08,9,0.4254,0.1561,purchase,travel,NL,0
6,76742,35.36,18,0.4088,0.4095,purchase,retail,NL,0
7,82110,52.23,20,0.1264,0.3987,purchase,electronics,DE,0
8,68015,16.04,16,0.0987,0.1342,purchase,grocery,GB,0
9,29165,72.18,8,0.1041,0.2662,purchase,grocery,US,0
10,57529,10.54,9,0.0509,0.0318,purchase,electronics,RU,0
11,31761,38.44,22,0.1821,0.0675,purchase,grocery,US,0
12,73269,38.33,5,0.4031,0.2874,purchase,grocery,DE,0
13,11822,35.53,7,0.3522,0.3825,withdrawal,grocery,FR,0
14,86189,53.6,22,0.1307,0.0438,purchase,grocery,DE,0
15,53512,24.48,17,0.0866,0.0718,refund,retail,GB,0
16,90753,211.21,16,0.1441,0.0152,transfer,retail,US,0
17,96135,48.74,7,0.2088,0.1327,withdrawal,grocery,FR,0
18,48610,72.5,18,0.5718,0.7292,purchase,gaming,CN,1
19,90617,349.61,12,0.2327,0.1618,withdrawal,retail,DE,0
20,74077,50.28,18,0.1961,0.2202,transfer,travel,FR,0
21,52592,99.73,10,0.1462,0.2813,purchase,retail,DE,0
22,46354,69.38,8,0.5072,0.7476,transfer,travel,DE,0
23,89955,61.91,0,0.5537,0.331,purchase,retail,DE,0
24,87487,79.49,14,0.5786,0.0385,transfer,grocery,DE,0
25,88170,9.02,9,0.1455,0.0022,purchase,electronics,US,0
26,84771,9.31,19,0.1102,0.0315,purchase,retail,DE,0
27,94739,39.86,9,0.1217,0.1485,withdrawal,electronics,DE,0
28,77783,131.86,0,0.5259,0.8675,withdrawal,crypto,DE,1
29,37025,35.94,7,0.4462,0.1781,purchase,grocery,DE,0
30,54046,32.07,22,0.3207,0.5612,withdrawal,crypto,GB,1
31,11808,128.49,20,0.2082,0.5821,purchase,travel,RU,1
32,58423,69.61,22,0.287,0.052,purchase,electronics,FR,0
33,30367,43.25,22,0.0441,0.0808,withdrawal,electronics,DE,0
34,82075,69.73,15,0.2897,0.2127,refund,retail,DE,0
35,89876,14.75,20,0.4083,0.064,transfer,retail,US,0
36,14328,42.13,7,0.337,0.4353,purchase,crypto,NL,0
37,59920,13.6,11,0.0696,0.2564,purchase,retail,DE,0
38,61086,59.08,8,0.2289,0.0309,purchase,retail,DE,0
39,72649,8.61,12,0.1175,0.0408,purchase,retail,DE,0
40,31599,57.17,17,0.1224,0.3675,purchase,retail,FR,0
41,10900,12.2,18,0.102,0.1553,purchase,travel,DE,0
42,64266,30.69,0,0.0144,0.3709,transfer,retail,DE,0
43,31439,374.99,11,0.1852,0.4893,purchase,crypto,US,0
44,52887,51.59,23,0.1509,0.1742,purchase,grocery,GB,0
45,77699,10.5,13,0.8446,0.5826,purchase,travel,DE,0
46,67414,72.76,9,0.2725,0.0381,transfer,retail,GB,0
47,90935,11.87,11,0.3637,0.3129,purchase,travel,FR,0
48,18465,10.07,10,0.0182,0.2302,purchase,retail,GB,0
49,11033,46.99,11,0.3298,0.7996,purchase,gaming,FR,0
50,93382,68.46,11,0.0825,0.1728,transfer,electronics,GB,0
51,87971,61.84,12,0.4105,0.6274,purchase,retail,NL,0
52,62513,109.18,3,0.3901,0.2012,purchase,crypto,GB,1
53,87611,70.97,12,0.3215,0.2476,refund,grocery,NL,0
54,36494,42.09,12,0.1837,0.2212,purchase,grocery,US,0
55,96105,110.28,1,0.8902,0.6878,purchase,grocery,US,0
56,81712,17.08,4,0.0149,0.1139,purchase,electronics,FR,0
57,45329,29.25,10,0.2914,0.1117,purchase,gaming,NL,0
58,71416,13.83,19,0.1684,0.2007,purchase,grocery,DE,0
59,32356,122.89,17,0.0505,0.102,purchase,travel,NL,0
60,50319,45.86,6,0.1136,0.1153,purchase,retail,DE,0
61,52203,38.47,12,0.0403,0.304,purchase,retail,NL,0
62,35093,575.37,14,0.2697,0.1643,refund,retail,US,0
63,35356,13.55,12,0.1242,0.2272,purchase,retail,FR,0
64,38781,38.23,15,0.2221,0.2442,transfer,electronics,NL,0
65,70291,12.68,23,0.3548,0.1758,transfer,retail,DE,0
66,14595,30.58,6,0.0678,0.2054,purchase,travel,US,0
67,54047,31.66,12,0.0173,0.2502,purchase,retail,FR,0
68,44610,87.2,12,0.0219,0.0903,transfer,electronics,FR,0
69,85813,15.65,10,0.7847,0.7134,purchase,retail,US,1
70,56131,29.01,13,0.1931,0.0509,purchase,travel,DE,0
71,67914,36.14,8,0.3921,0.3565,purchase,grocery,DE,0
72,85775,29.5,14,0.2458,0.2842,purchase,electronics,DE,0
73,88682,12.92,3,0.1012,0.1736,purchase,travel,FR,0
74,68266,24.43,16,0.1421,0.1069,purchase,electronics,DE,0
75,66105,470.85,4,0.6046,0.6199,purchase,electronics,CN,1
76,29583,30.73,15,0.024,0.2932,purchase,travel,NL,0
77,20413,45.27,10,0.0924,0.2231,purchase,retail,DE,0
78,96731,68.38,23,0.4438,0.0993,refund,grocery,NL,0
79,40836,34.83,18,0.1516,0.0256,withdrawal,grocery,FR,0
80,29939,34.32,13,0.2303,0.064,transfer,electronics,DE,0
81,51077,9.85,23,0.5397,0.1998,purchase,retail,FR,0
82,65603,67.27,18,0.071,0.3184,purchase,retail,FR,0
83,26352,23.53,7,0.2419,0.251,refund,retail,DE,0
84,39558,80.24,14,0.1492,0.1749,transfer,grocery,FR,0
85,76739,343.01,22,0.2757,0.67,purchase,electronics,DE,1
86,20981,130.19,13,0.1011,0.1043,purchase,retail,NL,0
87,50708,198.82,15,0.0803,0.1241,purchase,travel,GB,0
88,84104,17.82,21,0.269,0.5833,purchase,retail,US,0
89,35082,41.92,12,0.0161,0.1009,purchase,retail,GB,0
90,63028,57.19,5,0.0321,0.1673,purchase,retail,FR,0
91,85549,32.52,12,0.0548,0.082,refund,grocery,DE,0
92,57227,26.33,17,0.2627,0.2712,purchase,retail,FR,0
93,41411,68.65,10,0.3441,0.8357,withdrawal,retail,RU,0
94,37038,64.91,1,0.3841,0.7718,purchase,retail,CN,0
95,83273,31.68,9,0.3434,0.0982,purchase,electronics,GB,0
96,80100,10.42,15,0.0281,0.2655,purchase,retail,DE,0
97,83853,62.67,6,0.34,0.4961,purchase,retail,DE,0
98,86753,22.15,10,0.1743,0.2687,purchase,retail,RU,0
99,48180,51.02,7,0.1167,0.4201,purchase,retail,US,0
100,85291,48.35,12,0.0232,0.0672,transfer,retail,FR,0
101,17796,8.54,7,0.1532,0.1047,purchase,grocery,FR,0
102,16517,45.55,6,0.0442,0.6154,purchase,electronics,DE,0
103,54440,40.02,6,0.7076,0.5171,withdrawal,electronics,DE,1
104,27891,65.85,15,0.3365,0.3203,purchase,travel,FR,0
105,97985,73.08,7,0.2282,0.2501,purchase,retail,NL,0
106,21148,46.98,7,0.4499,0.0773,purchase,electronics,DE,0
107,34004,7.92,14,0.0599,0.1649,purchase,grocery,FR,0
108,37399,125.9,3,0.0417,0.3698,purchase,grocery,DE,0
109,37005,60.3,2,0.0404,0.2733,transfer,travel,US,0
110,20152,15.29,11,0.6438,0.2574,purchase,grocery,GB,0
111,94182,21.77,10,0.1867,0.2221,refund,grocery,US,0
112,25925,51.76,13,0.2028,0.5545,purchase,retail,DE,0
113,75613,75.78,23,0.1458,0.2379,purchase,travel,DE,0
114,73565,28.08,11,0.3609,0.145,purchase,grocery,US,0
115,29725,85.77,13,0.0698,0.1417,purchase,travel,FR,0
116,70212,9.26,20,0.1655,0.2612,transfer,grocery,NL,0
117,17096,17.53,12,0.2016,0.0683,transfer,electronics,GB,0
118,35438,7.35,17,0.3227,0.2895,purchase,gaming,NL,0
119,92697,19.83,13,0.3042,0.2074,purchase,gaming,GB,0
120,84177,153.22,14,0.4957,0.123,purchase,retail,DE,0
121,47543,244.48,21,0.0714,0.0504,transfer,grocery,DE,0
122,70117,51.9,0,0.1274,0.1309,transfer,grocery,DE,0
123,23655,24.71,20,0.368,0.0329,purchase,retail,FR,0
124,48853,153.28,12,0.1892,0.0339,purchase,electronics,GB,0
125,13118,29.48,7,0.1995,0.0398,withdrawal,retail,CN,1
126,11952,63.58,14,0.2606,0.1378,purchase,travel,GB,0
127,95998,11.26,11,0.2266,0.2605,purchase,grocery,NL,0
128,69034,26.14,9,0.1993,0.2035,purchase,gaming,GB,0
129,22965,143.98,5,0.2196,0.1345,purchase,travel,NL,0
130,80444,17.48,21,0.0178,0.2365,purchase,gaming,DE,0
131,54958,22.5,14,0.3042,0.3902,transfer,travel,GB,0
132,30155,43.0,19,0.4385,0.1805,purchase,retail,NL,0
133,95234,54.09,9,0.1948,0.1148,purchase,retail,NL,0
134,20702,75.81,9,0.2799,0.2417,withdrawal,gaming,GB,0
135,74837,45.4,10,0.0118,0.066,purchase,grocery,DE,0
136,38364,106.34,22,0.2472,0.4356,transfer,travel,GB,1
137,90808,416.33,8,0.4592,0.4012,purchase,grocery,DE,0
138,73203,225.26,12,0.2391,0.0429,purchase,travel,NL,0
139,72475,38.19,21,0.0687,0.0256,purchase,grocery,DE,0
140,96624,41.05,19,0.0525,0.1671,purchase,retail,DE,0
141,25485,1104.05,12,0.6532,0.7082,purchase,grocery,CN,0
142,45301,26.66,10,0.7599,0.7205,purchase,travel,CN,0
143,47958,13.79,14,0.0985,0.2105,purchase,travel,FR,0
144,84700,52.6,14,0.161,0.2257,purchase,gaming,DE,0
145,67855,106.14,15,0.2476,0.0883,purchase,electronics,GB,0
146,78488,57.79,13,0.1795,0.1144,refund,electronics,GB,0
147,46227,39.16,1,0.1294,0.067,purchase,electronics,DE,0
148,89827,12.41,5,0.5567,0.0784,purchase,retail,GB,0
149,18085,40.46,22,0.3364,0.1932,purchase,crypto,DE,0
150,69704,22.1,14,0.7029,0.6255,purchase,retail,RU,1
151,92952,121.29,16,0.4945,0.3863,transfer,crypto,FR,0
152,95182,14.89,21,0.0249,0.3989,purchase,retail,DE,0
153,17763,34.53,10,0.0281,0.3964,transfer,electronics,US,0
154,92552,30.59,13,0.3092,0.037,purchase,grocery,DE,0
155,78041,23.5,10,0.1651,0.1131,purchase,electronics,DE,0
156,13034,312.96,2,0.389,0.3218,purchase,crypto,RU,1
157,91489,52.5,20,0.4955,0.052,purchase,retail,DE,0
158,56498,61.98,9,0.1341,0.0587,purchase,gaming,DE,0
159,46217,61.43,15,0.1522,0.104,purchase,gaming,DE,0
160,39497,18.54,8,0.1789,0.0754,purchase,electronics,FR,0
161,15149,10.5,6,0.1841,0.2884,purchase,retail,DE,0
162,86195,53.15,7,0.3303,0.1475,purchase,retail,GB,0
163,99725,27.66,13,0.6831,0.1509,transfer,grocery,FR,0
164,46829,54.87,15,0.2323,0.027,withdrawal,crypto,CN,1
165,97509,202.87,18,0.1232,0.6242,purchase,gaming,US,0
166,92218,210.99,23,0.1401,0.1451,purchase,retail,US,0
167,48346,771.91,14,0.0145,0.3081,purchase,retail,GB,0
168,91707,19.12,13,0.0581,0.2107,purchase,grocery,DE,0
169,80807,68.99,17,0.029,0.1689,purchase,gaming,FR,0
170,42775,89.15,5,0.2277,0.2412,purchase,gaming,CN,0
171,22363,81.01,18,0.2676,0.05,purchase,gaming,GB,0
172,61742,31.46,17,0.0254,0.1165,withdrawal,grocery,FR,0
173,55697,126.13,13,0.3356,0.3579,purchase,gaming,FR,0
174,12489,42.54,1,0.4525,0.4844,purchase,crypto,DE,0
175,33582,47.41,8,0.6158,0.0158,transfer,gaming,US,0
176,42133,399.7,20,0.7659,0.7625,purchase,grocery,RU,1
177,89882,11.51,10,0.1196,0.1251,purchase,grocery,US,0
178,69227,39.13,5,0.8384,0.7033,purchase,crypto,US,1
179,22902,73.56,21,0.2152,0.0903,withdrawal,retail,NL,0
180,29018,34.08,14,0.1535,0.0133,purchase,electronics,RU,0
181,98840,63.12,12,0.1014,0.0892,withdrawal,retail,GB,0
182,24295,51.93,12,0.7862,0.0602,purchase,grocery,US,0
183,91310,76.97,12,0.6915,0.2342,purchase,crypto,DE,1
184,95863,49.59,17,0.2397,0.4538,transfer,grocery,FR,0
185,71514,40.9,10,0.9279,0.3859,purchase,electronics,FR,0
186,62515,554.51,6,0.107,0.4035,purchase,grocery,DE,0
187,95157,285.39,15,0.8334,0.3994,transfer,travel,GB,1
188,60837,35.91,15,0.3652,0.1756,purchase,retail,FR,0
189,57852,12.34,10,0.0878,0.1226,purchase,grocery,NL,0
190,83834,68.97,10,0.3049,0.2456,purchase,retail,FR,0
191,28349,21.38,11,0.0332,0.0727,purchase,retail,DE,0
192,60157,85.16,9,0.0808,0.2193,purchase,retail,FR,0
193,85378,17.83,20,0.2038,0.3555,purchase,grocery,FR,0
194,68162,54.1,18,0.3282,0.2393,purchase,retail,FR,0
195,39379,39.17,23,0.165,0.2475,purchase,travel,DE,0
196,37652,6.94,22,0.2339,0.3453,purchase,travel,GB,0
197,64017,30.69,10,0.0593,0.5364,purchase,grocery,RU,0
198,43975,114.88,10,0.21,0.1268,purchase,retail,DE,0
199,41631,28.97,15,0.2058,0.0822,purchase,retail,US,0
200,34626,36.94,1,0.1306,0.0559,purchase,grocery,DE,0
201,18251,556.88,23,0.4055,0.3047,purchase,retail,DE,0
202,63881,83.61,0,0.0594,0.0611,purchase,grocery,GB,0
203,36130,101.34,13,0.0174,0.1698,purchase,grocery,US,0
204,63589,13.06,15,0.2426,0.1136,purchase,grocery,US,0
205,93342,62.99,11,0.6336,0.5912,transfer,gaming,RU,1
206,24895,110.88,23,0.8383,0.3225,refund,travel,CN,1
207,86228,185.58,20,0.3142,0.4816,purchase,grocery,DE,0
208,78778,73.04,14,0.1368,0.0998,purchase,crypto,DE,0
209,31284,344.56,14,0.2237,0.4656,transfer,travel,US,0
210,27432,21.87,9,0.5046,0.4641,withdrawal,retail,DE,0
211,45620,9.5,14,0.1036,0.2707,purchase,retail,DE,0
212,71665,42.78,16,0.032,0.0041,purchase,crypto,US,0
213,63611,33.65,12,0.2837,0.3384,purchase,crypto,DE,0
214,15657,74.11,17,0.0894,0.2725,purchase,grocery,FR,0
215,22713,106.03,5,0.216,0.0499,purchase,electronics,CN,0
216,92655,39.48,10,0.2459,0.1591,purchase,travel,GB,0
217,30103,34.65,21,0.2876,0.2642,purchase,retail,FR,0
218,15406,66.31,10,0.7074,0.2583,purchase,electronics,FR,0
219,33674,34.2,14,0.2161,0.1916,purchase,grocery,DE,0
220,15793,31.85,12,0.0279,0.3197,purchase,grocery,US,0
221,59262,102.67,21,0.6199,0.0051,purchase,gaming,FR,0
222,17761,124.07,7,0.4851,0.3833,purchase,grocery,US,0
223,10528,106.84,9,0.2617,0.2319,purchase,travel,RU,0
224,50873,36.86,19,0.2741,0.0733,withdrawal,electronics,FR,0
225,69009,52.55,15,0.06,0.1979,purchase,electronics,DE,0
226,59567,37.49,13,0.2931,0.3552,purchase,travel,US,0
227,29763,241.78,11,0.381,0.6633,purchase,retail,CN,1
228,23632,50.49,16,0.2871,0.3962,purchase,electronics,DE,1
229,57729,22.33,11,0.0589,0.1497,withdrawal,retail,DE,0
230,77571,38.08,11,0.1775,0.2116,refund,gaming,DE,0
231,51959,24.04,21,0.0855,0.0462,purchase,travel,DE,0
232,21105,41.78,15,0.1429,0.3748,purchase,grocery,RU,0
233,46746,17.58,20,0.2544,0.3188,transfer,electronics,NL,0
234,94395,14.32,22,0.0223,0.4004,purchase,grocery,GB,0
235,96104,120.22,13,0.2913,0.3714,purchase,retail,DE,0
236,49086,18.65,14,0.0433,0.0976,refund,retail,DE,0
237,95841,42.53,15,0.3324,0.3883,withdrawal,gaming,DE,0
238,58874,95.71,18,0.2009,0.2672,withdrawal,electronics,DE,0
239,76553,25.83,20,0.7314,0.7021,purchase,travel,CN,1
240,78926,498.29,15,0.1045,0.5205,purchase,grocery,NL,0
241,56784,83.56,7,0.0405,0.1903,purchase,electronics,DE,0
242,84708,55.01,21,0.2874,0.1074,purchase,gaming,US,0
243,97060,78.68,15,0.369,0.3878,transfer,electronics,NL,0
244,81731,136.61,19,0.1047,0.2898,transfer,crypto,FR,0
245,52123,61.02,11,0.1832,0.0184,purchase,crypto,FR,0
246,40286,44.59,12,0.1112,0.2613,transfer,grocery,FR,0
247,26868,27.13,15,0.7367,0.1638,purchase,travel,DE,0
248,77026,76.85,17,0.098,0.2725,transfer,crypto,NL,0
249,71047,24.95,5,0.1781,0.31,purchase,gaming,NL,0
250,17838,168.53,11,0.4156,0.0469,purchase,grocery,DE,0
251,71089,40.3,17,0.1122,0.4606,purchase,retail,CN,0
252,66564,45.72,23,0.1976,0.1813,purchase,retail,FR,0
253,63762,110.61,0,0.1887,0.1982,purchase,retail,GB,0
254,42061,36.4,9,0.2583,0.0582,purchase,retail,FR,0
255,79415,49.39,12,0.142,0.1669,purchase,electronics,DE,0
256,11540,91.31,8,0.5816,0.4612,purchase,grocery,US,0
257,29592,12.17,1,0.21,0.1696,refund,grocery,GB,0
258,81223,33.36,13,0.1066,0.5647,purchase,retail,DE,0
259,78520,21.42,2,0.1628,0.8211,purchase,crypto,CN,1
260,89143,86.04,15,0.0594,0.1438,purchase,grocery,FR,0
261,99543,44.96,11,0.3043,0.0333,purchase,retail,US,0
262,21438,148.0,10,0.2271,0.23,purchase,travel,GB,0
263,26241,11.14,23,0.2029,0.2125,refund,crypto,NL,0
264,24845,10.11,12,0.3173,0.0455,purchase,gaming,US,0
265,55954,81.8,17,0.1978,0.015,purchase,retail,DE,0
266,21561,88.76,9,0.1371,0.0412,withdrawal,travel,US,0
267,96173,36.08,18,0.7887,0.6212,withdrawal,retail,US,0
268,99969,59.76,18,0.3244,0.1216,withdrawal,grocery,DE,0
269,86719,80.11,9,0.266,0.1902,withdrawal,grocery,CN,0
270,15031,149.05,0,0.4822,0.4545,withdrawal,crypto,CN,1
271,51453,123.88,23,0.8747,0.4379,purchase,grocery,CN,1
272,72558,21.29,15,0.0615,0.0461,purchase,retail,RU,0
273,39778,234.76,18,0.8909,0.4544,transfer,grocery,GB,1
274,13585,23.32,15,0.758,0.83,withdrawal,grocery,FR,0
275,40472,49.96,11,0.1655,0.2383,transfer,travel,US,0
276,68430,91.7,17,0.133,0.2162,refund,travel,DE,0
277,43660,15.78,9,0.1444,0.134,withdrawal,retail,GB,0
278,97262,35.94,12,0.0465,0.3745,purchase,retail,FR,0
279,82246,34.55,23,0.1041,0.1573,purchase,electronics,FR,0
280,25524,60.66,8,0.19,0.0855,refund,travel,CN,0
281,88459,66.0,7,0.5241,0.5932,transfer,grocery,DE,1
282,72096,42.21,7,0.1086,0.1341,purchase,grocery,NL,0
283,38458,26.74,7,0.2258,0.2937,withdrawal,travel,US,0
284,73184,122.89,23,0.1833,0.1748,purchase,gaming,DE,0
285,95583,26.89,7,0.1975,0.224,purchase,grocery,GB,0
286,39423,33.17,8,0.2655,0.3392,withdrawal,grocery,DE,0
287,35551,21.99,0,0.8012,0.5689,purchase,electronics,FR,1
288,89516,80.33,15,0.0971,0.013,purchase,grocery,DE,0
289,62023,23.18,17,0.0779,0.1131,purchase,travel,US,0
290,72736,65.93,12,0.1156,0.3334,withdrawal,grocery,NL,0
291,99584,55.84,22,0.0684,0.1276,purchase,electronics,DE,0
292,29258,9.16,2,0.4174,0.2176,purchase,travel,NL,1
293,79420,70.78,3,0.3097,0.1351,purchase,retail,FR,0
294,22791,67.92,14,0.389,0.071,purchase,retail,NL,0
295,29816,250.78,14,0.0449,0.2293,purchase,retail,US,0
296,85852,22.52,10,0.4701,0.0522,purchase,retail,DE,0
297,42470,77.59,20,0.3307,0.2137,refund,retail,DE,0
298,13141,17.41,13,0.5848,0.6822,purchase,crypto,GB,0
299,41485,23.38,9,0.0866,0.611,refund,electronics,FR,0
300,88167,18.58,6,0.1427,0.2953,withdrawal,grocery,GB,0
301,48830,46.04,6,0.1943,0.1747,purchase,retail,DE,0
302,18370,123.32,20,0.0627,0.1322,withdrawal,electronics,NL,0
303,72333,157.39,9,0.2449,0.0383,purchase,crypto,DE,0
304,88463,65.28,20,0.0547,0.276,withdrawal,grocery,FR,0
305,64994,1305.79,0,0.4308,0.3227,withdrawal,gaming,RU,1
306,32937,262.46,7,0.1461,0.074,purchase,grocery,US,0
307,48451,31.41,22,0.4658,0.3659,purchase,electronics,DE,0
308,82671,10.62,18,0.18,0.0332,purchase,grocery,DE,0
309,25694,104.08,7,0.0697,0.1654,withdrawal,gaming,GB,0
310,99939,8.91,6,0.3137,0.1094,refund,retail,DE,0
311,34909,22.38,17,0.4286,0.3161,purchase,gaming,FR,0
312,35294,66.16,5,0.2941,0.1697,transfer,retail,NL,0
313,90676,38.98,9,0.1479,0.0473,purchase,electronics,US,0
314,86161,36.15,17,0.0716,0.0728,purchase,retail,DE,0
315,40382,15.59,20,0.3188,0.2087,purchase,electronics,CN,0
316,80871,42.13,17,0.1325,0.0677,transfer,retail,NL,0
317,10242,99.79,19,0.1084,0.1192,purchase,travel,US,0
318,80874,43.25,13,0.281,0.0739,purchase,grocery,FR,0
319,89711,21.0,17,0.4179,0.1209,refund,retail,DE,0
320,39438,14.73,10,0.3419,0.1473,purchase,grocery,US,0
321,32692,21.37,17,0.2028,0.0584,purchase,crypto,FR,0
322,84428,59.35,15,0.3741,0.5096,withdrawal,electronics,FR,0
323,68389,56.94,13,0.2813,0.2082,transfer,retail,FR,0
324,95123,21.53,23,0.1808,0.0182,purchase,crypto,DE,0
325,12359,6.49,12,0.0779,0.3036,refund,electronics,DE,0
326,11124,60.76,14,0.0636,0.2985,purchase,retail,CN,0
327,13175,19.83,12,0.4438,0.2267,purchase,crypto,NL,0
328,82633,76.38,9,0.0235,0.3566,purchase,grocery,FR,0
329,18715,22.36,10,0.2171,0.2236,purchase,grocery,DE,0
330,17684,18.36,22,0.1472,0.0449,purchase,retail,US,0
331,34839,48.43,11,0.144,0.3963,purchase,crypto,RU,0
332,28580,2093.51,15,0.1491,0.1463,purchase,retail,DE,0
333,71543,80.37,13,0.2871,0.4551,purchase,travel,GB,0
334,44321,341.19,19,0.4801,0.2347,purchase,travel,CN,0
335,32636,57.69,17,0.6651,0.47,purchase,electronics,CN,0
336,98847,34.76,6,0.1546,0.2225,purchase,retail,NL,0
337,71834,16.38,10,0.1527,0.1024,purchase,grocery,FR,0
338,75300,5.03,16,0.0701,0.0589,refund,retail,DE,0
339,71933,185.01,7,0.1931,0.0397,purchase,retail,FR,0
340,99167,155.75,12,0.1332,0.4651,purchase,grocery,US,0
341,87682,59.38,10,0.1402,0.2869,purchase,grocery,DE,0
342,45105,47.7,5,0.2964,0.1168,transfer,grocery,DE,0
343,47731,11.37,23,0.1692,0.0814,purchase,grocery,US,0
344,75109,35.29,21,0.0573,0.5707,purchase,retail,RU,0
345,57894,195.1,16,0.3118,0.2025,purchase,retail,DE,0
346,70227,47.55,8,0.1075,0.2995,transfer,travel,DE,0
347,71527,26.31,23,0.1335,0.0371,purchase,gaming,FR,0
348,10445,9.54,14,0.3021,0.0545,purchase,grocery,CN,0
349,45950,137.45,22,0.3327,0.0146,purchase,retail,DE,0
350,18400,40.06,3,0.1108,0.3833,transfer,retail,DE,0
351,69432,9.55,8,0.2225,0.3711,purchase,retail,CN,0
352,11183,19.38,15,0.0333,0.2722,purchase,grocery,FR,0
353,90460,14.35,20,0.1759,0.1229,purchase,retail,NL,0
354,52280,38.02,8,0.9484,0.5721,purchase,retail,DE,0
355,50864,50.72,10,0.0717,0.0697,purchase,gaming,NL,0
356,61927,27.72,13,0.2402,0.0921,refund,grocery,FR,0
357,50240,82.31,23,0.0078,0.3282,transfer,retail,DE,0
358,13760,45.47,17,0.4302,0.4803,withdrawal,retail,DE,0
359,82071,104.9,20,0.2377,0.1073,purchase,crypto,DE,0
360,32326,213.57,15,0.2449,0.0435,purchase,electronics,DE,0
361,66181,565.96,19,0.1924,0.2107,purchase,retail,DE,0
362,80691,26.32,12,0.1707,0.1469,transfer,grocery,US,0
363,19491,19.73,7,0.5686,0.1,purchase,electronics,DE,0
364,20991,17.77,16,0.38,0.0367,purchase,travel,RU,0
365,11136,35.54,14,0.2774,0.1247,purchase,travel,US,0
366,71737,9.86,12,0.4315,0.1136,purchase,grocery,FR,0
367,97453,54.62,9,0.1192,0.1729,purchase,electronics,DE,0
368,50794,8.42,17,0.1811,0.3872,purchase,travel,RU,0
369,78712,48.78,18,0.1075,0.2342,transfer,electronics,GB,0
370,17235,13.48,10,0.1454,0.0085,purchase,retail,DE,0
371,33858,30.75,20,0.2609,0.2754,purchase,retail,DE,0
372,76161,71.08,10,0.1479,0.1835,refund,grocery,US,0
373,94531,301.4,6,0.6464,0.4721,purchase,retail,GB,0
374,86261,17.01,8,0.2496,0.5177,transfer,retail,DE,0
375,20201,37.42,12,0.3993,0.1694,purchase,travel,DE,0
376,57941,22.98,5,0.152,0.0755,purchase,travel,GB,0
377,76312,20.3,16,0.1094,0.3039,purchase,grocery,US,0
378,59026,23.16,17,0.0809,0.1055,purchase,travel,FR,0
379,34914,85.67,13,0.46,0.0472,purchase,crypto,DE,0
380,14993,28.08,20,0.1821,0.1571,purchase,retail,DE,0
381,67499,287.7,21,0.1509,0.3208,purchase,travel,NL,0
382,95700,60.56,11,0.2922,0.4016,purchase,electronics,DE,0
383,18870,18.02,6,0.0771,0.5377,purchase,grocery,DE,0
384,89046,31.13,9,0.5535,0.4354,purchase,retail,DE,0
385,82418,21.51,15,0.1518,0.4126,purchase,grocery,NL,0
386,99395,83.94,11,0.331,0.203,purchase,electronics,FR,0
387,40354,10.56,15,0.1385,0.267,purchase,electronics,CN,0
388,76505,13.6,15,0.2559,0.1912,purchase,travel,DE,0
389,30952,25.72,14,0.2094,0.1479,purchase,travel,CN,0
390,65984,75.98,7,0.1979,0.3191,purchase,gaming,FR,0
391,19280,121.28,9,0.2706,0.1834,purchase,grocery,CN,0
392,88611,137.48,10,0.0994,0.2461,purchase,grocery,DE,0
393,53253,66.71,18,0.2073,0.0844,purchase,retail,DE,0
394,94363,39.63,15,0.2713,0.1357,purchase,retail,DE,0
395,86430,141.26,7,0.3284,0.7792,purchase,electronics,NL,1
396,92769,83.55,14,0.1214,0.3628,purchase,grocery,DE,0
397,73164,16.07,15,0.3366,0.6335,purchase,retail,DE,0
398,13255,8.86,12,0.1936,0.0193,purchase,travel,FR,0
399,97652,61.63,3,0.092,0.2834,withdrawal,gaming,FR,0
400,79567,18.09,8,0.2002,0.37,withdrawal,travel,NL,0
401,36428,40.23,7,0.7301,0.5955,purchase,crypto,DE,0
402,43357,47.07,5,0.1889,0.0456,withdrawal,gaming,GB,0
403,80451,52.5,10,0.2051,0.1012,purchase,travel,DE,0
404,83200,94.36,17,0.0119,0.2769,purchase,retail,GB,0
405,23263,86.25,7,0.2204,0.3155,transfer,retail,DE,0
406,15410,232.87,6,0.1266,0.0031,purchase,grocery,DE,0
407,70417,29.2,7,0.1067,0.2433,purchase,retail,NL,0
408,57003,46.6,9,0.2192,0.4493,transfer,grocery,DE,0
409,65832,25.62,8,0.0512,0.8663,transfer,crypto,DE,0
410,98219,35.98,0,0.0971,0.1003,purchase,crypto,RU,0
411,69228,393.64,9,0.4299,0.0933,purchase,electronics,FR,0
412,64189,49.64,23,0.051,0.4237,purchase,travel,US,0
413,19543,62.35,10,0.154,0.0173,transfer,electronics,US,0
414,14995,23.34,8,0.1026,0.1596,transfer,crypto,DE,0
415,95065,97.51,13,0.6858,0.1612,transfer,retail,DE,1
416,96398,101.2,12,0.2092,0.3405,purchase,electronics,FR,0
417,86248,81.14,8,0.6993,0.5723,purchase,travel,NL,0
418,35389,81.63,13,0.135,0.2568,purchase,grocery,GB,0
419,85901,51.04,11,0.105,0.2248,purchase,grocery,RU,0
420,93595,102.42,20,0.3732,0.1864,purchase,grocery,DE,0
421,13409,125.33,20,0.2246,0.1725,purchase,retail,GB,0
422,30635,111.58,2,0.6845,0.7097,refund,gaming,RU,1
423,28880,21.98,15,0.8485,0.6046,purchase,travel,CN,1
424,54109,54.09,16,0.0515,0.2417,purchase,retail,FR,0
425,79130,38.57,8,0.0348,0.2586,transfer,electronics,FR,0
426,21497,90.96,12,0.0163,0.074,purchase,travel,DE,0
427,40470,144.67,9,0.0103,0.0566,purchase,retail,RU,0
428,89256,23.1,17,0.1872,0.2871,purchase,grocery,NL,0
429,27010,40.24,23,0.0206,0.312,transfer,gaming,NL,1
430,69738,40.64,2,0.1266,0.2022,purchase,grocery,NL,0
431,45337,9.68,15,0.2337,0.2533,purchase,retail,CN,0
432,19874,85.92,10,0.6997,0.2314,purchase,retail,DE,0
433,37002,18.76,12,0.1339,0.1231,purchase,grocery,GB,0
434,86028,28.48,10,0.443,0.0876,transfer,travel,FR,0
435,57781,448.61,23,0.5895,0.7796,withdrawal,crypto,DE,1
436,99306,35.47,10,0.1911,0.0889,transfer,retail,FR,0
437,52833,43.96,15,0.1361,0.4627,purchase,retail,GB,0
438,95727,154.02,14,0.1468,0.3074,purchase,retail,DE,0
439,12464,40.15,9,0.2268,0.4986,purchase,electronics,CN,0
440,13845,40.42,3,0.6973,0.079,purchase,electronics,FR,0
441,94249,29.08,19,0.2568,0.1121,purchase,grocery,FR,0
442,81437,22.04,12,0.0057,0.1351,transfer,crypto,FR,0
443,99749,106.62,14,0.1726,0.0986,purchase,grocery,DE,0
444,93259,7.11,12,0.1562,0.1541,purchase,travel,FR,0
445,69037,35.7,14,0.3541,0.4771,purchase,grocery,NL,0
446,99508,93.38,14,0.1455,0.1357,purchase,gaming,DE,0
447,10039,60.7,0,0.2566,0.1345,purchase,retail,DE,0
448,94874,12.35,13,0.1419,0.2385,purchase,retail,US,0
449,65608,160.04,20,0.2695,0.7204,purchase,retail,DE,1
450,88850,27.8,12,0.332,0.2148,purchase,grocery,FR,0
451,64474,38.98,6,0.0587,0.5195,purchase,travel,NL,0
452,91383,105.59,16,0.3326,0.2905,refund,electronics,DE,0
453,66348,56.39,9,0.0887,0.0836,purchase,grocery,DE,0
454,29364,15.55,4,0.0232,0.1307,purchase,retail,NL,0
455,58681,28.1,17,0.1752,0.0897,withdrawal,grocery,DE,0
456,96033,90.3,19,0.2551,0.2024,transfer,electronics,GB,0
457,69058,15.32,9,0.0461,0.1879,purchase,retail,FR,0
458,79242,39.77,15,0.1595,0.0801,purchase,electronics,FR,0
459,64136,42.19,0,0.0221,0.0951,purchase,retail,NL,0
460,37530,155.37,16,0.1731,0.0277,purchase,grocery,GB,0
461,46318,420.48,12,0.0251,0.1918,purchase,electronics,US,0
462,51025,29.94,17,0.0074,0.0993,transfer,grocery,DE,0
463,77138,62.32,11,0.0335,0.0459,purchase,travel,DE,0
464,38672,150.38,10,0.0184,0.0415,purchase,crypto,DE,0
465,50505,366.57,18,0.2567,0.1054,transfer,retail,NL,0
466,72290,89.14,3,0.2106,0.131,withdrawal,retail,DE,0
467,19321,25.8,8,0.0214,0.3876,withdrawal,travel,GB,0
468,21342,40.59,11,0.3457,0.352,purchase,crypto,FR,0
469,18789,19.87,14,0.0817,0.3315,purchase,grocery,FR,0
470,37776,16.07,0,0.0304,0.5591,purchase,grocery,FR,0
471,66630,102.64,13,0.5202,0.0909,purchase,retail,NL,0
472,75102,181.03,10,0.0292,0.2156,withdrawal,grocery,DE,0
473,53753,5.47,14,0.1282,0.1486,purchase,retail,FR,0
474,81040,190.67,20,0.1218,0.2148,purchase,grocery,US,0
475,20786,21.5,11,0.2485,0.3234,purchase,electronics,NL,0
476,54850,34.49,13,0.1364,0.1466,purchase,electronics,DE,0
477,87178,171.53,12,0.1009,0.2041,purchase,grocery,CN,0
478,65080,37.69,7,0.5633,0.0568,purchase,grocery,RU,0
479,12840,37.01,17,0.0444,0.0457,purchase,travel,FR,0
480,77281,14.97,19,0.159,0.1282,withdrawal,gaming,DE,0
481,80529,41.45,9,0.6711,0.1022,purchase,electronics,GB,1
482,52648,26.7,12,0.7762,0.5942,purchase,crypto,RU,1
483,70127,10.6,18,0.3374,0.2267,refund,electronics,US,0
484,65973,36.91,21,0.2718,0.152,purchase,grocery,DE,0
485,34827,52.46,11,0.6416,0.399,purchase,retail,CN,1
486,21605,57.88,12,0.0371,0.094,transfer,gaming,GB,0
487,70855,55.13,15,0.3939,0.292,purchase,crypto,NL,0
488,95931,28.25,8,0.1689,0.1857,purchase,electronics,NL,0
489,40233,43.26,22,0.2129,0.2923,purchase,gaming,DE,0
490,29325,8.92,13,0.25,0.0531,withdrawal,gaming,DE,0
491,15222,62.87,9,0.043,0.0534,purchase,grocery,FR,0
492,50568,48.77,18,0.3228,0.0374,purchase,retail,FR,0
493,14723,722.96,13,0.0397,0.0514,purchase,electronics,DE,0
494,91815,42.79,21,0.3269,0.127,transfer,retail,GB,0
495,79635,19.08,17,0.2357,0.0414,purchase,grocery,DE,0
496,44355,40.73,19,0.3247,0.3335,purchase,grocery,NL,0
497,48751,32.18,13,0.1956,0.1104,purchase,electronics,DE,0
498,29043,61.53,12,0.2782,0.4447,purchase,grocery,FR,0
499,76509,63.46,2,0.3726,0.6669,purchase,electronics,DE,1
500,86274,43.5,17,0.6652,0.0651,purchase,travel,FR,0
501,82058,14.57,6,0.2909,0.5162,purchase,electronics,FR,0
502,20413,10.59,4,0.0293,0.2577,purchase,retail,GB,0
503,53670,53.17,22,0.454,0.0441,purchase,travel,DE,0
504,83724,137.78,20,0.5784,0.2529,refund,travel,NL,0
505,33273,45.49,21,0.1126,0.5002,purchase,grocery,US,0
506,22158,84.89,5,0.1922,0.6735,withdrawal,gaming,DE,0
507,67503,100.57,9,0.4879,0.0391,purchase,grocery,FR,0
508,12455,53.34,20,0.0006,0.031,purchase,retail,DE,0
509,35609,82.68,6,0.2156,0.2156,purchase,travel,US,0
510,28782,50.2,11,0.1924,0.2509,withdrawal,grocery,DE,0
511,50729,599.86,21,0.372,0.4536,transfer,grocery,DE,1
512,39410,690.2,10,0.2712,0.3222,purchase,crypto,RU,0
513,76380,71.6,17,0.3047,0.6165,purchase,electronics,CN,1
514,46450,66.71,19,0.4032,0.0095,purchase,electronics,DE,0
515,48039,80.32,12,0.182,0.0403,transfer,retail,US,0
516,82029,28.7,9,0.0542,0.0517,purchase,grocery,GB,0
517,27852,35.8,12,0.3499,0.012,purchase,retail,DE,0
518,88525,38.44,7,0.3652,0.016,purchase,gaming,NL,0
519,69678,27.66,15,0.3335,0.4636,withdrawal,gaming,GB,1
520,41846,40.71,16,0.0384,0.107,withdrawal,retail,DE,0
521,40579,114.75,14,0.2885,0.1737,withdrawal,grocery,DE,0
522,25063,5.78,14,0.276,0.0554,purchase,retail,NL,0
523,14540,214.99,11,0.1108,0.0855,purchase,grocery,NL,0
524,45274,39.74,9,0.0144,0.02,transfer,electronics,DE,0
525,51244,13.25,5,0.4238,0.3901,purchase,retail,US,0
526,79587,75.26,21,0.061,0.4119,purchase,retail,NL,0
527,61536,22.97,11,0.2378,0.0491,refund,electronics,NL,0
528,96388,31.39,12,0.0587,0.3377,purchase,retail,NL,0
529,12011,204.68,10,0.2394,0.4855,purchase,retail,FR,0
530,36926,100.33,23,0.4621,0.3056,purchase,retail,DE,0
531,75858,69.29,17,0.073,0.1168,purchase,travel,NL,0
532,12954,58.77,6,0.1848,0.5918,purchase,gaming,US,0
533,24144,36.97,14,0.0364,0.2682,transfer,grocery,US,0
534,89070,232.63,12,0.2705,0.377,purchase,crypto,DE,0
535,90150,80.99,3,0.8251,0.5171,purchase,crypto,CN,1
536,39846,84.09,17,0.3397,0.1727,transfer,retail,GB,0
537,24411,22.49,23,0.1447,0.308,purchase,gaming,DE,0
538,67867,12.93,16,0.2128,0.1236,purchase,grocery,DE,0
539,42262,68.84,19,0.1405,0.1281,purchase,retail,DE,0
540,22753,110.07,2,0.6374,0.2411,transfer,crypto,RU,1
541,49915,40.55,12,0.3991,0.0052,purchase,travel,RU,0
542,50902,12.62,10,0.1723,0.0727,purchase,retail,GB,0
543,50826,61.21,14,0.0796,0.0599,refund,retail,DE,0
544,48684,33.83,16,0.117,0.0815,transfer,grocery,US,0
545,74354,66.76,8,0.1987,0.2628,refund,retail,DE,0
546,64456,396.2,12,0.2842,0.2454,purchase,grocery,DE,0
547,88835,25.35,7,0.0778,0.0749,purchase,gaming,DE,0
548,65563,72.81,8,0.1541,0.4129,withdrawal,retail,FR,0
549,90860,27.85,19,0.2028,0.4348,purchase,grocery,DE,0
550,51180,29.43,7,0.1136,0.0685,purchase,travel,RU,0
551,44150,211.31,18,0.2698,0.289,purchase,grocery,DE,0
552,97891,111.2,10,0.0978,0.2668,refund,travel,DE,0
553,10168,33.5,15,0.3656,0.0999,transfer,retail,DE,0
554,97275,136.53,20,0.3446,0.1912,refund,grocery,FR,0
555,41107,25.37,21,0.3927,0.4795,purchase,crypto,CN,1
556,28732,193.63,17,0.312,0.3979,purchase,travel,DE,0
557,80241,22.69,18,0.0259,0.1397,transfer,travel,GB,0
558,50221,3.55,9,0.8263,0.8558,purchase,retail,FR,0
559,92575,103.32,10,0.0643,0.452,purchase,retail,RU,0
560,50574,31.8,16,0.1357,0.5041,withdrawal,travel,DE,0
561,98672,20.36,17,0.3279,0.0905,purchase,retail,FR,0
562,47188,25.78,17,0.07,0.0253,purchase,retail,RU,0
563,26255,29.89,16,0.2763,0.0581,purchase,grocery,FR,0
564,13031,128.07,9,0.0524,0.3846,withdrawal,grocery,DE,0
565,42946,48.71,9,0.2427,0.1429,purchase,retail,DE,0
566,64145,797.51,21,0.2648,0.4378,purchase,grocery,NL,0
567,69063,64.72,13,0.1264,0.3898,transfer,grocery,DE,0
568,34999,125.47,2,0.789,0.4796,transfer,crypto,CN,1
569,57048,32.69,17,0.0295,0.5726,purchase,retail,NL,0
570,11010,30.51,14,0.0416,0.2175,withdrawal,grocery,CN,0
571,70477,68.54,20,0.4791,0.4506,purchase,electronics,NL,0
572,71128,270.01,1,0.482,0.47,withdrawal,retail,RU,1
573,11858,85.4,19,0.6805,0.615,purchase,crypto,DE,0
574,87875,99.21,9,0.1453,0.0303,purchase,crypto,FR,0
575,77070,34.05,19,0.1616,0.3178,purchase,travel,GB,0
576,13023,49.35,9,0.0893,0.3517,purchase,retail,NL,0
577,16678,69.86,11,0.4779,0.467,transfer,electronics,DE,0
578,84456,156.07,19,0.3489,0.1737,transfer,grocery,FR,0
579,85675,16.2,10,0.6162,0.3041,withdrawal,retail,FR,0
580,65089,21.43,9,0.2316,0.1555,purchase,retail,FR,0
581,38500,34.64,15,0.1414,0.2623,transfer,retail,CN,0
582,40033,74.65,23,0.0993,0.217,purchase,grocery,RU,0
583,53343,123.98,7,0.4114,0.0849,transfer,electronics,GB,0
584,62962,13.43,15,0.0229,0.1334,purchase,retail,CN,0
585,72341,25.59,12,0.4411,0.0529,withdrawal,retail,CN,0
586,55901,31.37,11,0.1397,0.0591,transfer,retail,DE,0
587,50373,83.56,16,0.2208,0.0325,withdrawal,retail,DE,0
588,68067,27.14,13,0.1416,0.2736,purchase,travel,DE,0
589,90099,29.51,17,0.2173,0.434,purchase,retail,DE,0
590,56703,97.68,15,0.8418,0.4229,purchase,gaming,GB,1
591,54687,12.8,16,0.3757,0.3996,purchase,grocery,DE,0
592,48889,64.13,23,0.5696,0.6596,purchase,travel,DE,0
593,91563,37.07,18,0.1895,0.3202,purchase,retail,DE,0
594,12148,40.16,17,0.9011,0.6265,withdrawal,gaming,CN,1
595,19766,51.81,1,0.4347,0.3514,transfer,retail,RU,1
596,41853,24.39,5,0.0471,0.3716,purchase,retail,DE,0
597,48121,34.1,17,0.6397,0.5446,purchase,gaming,NL,0
598,39016,110.82,15,0.2889,0.2766,purchase,retail,US,0
599,46783,18.1,6,0.1535,0.2075,transfer,gaming,DE,0
600,28042,20.79,14,0.0181,0.1219,withdrawal,gaming,NL,0
601,91459,123.27,16,0.0437,0.2183,purchase,gaming,FR,0
602,35805,45.35,8,0.178,0.0438,purchase,grocery,NL,0
603,24827,75.14,11,0.0269,0.0513,purchase,electronics,DE,0
604,97178,59.83,13,0.339,0.3305,transfer,retail,US,0
605,97968,41.26,11,0.5857,0.1615,purchase,retail,FR,0
606,29784,31.62,19,0.0545,0.3223,refund,grocery,GB,0
607,34288,86.21,8,0.0817,0.0975,purchase,retail,DE,0
608,18869,114.2,17,0.1689,0.4653,purchase,electronics,RU,0
609,40517,106.86,17,0.0374,0.072,withdrawal,grocery,NL,0
610,87998,15.52,11,0.0432,0.255,purchase,retail,CN,0
611,29241,128.92,13,0.0301,0.4993,purchase,electronics,FR,0
612,56305,31.37,7,0.6223,0.7093,purchase,grocery,DE,0
613,72053,127.84,8,0.3141,0.3611,purchase,grocery,FR,0
614,92802,36.82,13,0.2469,0.0368,purchase,grocery,DE,0
615,26545,86.18,8,0.3475,0.1457,purchase,electronics,DE,0
616,13319,67.32,18,0.7331,0.2786,transfer,retail,DE,0
617,66564,34.22,14,0.1618,0.1057,refund,retail,DE,0
618,59220,86.66,4,0.1413,0.1572,refund,retail,DE,0
619,16318,362.24,10,0.4235,0.7325,purchase,retail,DE,0
620,37659,17.71,2,0.8027,0.2801,transfer,travel,RU,1
621,46396,26.13,19,0.1623,0.1828,purchase,electronics,NL,0
622,42204,23.29,9,0.3406,0.055,purchase,travel,US,0
623,81153,60.26,16,0.0831,0.1835,purchase,retail,DE,0
624,76780,39.64,6,0.1393,0.1031,purchase,electronics,DE,0
625,58910,75.4,19,0.6465,0.4621,transfer,travel,GB,1
626,76858,84.07,21,0.6908,0.8209,withdrawal,retail,GB,0
627,58055,87.36,11,0.303,0.2704,purchase,retail,NL,0
628,52711,28.27,12,0.3906,0.2327,purchase,gaming,US,0
629,65159,164.56,13,0.1796,0.4537,purchase,grocery,DE,0
630,13133,12.9,10,0.4099,0.1464,purchase,grocery,US,0
631,10556,36.47,16,0.2602,0.2919,refund,retail,DE,0
632,94107,23.45,0,0.0667,0.0702,withdrawal,retail,DE,0
633,66420,115.04,22,0.195,0.5901,purchase,gaming,NL,1
634,10749,18.56,7,0.1265,0.0163,purchase,retail,FR,0
635,92965,36.53,10,0.4268,0.3498,transfer,electronics,FR,1
636,57485,28.11,8,0.279,0.0541,purchase,electronics,RU,0
637,47799,191.52,14,0.0385,0.3024,purchase,electronics,DE,0
638,28149,48.03,19,0.1982,0.0787,purchase,grocery,NL,0
639,73674,21.69,5,0.1731,0.0652,purchase,electronics,US,0
640,54562,63.04,19,0.3424,0.4426,transfer,retail,CN,0
641,95871,9.84,18,0.0414,0.0307,purchase,grocery,GB,0
642,17057,26.95,5,0.0627,0.1174,refund,gaming,DE,0
643,77146,540.62,19,0.4826,0.9246,purchase,crypto,RU,1
644,12039,24.81,7,0.194,0.1909,purchase,retail,US,0
645,64903,158.43,10,0.3859,0.1276,purchase,electronics,GB,0
646,86102,6.16,7,0.2004,0.131,purchase,retail,CN,0
647,62226,181.76,4,0.5596,0.8981,transfer,retail,US,1
648,29608,39.33,17,0.3619,0.283,purchase,gaming,DE,0
649,57835,684.64,12,0.381,0.0334,purchase,retail,FR,0
650,32952,15.59,17,0.3692,0.6469,withdrawal,electronics,US,1
651,55010,168.92,11,0.6015,0.0515,purchase,retail,FR,0
652,11693,8.5,16,0.0648,0.0558,withdrawal,grocery,GB,0
653,94344,21.52,9,0.2384,0.2776,purchase,retail,DE,0
654,82913,76.06,19,0.2827,0.0904,purchase,retail,DE,0
655,11928,48.13,15,0.131,0.1465,purchase,retail,DE,0
656,60699,15.08,10,0.0609,0.3877,purchase,grocery,GB,0
657,56989,177.67,13,0.5079,0.427,purchase,retail,NL,0
658,82886,44.12,9,0.0355,0.1294,purchase,electronics,DE,0
659,40800,38.3,23,0.2534,0.1988,transfer,retail,NL,0
660,49812,164.65,11,0.0452,0.1449,purchase,retail,FR,0
661,41496,41.95,20,0.0635,0.2015,purchase,travel,DE,0
662,67664,15.9,13,0.5312,0.5415,transfer,retail,FR,1
663,43206,59.76,22,0.1715,0.1185,purchase,gaming,DE,0
664,57490,22.46,13,0.3594,0.2656,purchase,grocery,FR,0
665,15724,89.52,16,0.3457,0.0568,transfer,grocery,DE,0
666,79885,25.31,13,0.0107,0.0307,purchase,grocery,GB,0
667,22575,2021.23,6,0.4132,0.0878,purchase,retail,DE,0
668,40750,72.83,21,0.333,0.1062,purchase,retail,DE,0
669,70875,53.7,11,0.1065,0.2174,purchase,grocery,DE,0
670,20452,18.54,20,0.1593,0.2871,purchase,crypto,FR,0
671,68361,92.26,15,0.1,0.2332,purchase,grocery,DE,0
672,31055,13.41,6,0.3395,0.0705,transfer,retail,FR,0
673,96526,11.22,11,0.0844,0.2746,withdrawal,retail,NL,0
674,60114,26.44,8,0.1991,0.1885,transfer,gaming,RU,0
675,59657,223.93,8,0.2562,0.4874,purchase,electronics,FR,0
676,34971,1600.81,16,0.363,0.1017,purchase,travel,DE,0
677,86543,103.82,2,0.1856,0.0624,refund,grocery,NL,0
678,24973,23.97,22,0.6341,0.2735,purchase,travel,DE,0
679,69715,10.55,11,0.2518,0.0232,purchase,crypto,DE,0
680,89791,45.44,12,0.1507,0.2017,withdrawal,grocery,NL,0
681,56474,33.62,21,0.9867,0.8455,purchase,crypto,NL,1
682,38996,48.8,9,0.1046,0.0794,purchase,electronics,DE,0
683,81400,381.66,19,0.6701,0.7782,transfer,travel,DE,1
684,13180,83.19,6,0.1538,0.2322,purchase,gaming,FR,0
685,27812,92.21,13,0.3385,0.1205,purchase,retail,DE,0
686,61753,199.61,4,0.3363,0.2128,purchase,travel,NL,1
687,35687,257.04,10,0.0546,0.0908,purchase,grocery,DE,0
688,76907,68.21,14,0.1034,0.1185,purchase,electronics,NL,0
689,20303,23.44,13,0.3418,0.2469,purchase,retail,GB,0
690,25374,67.12,8,0.0926,0.078,purchase,retail,DE,0
691,78782,27.63,12,0.1479,0.3968,refund,grocery,DE,0
692,54837,62.84,9,0.0723,0.2886,refund,crypto,DE,0
693,80421,58.66,9,0.1816,0.1178,purchase,travel,NL,0
694,19485,45.08,17,0.3979,0.0661,transfer,grocery,GB,0
695,54433,83.54,0,0.4132,0.1073,purchase,grocery,DE,0
696,27435,11.19,9,0.0386,0.0325,purchase,travel,DE,0
697,83941,17.2,13,0.295,0.113,purchase,gaming,GB,0
698,33254,33.8,12,0.2698,0.425,purchase,retail,DE,0
699,72994,12.47,21,0.0296,0.4718,purchase,electronics,FR,0
700,81602,30.09,18,0.0409,0.0047,transfer,retail,NL,0
701,72896,30.92,16,0.9705,0.1432,purchase,electronics,RU,0
702,26305,129.44,12,0.0152,0.2386,purchase,electronics,GB,0
703,23696,170.38,11,0.1167,0.322,purchase,travel,DE,0
704,18343,102.0,2,0.1982,0.1132,purchase,retail,DE,0
705,85516,54.95,18,0.0096,0.1813,purchase,crypto,FR,0
706,43337,26.97,11,0.139,0.0298,purchase,grocery,FR,0
707,27140,47.64,10,0.1628,0.4834,purchase,gaming,DE,0
708,98445,79.04,14,0.185,0.2537,transfer,retail,FR,0
709,32085,117.26,16,0.1124,0.6047,purchase,grocery,RU,0
710,58560,38.0,12,0.0648,0.2796,purchase,retail,FR,0
711,71364,10.48,7,0.2791,0.0601,transfer,retail,RU,0
712,57438,9.87,20,0.2178,0.1026,purchase,grocery,DE,0
713,55030,32.22,7,0.1097,0.0342,purchase,electronics,NL,0
714,81472,5.83,22,0.0148,0.3805,purchase,travel,DE,0
715,16413,195.55,11,0.0792,0.1463,purchase,grocery,GB,0
716,52317,70.63,21,0.2964,0.0558,purchase,retail,DE,0
717,94214,24.77,20,0.1766,0.2291,purchase,electronics,CN,0
718,74828,16.56,11,0.0827,0.049,refund,retail,DE,0
719,52919,101.89,17,0.3048,0.2017,purchase,grocery,NL,0
720,15983,16.5,6,0.2442,0.1282,purchase,electronics,GB,0
721,46154,17.89,6,0.1624,0.0643,purchase,retail,FR,0
722,34907,22.17,10,0.0282,0.0544,purchase,retail,RU,0
723,31979,400.43,2,0.4741,0.2167,withdrawal,travel,RU,1
724,48289,46.85,14,0.1503,0.0474,purchase,crypto,DE,0
725,30057,72.07,0,0.1024,0.0331,purchase,retail,DE,0
726,39911,86.46,20,0.4311,0.3093,purchase,retail,CN,1
727,53309,117.19,12,0.298,0.0416,transfer,grocery,NL,0
728,12988,70.17,0,0.602,0.9117,withdrawal,grocery,CN,1
729,21244,103.36,22,0.1918,0.4721,transfer,gaming,FR,0
730,54489,42.55,19,0.2548,0.3185,purchase,retail,NL,0
731,30795,101.23,9,0.7246,0.2221,purchase,travel,FR,0
732,33871,26.18,17,0.5178,0.7204,transfer,travel,CN,1
733,38478,24.04,12,0.1476,0.375,purchase,travel,GB,0
734,50244,9.05,8,0.0837,0.071,purchase,retail,FR,0
735,16274,119.37,10,0.8093,0.5757,purchase,retail,CN,1
736,87734,129.6,9,0.1125,0.095,purchase,retail,DE,0
737,32852,21.43,20,0.5191,0.0684,purchase,electronics,DE,0
738,20567,24.85,23,0.1505,0.4008,purchase,retail,DE,0
739,78829,18.81,9,0.1205,0.1535,withdrawal,electronics,RU,0
740,55274,28.73,8,0.2155,0.2996,purchase,gaming,CN,0
741,47834,71.07,1,0.8847,0.8488,transfer,electronics,RU,1
742,43354,72.03,10,0.0342,0.0585,purchase,retail,FR,0
743,21493,182.72,11,0.4357,0.0873,purchase,retail,NL,0
744,37538,68.52,17,0.5809,0.523,purchase,grocery,RU,1
745,81092,9.81,6,0.1391,0.211,purchase,electronics,DE,0
746,45419,14.23,7,0.2361,0.3882,withdrawal,grocery,GB,0
747,70111,21.7,11,0.1933,0.1061,purchase,grocery,FR,0
748,20785,81.52,9,0.3859,0.5407,purchase,grocery,FR,0
749,37125,229.08,18,0.7334,0.2499,refund,crypto,DE,0
750,61278,22.98,16,0.2321,0.1543,purchase,electronics,FR,0
751,10772,78.2,13,0.157,0.1609,purchase,grocery,DE,0
752,49885,95.86,11,0.2611,0.5188,purchase,retail,DE,0
753,42279,41.85,18,0.114,0.1562,purchase,retail,FR,0
754,90148,21.25,8,0.2246,0.0738,purchase,travel,DE,0
755,46893,53.5,19,0.0501,0.407,transfer,retail,DE,0
756,14736,34.87,4,0.7172,0.5684,purchase,retail,DE,0
757,88152,34.64,20,0.1153,0.0418,purchase,retail,FR,0
758,73021,27.51,7,0.2413,0.0987,purchase,gaming,DE,0
759,54894,398.28,10,0.4425,0.3901,withdrawal,electronics,DE,1
760,13415,93.34,18,0.2755,0.3731,transfer,grocery,CN,0
761,31775,52.58,1,0.2904,0.3963,purchase,electronics,CN,0
762,51920,102.55,18,0.0857,0.123,purchase,retail,DE,0
763,17706,75.94,21,0.8673,0.4267,withdrawal,retail,FR,1
764,41510,132.41,13,0.0562,0.122,purchase,grocery,FR,0
765,38879,62.81,1,0.1635,0.265,purchase,travel,NL,0
766,29545,303.21,3,0.7072,0.3213,transfer,travel,DE,1
767,30072,149.88,17,0.0643,0.0963,purchase,gaming,DE,0
768,98677,18.94,0,0.9421,0.4103,purchase,crypto,RU,1
769,82780,102.95,6,0.0333,0.0311,withdrawal,travel,NL,0
770,57105,63.17,13,0.1478,0.2117,purchase,retail,FR,0
771,93527,388.72,10,0.2696,0.481,purchase,electronics,DE,0
772,92271,55.35,17,0.0628,0.1882,purchase,grocery,DE,0
773,22103,76.94,19,0.0661,0.0734,purchase,retail,DE,0
774,59947,255.78,12,0.122,0.1832,purchase,electronics,US,0
775,69604,1100.71,1,0.3865,0.7274,purchase,crypto,RU,1
776,96612,39.09,17,0.1218,0.1726,withdrawal,grocery,FR,0
777,87643,34.12,20,0.1443,0.0699,transfer,grocery,DE,0
778,95616,54.6,15,0.2691,0.0201,purchase,electronics,NL,0
779,58557,66.22,10,0.0291,0.2483,purchase,gaming,FR,0
780,16147,113.43,12,0.5187,0.2309,purchase,travel,FR,0
781,26557,55.29,8,0.0466,0.1272,transfer,electronics,DE,0
782,34659,28.69,11,0.3831,0.2948,refund,grocery,NL,0
783,96831,32.21,9,0.0382,0.1584,withdrawal,gaming,US,0
784,91800,88.66,18,0.2243,0.2286,purchase,electronics,FR,0
785,30282,174.52,14,0.1569,0.2553,purchase,gaming,DE,0
786,39085,26.84,14,0.0167,0.0286,purchase,electronics,DE,0
787,28131,96.77,6,0.0219,0.3114,purchase,grocery,DE,0
788,53663,53.79,0,0.0296,0.0904,purchase,gaming,US,0
789,94233,347.03,17,0.5431,0.3137,purchase,grocery,NL,0
790,29757,38.48,13,0.1465,0.2564,purchase,electronics,CN,0
791,95011,21.77,21,0.072,0.3167,purchase,travel,DE,0
792,85124,18.67,13,0.0455,0.4198,purchase,gaming,US,0
793,92475,184.79,8,0.6294,0.0658,transfer,travel,GB,0
794,40572,60.06,3,0.5871,0.4751,transfer,travel,RU,1
795,44528,167.64,16,0.2438,0.1413,purchase,electronics,DE,1
796,62875,46.85,15,0.5412,0.0736,purchase,electronics,CN,0
797,54594,194.99,6,0.6679,0.2763,transfer,electronics,CN,1
798,53983,110.66,15,0.0925,0.1479,withdrawal,crypto,DE,0
799,72193,137.99,5,0.4169,0.5176,transfer,electronics,CN,0
800,67897,29.99,15,0.3285,0.1939,purchase,travel,NL,0
801,58943,360.46,8,0.0192,0.0202,transfer,electronics,GB,0
802,68798,44.18,9,0.3543,0.0102,transfer,retail,DE,0
803,43086,15.9,2,0.0458,0.4501,purchase,grocery,DE,0
804,27237,204.92,14,0.169,0.272,purchase,crypto,RU,0
805,70931,70.06,16,0.045,0.4271,purchase,retail,GB,0
806,31677,27.82,8,0.0732,0.3771,purchase,gaming,US,0
807,90362,32.26,17,0.1962,0.1705,refund,electronics,DE,0
808,38715,36.69,17,0.1905,0.103,withdrawal,retail,FR,0
809,17693,255.9,11,0.212,0.1265,purchase,gaming,FR,0
810,81452,8.94,5,0.3779,0.3723,purchase,grocery,DE,0
811,76644,53.38,1,0.6488,0.4745,withdrawal,travel,DE,1
812,47225,186.43,23,0.3078,0.676,withdrawal,travel,DE,1
813,84376,65.13,9,0.1122,0.0566,purchase,grocery,DE,0
814,66397,34.28,8,0.287,0.2825,purchase,grocery,DE,0
815,62094,161.04,21,0.0094,0.3053,purchase,retail,DE,0
816,43098,33.58,18,0.3768,0.1751,purchase,travel,FR,0
817,92521,74.98,5,0.4994,0.098,purchase,grocery,DE,0
818,10144,78.72,12,0.3572,0.0789,refund,crypto,FR,0
819,40671,49.8,9,0.5123,0.3435,purchase,electronics,FR,0
820,58669,107.64,2,0.2595,0.1786,purchase,grocery,FR,0
821,73131,195.87,1,0.7292,0.6654,purchase,gaming,RU,1
822,42400,125.02,10,0.1082,0.0163,purchase,gaming,NL,0
823,38326,85.11,7,0.3687,0.1325,purchase,gaming,DE,0
824,85147,26.73,8,0.0188,0.1927,purchase,grocery,US,0
825,88840,64.73,10,0.0897,0.0459,purchase,crypto,DE,0
826,84881,43.49,5,0.2901,0.5491,transfer,travel,CN,1
827,49287,65.0,11,0.0453,0.0763,transfer,grocery,FR,0
828,68754,21.26,12,0.0687,0.0423,transfer,retail,US,0
829,97569,11.2,12,0.2795,0.0491,purchase,grocery,GB,0
830,19007,7.62,10,0.1295,0.1479,refund,grocery,GB,0
831,44070,45.12,12,0.1582,0.1264,purchase,grocery,GB,0
832,68508,54.78,11,0.1435,0.0036,transfer,retail,RU,0
833,13836,15.57,22,0.04,0.2239,purchase,retail,DE,0
834,50149,103.45,5,0.2686,0.1977,purchase,grocery,RU,0
835,90505,48.39,13,0.1228,0.0168,transfer,electronics,CN,0
836,95562,133.89,8,0.3795,0.1837,purchase,retail,DE,0
837,31332,292.2,10,0.215,0.7366,purchase,retail,DE,0
838,56491,17.18,13,0.1419,0.3109,purchase,retail,NL,0
839,47233,62.77,17,0.1408,0.1378,withdrawal,grocery,US,0
840,33699,75.16,22,0.4078,0.0358,withdrawal,retail,FR,0
841,86979,43.98,21,0.5342,0.3154,purchase,electronics,US,1
842,64130,26.7,12,0.3761,0.1325,transfer,grocery,FR,0
843,15454,12.48,9,0.3168,0.0494,purchase,travel,DE,0
844,59252,46.31,17,0.0623,0.4337,purchase,electronics,GB,0
845,10004,18.16,8,0.4445,0.0544,purchase,grocery,FR,0
846,42652,110.25,12,0.0092,0.2245,purchase,electronics,DE,0
847,15085,100.59,18,0.5067,0.8488,purchase,travel,CN,0
848,72517,184.18,11,0.1023,0.1321,purchase,grocery,DE,0
849,94415,39.75,13,0.0585,0.3054,purchase,grocery,FR,0
850,54987,47.68,7,0.2444,0.1953,purchase,retail,US,0
851,15756,143.31,4,0.1016,0.3009,purchase,retail,NL,0
852,50733,19.95,23,0.226,0.1618,purchase,grocery,DE,0
853,49835,89.39,16,0.4196,0.4292,purchase,travel,DE,1
854,97081,37.14,8,0.1508,0.4253,purchase,retail,RU,0
855,64138,30.19,10,0.134,0.147,purchase,grocery,DE,0
856,57996,23.78,12,0.1902,0.1291,purchase,electronics,GB,0
857,41569,346.41,10,0.6907,0.6155,purchase,travel,FR,0
858,54598,14.14,6,0.3714,0.4141,purchase,retail,DE,0
859,89142,38.69,8,0.0248,0.484,transfer,retail,DE,0
860,83170,65.93,12,0.0083,0.3112,purchase,electronics,DE,0
861,84170,35.42,11,0.0758,0.0212,purchase,grocery,DE,0
862,77065,18.17,17,0.0987,0.1106,purchase,retail,US,0
863,67566,102.07,10,0.0901,0.5398,purchase,travel,DE,0
864,22275,79.1,21,0.1467,0.4248,purchase,crypto,NL,0
865,92304,17.55,9,0.4586,0.0297,purchase,travel,DE,0
866,55837,14.15,10,0.274,0.1863,purchase,travel,DE,0
867,10054,18.93,21,0.1095,0.2859,refund,gaming,DE,0
868,39161,67.59,18,0.2291,0.1829,purchase,retail,CN,0
869,86894,53.74,10,0.0967,0.4574,purchase,grocery,DE,0
870,67883,83.23,11,0.0729,0.088,purchase,retail,NL,0
871,62269,32.23,18,0.007,0.1268,purchase,travel,DE,0
872,43540,76.73,4,0.8581,0.161,purchase,gaming,NL,1
873,83155,19.37,6,0.9411,0.3798,withdrawal,grocery,DE,0
874,67378,92.85,9,0.178,0.1336,purchase,electronics,FR,0
875,26620,26.56,13,0.305,0.2694,withdrawal,travel,DE,0
876,53907,49.83,18,0.1543,0.457,withdrawal,travel,US,0
877,81721,11.39,13,0.4248,0.1326,withdrawal,grocery,CN,0
878,53620,26.2,12,0.4864,0.2885,purchase,retail,NL,0
879,87838,100.28,22,0.2192,0.0478,purchase,grocery,DE,0
880,96130,23.13,7,0.2252,0.0178,purchase,retail,FR,0
881,28272,84.97,17,0.0479,0.0381,purchase,travel,US,0
882,91887,5.86,7,0.0578,0.0643,purchase,retail,NL,0
883,87084,26.43,16,0.1235,0.1293,purchase,retail,DE,0
884,98617,36.76,13,0.099,0.0122,purchase,electronics,DE,0
885,74792,840.76,9,0.2858,0.3665,purchase,retail,DE,0
886,68224,15.74,13,0.1043,0.1501,purchase,travel,NL,0
887,55270,75.21,19,0.0382,0.0389,purchase,travel,DE,0
888,74111,104.42,12,0.8187,0.6342,transfer,grocery,DE,0
889,87131,23.03,0,0.1928,0.3197,withdrawal,retail,FR,0
890,27273,30.95,4,0.5192,0.079,purchase,electronics,NL,0
891,44021,47.96,14,0.3762,0.3893,purchase,grocery,US,0
892,16152,12.07,15,0.8342,0.3525,purchase,retail,FR,0
893,56209,28.88,11,0.1132,0.0213,purchase,electronics,GB,0
894,31507,125.8,9,0.1106,0.2674,purchase,electronics,DE,0
895,37298,321.65,23,0.6181,0.5128,transfer,crypto,NL,1
896,40898,66.3,16,0.0543,0.3796,transfer,electronics,FR,0
897,14926,37.22,9,0.277,0.029,transfer,electronics,FR,0
898,17354,46.81,5,0.0407,0.0882,purchase,retail,CN,0
899,76879,69.67,11,0.167,0.3435,purchase,electronics,GB,0
900,49319,81.99,13,0.0497,0.0017,purchase,retail,GB,0
901,37207,26.5,22,0.2337,0.4364,purchase,retail,US,0
902,47322,166.92,11,0.5776,0.8818,transfer,retail,GB,1
903,20718,80.09,0,0.2143,0.2276,refund,electronics,DE,1
904,64919,156.73,14,0.3894,0.0371,purchase,retail,DE,0
905,93169,130.18,8,0.596,0.1543,purchase,retail,GB,0
906,88835,75.62,18,0.1433,0.4943,purchase,grocery,US,0
907,28861,20.77,9,0.2002,0.2698,purchase,travel,RU,0
908,91066,66.17,21,0.3789,0.5279,purchase,electronics,FR,0
909,31312,32.21,10,0.3556,0.536,withdrawal,retail,NL,0
910,67983,44.78,20,0.234,0.6078,purchase,grocery,DE,0
911,33285,9.46,19,0.065,0.1061,purchase,travel,FR,0
912,91616,64.75,19,0.1504,0.1504,purchase,grocery,FR,0
913,68978,127.02,3,0.1356,0.2793,purchase,retail,DE,0
914,29970,69.41,18,0.2067,0.3136,purchase,retail,CN,0
915,40295,23.94,16,0.0874,0.1017,purchase,retail,US,0
916,59364,21.64,10,0.2855,0.0613,purchase,grocery,CN,0
917,10953,152.29,0,0.4992,0.3663,purchase,retail,FR,1
918,90329,54.86,12,0.1453,0.0238,withdrawal,retail,DE,0
919,59873,37.33,14,0.1979,0.1345,purchase,gaming,DE,0
920,94228,61.97,21,0.1006,0.0505,purchase,travel,GB,0
921,72418,70.91,17,0.0842,0.0127,purchase,retail,DE,0
922,99567,12.25,22,0.8063,0.8784,transfer,retail,CN,1
923,57044,107.57,11,0.5152,0.7776,transfer,retail,NL,0
924,82862,16.24,14,0.2157,0.04,withdrawal,retail,FR,0
925,70762,51.34,8,0.095,0.1057,transfer,electronics,NL,0
926,16063,31.22,11,0.0546,0.1282,purchase,retail,FR,0
927,61911,39.1,17,0.4897,0.9937,purchase,crypto,DE,0
928,80923,88.65,14,0.3783,0.0822,purchase,crypto,DE,0
929,94193,97.24,17,0.2893,0.3572,refund,retail,CN,0
930,20674,139.59,12,0.2236,0.1996,refund,gaming,FR,0
931,66302,61.05,10,0.6549,0.3349,transfer,grocery,DE,0
932,82973,38.73,16,0.2701,0.2871,withdrawal,grocery,DE,0
933,44047,34.3,6,0.0267,0.2755,purchase,gaming,DE,0
934,24708,9.73,22,0.1459,0.2414,purchase,travel,DE,0
935,94896,132.79,21,0.4011,0.3349,transfer,travel,FR,0
936,76113,32.34,19,0.1573,0.0032,purchase,grocery,GB,0
937,41878,65.37,19,0.3738,0.1474,purchase,grocery,DE,0
938,86701,572.44,12,0.0888,0.1058,purchase,electronics,GB,0
939,17185,107.98,12,0.0539,0.1302,withdrawal,retail,DE,0
940,22363,19.4,18,0.4099,0.3653,purchase,crypto,NL,0
941,31673,158.38,9,0.4152,0.1134,purchase,electronics,DE,0
942,12213,54.43,18,0.0901,0.1628,purchase,retail,DE,0
943,76046,25.96,8,0.0582,0.0694,purchase,travel,DE,0
944,78626,38.19,19,0.4423,0.0025,transfer,retail,FR,0
945,48454,652.17,13,0.4829,0.038,transfer,electronics,GB,0
946,61426,94.08,18,0.6313,0.0686,withdrawal,electronics,NL,0
947,89627,12.23,12,0.247,0.0889,purchase,retail,US,0
948,41341,1182.56,14,0.1527,0.2156,purchase,retail,DE,0
949,51862,96.66,20,0.3346,0.4328,purchase,travel,DE,0
950,44732,37.35,11,0.0902,0.0292,refund,travel,DE,0
951,13636,15.44,8,0.3526,0.153,purchase,retail,DE,0
952,18136,104.16,6,0.3975,0.224,purchase,grocery,FR,0
953,44203,63.75,13,0.0706,0.5,withdrawal,grocery,NL,0
954,78067,12.32,14,0.1156,0.0925,purchase,travel,DE,0
955,86084,34.91,14,0.6993,0.4115,purchase,grocery,DE,0
956,90960,4755.23,2,0.1606,0.0639,purchase,grocery,DE,0
957,35644,43.12,1,0.2174,0.0762,purchase,retail,DE,0
958,25366,22.63,20,0.2607,0.2884,purchase,gaming,NL,0
959,67432,18.04,15,0.3923,0.4117,purchase,retail,FR,0
960,59836,191.77,7,0.1058,0.0558,purchase,grocery,DE,0
961,17826,47.72,4,0.0157,0.563,purchase,travel,CN,1
962,78713,511.02,5,0.128,0.4172,purchase,retail,CN,0
963,72296,140.66,7,0.1773,0.2901,purchase,retail,NL,0
964,38621,52.51,18,0.0489,0.0481,purchase,travel,DE,0
965,23373,123.46,16,0.2099,0.2151,transfer,retail,DE,0
966,94950,20.68,14,0.7205,0.7908,purchase,travel,DE,0
967,63998,48.82,14,0.1589,0.4082,purchase,travel,FR,0
968,36836,54.27,19,0.1354,0.0727,purchase,crypto,DE,0
969,71030,137.7,10,0.1133,0.1729,purchase,grocery,DE,0
970,98077,55.76,10,0.2407,0.1234,purchase,retail,RU,0
971,73309,24.99,11,0.0295,0.0293,purchase,grocery,CN,0
972,19623,112.55,20,0.46,0.3825,purchase,retail,NL,1
973,46476,44.9,23,0.0078,0.1595,purchase,retail,FR,0
974,15040,10.23,13,0.1991,0.1908,purchase,grocery,US,0
975,47301,5.91,13,0.1143,0.0929,purchase,grocery,DE,0
976,54013,86.2,18,0.4942,0.0883,refund,grocery,GB,0
977,95879,30.92,8,0.2181,0.0324,purchase,electronics,US,0
978,12080,34.05,11,0.159,0.1638,purchase,grocery,US,0
979,98134,86.17,14,0.7029,0.1543,purchase,electronics,NL,0
980,81358,139.42,23,0.4051,0.3266,purchase,electronics,US,0
981,37273,66.97,7,0.2216,0.1812,purchase,grocery,DE,0
982,75456,218.95,11,0.2179,0.2963,withdrawal,retail,FR,0
983,81234,275.16,20,0.0868,0.1428,purchase,retail,GB,0
984,10878,54.98,16,0.1448,0.2055,withdrawal,electronics,FR,0
985,90695,52.16,14,0.0207,0.105,purchase,electronics,DE,0
986,18039,14.26,9,0.1894,0.295,purchase,retail,GB,0
987,59824,95.83,8,0.1516,0.2617,transfer,retail,NL,0
988,51177,247.05,0,0.6107,0.2704,withdrawal,crypto,NL,1
989,48168,5.32,10,0.0115,0.442,purchase,electronics,FR,0
990,97453,25.83,9,0.0455,0.043,purchase,retail,DE,0
991,15414,268.56,18,0.3528,0.0488,purchase,electronics,DE,0
992,84378,21.73,16,0.0347,0.2887,purchase,retail,US,0
993,84111,28.96,18,0.1399,0.0218,purchase,grocery,DE,0
994,42316,203.05,8,0.0469,0.0926,purchase,retail,NL,0
995,24281,108.68,10,0.7394,0.9265,purchase,retail,DE,0
996,38218,23.74,17,0.0456,0.1576,transfer,grocery,DE,0
997,76204,28.53,8,0.2474,0.107,withdrawal,electronics,FR,0
998,75565,103.52,2,0.6246,0.6668,purchase,gaming,RU,1
999,64225,108.76,7,0.1462,0.1688,purchase,travel,GB,0
1000,37372,77.42,10,0.1951,0.1657,purchase,retail,DE,0
1001,92889,342.18,21,0.753,0.5869,purchase,gaming,FR,1
1002,73266,34.39,8,0.2759,0.2132,transfer,grocery,DE,0
1003,15510,7.99,5,0.3847,0.2684,purchase,retail,FR,0
1004,13777,46.32,10,0.2744,0.1252,purchase,grocery,FR,0
1005,73297,61.75,19,0.1504,0.1721,purchase,retail,NL,0
1006,84232,96.42,4,0.0574,0.0385,purchase,electronics,FR,0
1007,72476,39.95,13,0.2117,0.1422,purchase,electronics,FR,0
1008,26664,30.98,13,0.2501,0.3016,purchase,travel,DE,0
1009,85881,230.06,13,0.0202,0.2372,transfer,grocery,DE,0
1010,42709,42.76,12,0.1176,0.0606,purchase,electronics,DE,0
1011,73513,78.38,1,0.1469,0.184,purchase,grocery,DE,0
1012,74268,26.88,3,0.0799,0.1508,purchase,grocery,CN,0
1013,34257,195.3,23,0.7003,0.2863,purchase,grocery,DE,1
1014,29666,76.43,12,0.7559,0.7183,purchase,retail,DE,0
1015,76535,12.34,22,0.4536,0.1431,purchase,electronics,NL,0
1016,99781,28.71,11,0.5479,0.4024,purchase,retail,FR,0
1017,64619,15.23,12,0.0501,0.1099,purchase,gaming,FR,0
1018,40944,25.43,22,0.0378,0.2421,purchase,electronics,NL,0
1019,42725,53.84,0,0.8656,0.4716,purchase,crypto,NL,1
1020,60748,123.09,17,0.3166,0.2523,purchase,electronics,FR,0
1021,80572,25.27,17,0.3932,0.0139,purchase,grocery,DE,0
1022,87374,78.3,12,0.107,0.183,refund,retail,DE,0
1023,82818,154.42,20,0.0265,0.1635,withdrawal,grocery,DE,0
1024,97613,41.54,13,0.1892,0.209,purchase,electronics,FR,0
1025,54034,98.96,15,0.2898,0.2229,purchase,grocery,DE,0
1026,91402,66.78,17,0.1146,0.0503,purchase,retail,RU,0
1027,70936,46.94,11,0.2334,0.0728,transfer,grocery,DE,0
1028,92168,80.46,21,0.143,0.3242,purchase,retail,NL,0
1029,14103,203.15,23,0.3305,0.0367,purchase,electronics,RU,0
1030,75460,24.74,13,0.341,0.5673,purchase,travel,CN,0
1031,96455,18.82,8,0.3599,0.1953,purchase,retail,GB,0
1032,19098,17.9,17,0.3097,0.3418,refund,retail,FR,0
1033,96197,99.01,10,0.5155,0.222,transfer,electronics,GB,0
1034,31760,74.96,2,0.8854,0.7704,purchase,travel,DE,1
1035,52386,111.05,13,0.186,0.3215,transfer,retail,CN,0
1036,70861,26.94,6,0.1579,0.1432,purchase,grocery,FR,0
1037,17848,6.92,18,0.1399,0.1544,purchase,grocery,DE,0
1038,68807,23.96,21,0.134,0.0849,transfer,travel,DE,0
1039,74597,67.74,6,0.4899,0.1874,purchase,retail,FR,0
1040,67150,259.17,16,0.1908,0.1356,transfer,grocery,DE,0
1041,34244,49.57,19,0.323,0.2648,purchase,electronics,DE,0
1042,21290,126.22,18,0.505,0.8469,transfer,travel,NL,1
1043,68562,27.25,6,0.1036,0.0086,withdrawal,electronics,NL,0
1044,33395,100.68,9,0.3386,0.1143,transfer,grocery,DE,0
1045,23179,55.91,12,0.7631,0.5497,transfer,crypto,NL,1
1046,66316,56.92,11,0.241,0.1965,purchase,retail,DE,0
1047,36412,70.0,18,0.0864,0.2745,purchase,grocery,NL,0
1048,52194,48.68,12,0.3857,0.1603,transfer,travel,DE,0
1049,88062,66.4,7,0.0389,0.2932,purchase,electronics,CN,0
1050,67148,62.79,9,0.0466,0.3101,purchase,electronics,RU,0
1051,32644,19.32,12,0.3565,0.0858,withdrawal,grocery,RU,0
1052,32431,182.82,3,0.1059,0.0296,transfer,travel,DE,0
1053,95269,632.1,14,0.2306,0.4697,withdrawal,grocery,DE,0
1054,58074,113.51,1,0.4947,0.2621,purchase,retail,DE,0
1055,46734,366.77,7,0.4854,0.4688,transfer,gaming,FR,1
1056,12447,60.56,17,0.0546,0.2547,purchase,retail,CN,0
1057,45344,18.72,16,0.121,0.4584,withdrawal,electronics,US,0
1058,14184,21.34,19,0.0591,0.0878,purchase,electronics,DE,0
1059,37556,29.37,7,0.0658,0.1941,purchase,electronics,DE,0
1060,37335,338.09,14,0.1869,0.5252,purchase,grocery,DE,0
1061,27730,38.32,17,0.4348,0.3304,purchase,grocery,DE,0
1062,11116,16.36,12,0.1265,0.0901,purchase,retail,DE,0
1063,91635,16.28,7,0.0795,0.1743,purchase,travel,DE,0
1064,46267,7.14,6,0.2541,0.1665,purchase,grocery,NL,0
1065,56363,3.0,14,0.1893,0.2885,transfer,retail,NL,0
1066,38402,38.02,12,0.1669,0.047,purchase,grocery,DE,0
1067,49133,305.58,21,0.0821,0.3253,transfer,retail,DE,0
1068,54881,195.83,18,0.1293,0.1467,purchase,grocery,FR,0
1069,24018,29.87,2,0.5287,0.5019,transfer,gaming,NL,1
1070,18456,18.51,16,0.2932,0.1439,withdrawal,grocery,NL,0
1071,39898,48.3,22,0.1664,0.0683,purchase,retail,DE,0
1072,50576,12.24,15,0.031,0.3349,purchase,grocery,DE,0
1073,97283,115.62,22,0.8678,0.8863,transfer,crypto,CN,1
1074,25142,13.94,6,0.3664,0.2004,purchase,crypto,CN,0
1075,25537,15.37,5,0.2178,0.2532,purchase,grocery,DE,0
1076,49270,35.1,18,0.0832,0.0171,purchase,grocery,US,0
1077,91327,36.41,10,0.117,0.0791,transfer,travel,NL,0
1078,27940,264.03,20,0.3354,0.0927,purchase,grocery,FR,0
1079,57593,74.72,7,0.0615,0.1853,transfer,retail,DE,0
1080,69595,31.93,8,0.1686,0.3294,purchase,electronics,GB,0
1081,97725,43.85,17,0.2953,0.1612,purchase,electronics,FR,0
1082,27575,133.2,18,0.1745,0.0022,purchase,electronics,DE,0
1083,46418,13.56,19,0.1639,0.0417,refund,retail,US,0
1084,13054,11.89,6,0.0694,0.6724,purchase,grocery,NL,0
1085,43643,73.84,10,0.2197,0.1475,refund,grocery,GB,0
1086,98250,31.91,14,0.1955,0.1367,purchase,travel,DE,0
1087,65167,8.67,20,0.0159,0.1415,purchase,electronics,DE,0
1088,72550,40.3,9,0.2575,0.089,purchase,grocery,DE,0
1089,64978,14.71,14,0.404,0.0113,transfer,electronics,DE,0
1090,79779,174.39,7,0.4354,0.0561,purchase,travel,US,0
1091,24598,26.0,16,0.474,0.6471,refund,electronics,DE,0
1092,14573,75.89,7,0.1285,0.389,purchase,electronics,DE,0
1093,68402,107.3,23,0.8379,0.5126,purchase,electronics,FR,0
1094,69309,18.88,6,0.1692,0.0971,purchase,grocery,CN,0
1095,51144,45.36,15,0.1025,0.1346,purchase,travel,DE,0
1096,57792,68.06,17,0.5193,0.0555,purchase,retail,CN,0
1097,16270,46.91,9,0.0279,0.3472,withdrawal,grocery,CN,0
1098,92789,57.8,9,0.3919,0.5284,purchase,gaming,DE,0
1099,27181,13.73,14,0.048,0.2104,transfer,retail,NL,0
1100,72649,68.1,14,0.1169,0.2719,purchase,grocery,NL,0
1101,42403,172.2,2,0.3442,0.6026,transfer,travel,US,1
1102,28523,28.13,16,0.8515,0.7837,purchase,travel,DE,0
1103,15496,57.23,13,0.0351,0.0287,purchase,retail,RU,0
1104,24491,92.94,8,0.3297,0.3451,purchase,retail,NL,0
1105,73075,75.07,20,0.3335,0.096,transfer,gaming,GB,0
1106,30403,57.19,8,0.235,0.8612,purchase,retail,GB,0
1107,64600,73.39,13,0.034,0.0587,transfer,retail,DE,0
1108,64695,76.34,20,0.1425,0.3423,purchase,travel,NL,0
1109,24421,151.59,20,0.2152,0.022,purchase,electronics,US,0
1110,50009,41.31,8,0.2849,0.1235,purchase,retail,GB,0
1111,54641,48.88,9,0.0731,0.2518,purchase,retail,FR,0
1112,96148,620.54,14,0.0751,0.1099,purchase,electronics,FR,0
1113,86912,28.03,10,0.0357,0.0169,purchase,retail,NL,0
1114,77652,13.67,16,0.2136,0.4002,purchase,retail,DE,0
1115,40137,64.67,12,0.1407,0.0696,purchase,retail,DE,0
1116,20739,63.58,3,0.0937,0.165,purchase,travel,DE,1
1117,36207,35.69,9,0.0855,0.2148,purchase,gaming,FR,0
1118,95546,15.24,11,0.1047,0.2542,purchase,electronics,RU,0
1119,44483,65.07,15,0.3889,0.2359,purchase,grocery,GB,0
1120,78164,51.32,5,0.3362,0.566,refund,travel,NL,1
1121,20073,143.52,17,0.0411,0.2267,purchase,gaming,DE,0
1122,12502,75.84,10,0.7128,0.1184,transfer,retail,DE,0
1123,50767,101.39,6,0.2626,0.0669,purchase,retail,DE,0
1124,91225,4.92,10,0.4368,0.4022,transfer,grocery,US,0
1125,84544,30.26,14,0.1063,0.0758,purchase,electronics,DE,0
1126,69073,203.25,17,0.769,0.7917,transfer,retail,FR,0
1127,27248,32.17,19,0.331,0.0898,purchase,grocery,NL,0
1128,43138,79.66,2,0.2404,0.3182,transfer,grocery,GB,1
1129,30312,45.9,22,0.1593,0.1095,withdrawal,retail,US,0
1130,15026,81.32,13,0.04,0.1291,purchase,electronics,DE,0
1131,20866,9.88,19,0.2449,0.0984,purchase,retail,DE,0
1132,82326,348.82,9,0.2346,0.0181,purchase,grocery,DE,0
1133,13997,44.91,13,0.0117,0.2732,purchase,retail,DE,0
1134,29180,207.05,13,0.3101,0.6563,withdrawal,grocery,DE,0
1135,43407,14.87,17,0.1237,0.1415,purchase,retail,NL,0
1136,52425,30.74,17,0.2082,0.0342,purchase,gaming,DE,0
1137,90648,19.32,9,0.0728,0.0558,transfer,travel,NL,0
1138,95978,17.65,19,0.5875,0.3122,purchase,grocery,US,0
1139,98397,185.19,12,0.8298,0.4953,purchase,crypto,DE,1
1140,78400,110.86,19,0.0801,0.008,purchase,retail,FR,0
1141,18891,139.09,21,0.1532,0.3511,purchase,retail,CN,0
1142,60034,26.52,11,0.1877,0.3508,purchase,grocery,FR,0
1143,79108,27.38,23,0.0261,0.2171,purchase,retail,FR,0
1144,43973,26.34,17,0.1035,0.3387,purchase,grocery,DE,0
1145,87925,28.42,15,0.2225,0.0594,purchase,retail,NL,0
1146,69419,14.52,11,0.092,0.0714,refund,grocery,GB,0
1147,65679,34.13,18,0.466,0.0254,refund,electronics,DE,0
1148,64064,215.32,17,0.2614,0.0312,purchase,grocery,NL,0
1149,35487,22.33,13,0.0906,0.1493,purchase,retail,FR,0
1150,32052,48.51,23,0.4806,0.0929,purchase,travel,RU,0
1151,18971,52.14,9,0.4092,0.0879,withdrawal,gaming,DE,0
1152,82144,26.49,14,0.1978,0.1866,withdrawal,gaming,FR,0
1153,85126,37.62,10,0.1669,0.0195,purchase,grocery,FR,0
1154,20746,266.36,11,0.2327,0.2688,purchase,grocery,FR,0
1155,26910,257.85,10,0.7109,0.7797,purchase,retail,DE,0
1156,29037,53.26,5,0.1853,0.5711,transfer,travel,RU,1
1157,65628,31.02,14,0.4071,0.5602,transfer,retail,FR,1
1158,22944,255.46,6,0.659,0.8473,purchase,crypto,CN,1
1159,14249,125.13,1,0.3314,0.7474,transfer,crypto,DE,1
1160,64729,17.36,10,0.2268,0.0627,purchase,gaming,DE,0
1161,13093,223.07,21,0.3672,0.4333,purchase,gaming,GB,1
1162,13254,19.55,10,0.093,0.0825,purchase,retail,DE,0
1163,14663,17.28,4,0.2141,0.2467,transfer,grocery,DE,0
1164,96127,104.43,3,0.0232,0.4147,purchase,grocery,DE,0
1165,97167,30.3,16,0.0157,0.1585,purchase,retail,US,0
1166,66198,52.13,10,0.141,0.1654,purchase,grocery,FR,0
1167,49444,232.16,1,0.1629,0.0059,purchase,grocery,GB,0
1168,91040,42.14,6,0.1813,0.4277,withdrawal,retail,DE,0
1169,18086,77.5,8,0.142,0.2486,purchase,retail,CN,0
1170,21055,66.18,3,0.0978,0.1986,purchase,grocery,US,0
1171,53973,25.79,21,0.142,0.0767,transfer,crypto,RU,0
1172,28913,104.62,13,0.1032,0.0399,withdrawal,crypto,GB,0
1173,53015,20.65,11,0.0318,0.1361,purchase,grocery,GB,0
1174,77843,132.81,13,0.2622,0.0662,withdrawal,electronics,NL,0
1175,11411,25.81,7,0.2512,0.121,purchase,electronics,GB,0
1176,85969,28.32,15,0.2469,0.2133,purchase,gaming,DE,0
1177,90076,16.86,22,0.1828,0.0072,withdrawal,travel,DE,0
1178,34209,19.38,7,0.02,0.1597,purchase,retail,DE,0
1179,89482,29.58,7,0.0562,0.0489,refund,crypto,GB,0
1180,75062,5.38,14,0.0556,0.1787,withdrawal,grocery,DE,0
1181,36891,34.87,7,0.0697,0.036,purchase,retail,US,0
1182,86013,27.61,7,0.5448,0.5281,transfer,grocery,FR,0
1183,99891,83.22,15,0.3744,0.0508,transfer,crypto,GB,0
1184,37115,60.92,14,0.8511,0.2763,purchase,travel,FR,0
1185,76522,23.3,8,0.1496,0.0636,purchase,travel,US,0
1186,41461,28.8,18,0.1403,0.2877,withdrawal,grocery,RU,0
1187,62193,34.83,6,0.2336,0.2542,purchase,electronics,GB,0
1188,46763,150.36,10,0.2776,0.1677,purchase,retail,US,0
1189,12261,21.14,16,0.7619,0.3907,purchase,retail,US,0
1190,78438,23.06,14,0.0132,0.2914,purchase,gaming,FR,0
1191,10382,16.29,14,0.7384,0.3951,purchase,grocery,DE,0
1192,42005,12.06,15,0.2936,0.4528,purchase,gaming,NL,0
1193,68016,55.2,14,0.2329,0.0763,transfer,retail,DE,0
1194,19602,50.52,19,0.1635,0.1298,refund,travel,FR,0
1195,35003,126.51,13,0.0909,0.114,purchase,retail,DE,0
1196,60402,103.05,11,0.33,0.4596,transfer,retail,DE,0
1197,37702,326.21,17,0.1132,0.2198,purchase,retail,GB,0
1198,14869,39.93,9,0.0279,0.2804,transfer,retail,DE,0
1199,61719,34.07,17,0.1327,0.0847,purchase,crypto,CN,0
1200,60239,14.08,9,0.0727,0.0138,purchase,travel,DE,0
1201,10602,76.87,12,0.2117,0.4052,purchase,gaming,DE,0
1202,36870,47.03,16,0.0712,0.2075,purchase,retail,CN,0
1203,59257,73.96,14,0.4095,0.3273,purchase,electronics,US,0
1204,71984,16.15,6,0.3163,0.1892,purchase,retail,DE,0
1205,32170,176.16,11,0.67,0.6686,refund,travel,DE,1
1206,26510,679.19,4,0.6548,0.1663,purchase,grocery,DE,1
1207,36530,57.33,11,0.0821,0.3543,purchase,retail,US,0
1208,77287,50.62,18,0.0378,0.4912,transfer,gaming,US,0
1209,34855,47.86,23,0.2,0.2545,purchase,retail,FR,0
1210,93561,23.79,12,0.0571,0.0625,purchase,electronics,US,0
1211,15400,116.85,6,0.2033,0.0649,purchase,gaming,FR,0
1212,76889,1198.05,10,0.033,0.0611,purchase,retail,DE,0
1213,96354,16.55,12,0.7113,0.5178,purchase,gaming,DE,0
1214,37048,576.2,5,0.4098,0.4218,purchase,grocery,DE,0
1215,36201,3.68,19,0.1308,0.1932,purchase,travel,DE,0
1216,58944,75.06,13,0.0538,0.4809,refund,electronics,GB,0
1217,69686,8.67,11,0.0392,0.2001,purchase,travel,DE,0
1218,85491,27.22,11,0.2613,0.08,transfer,crypto,GB,0
1219,90981,102.99,2,0.0171,0.0824,purchase,gaming,FR,0
1220,80932,246.96,0,0.1116,0.0585,transfer,crypto,DE,1
1221,43275,43.04,14,0.4718,0.5696,purchase,gaming,CN,1
1222,14982,35.4,12,0.1249,0.0548,purchase,retail,NL,0
1223,55022,86.75,12,0.0262,0.1105,purchase,electronics,GB,0
1224,15539,8.77,10,0.0176,0.1232,purchase,grocery,GB,0
1225,78909,31.33,15,0.0014,0.0587,purchase,retail,FR,0
1226,19966,27.48,11,0.2536,0.2366,withdrawal,retail,NL,0
1227,18613,163.02,13,0.0581,0.2111,refund,retail,DE,0
1228,51302,61.37,19,0.0932,0.2059,withdrawal,grocery,GB,0
1229,63624,15.63,10,0.5529,0.74,purchase,retail,GB,0
1230,26227,133.85,19,0.6798,0.8075,withdrawal,grocery,DE,1
1231,62389,28.49,11,0.2032,0.1851,purchase,retail,RU,0
1232,73079,159.6,19,0.2672,0.1494,transfer,crypto,DE,0
1233,23390,78.04,10,0.1181,0.222,purchase,gaming,DE,0
1234,90791,139.16,11,0.2218,0.1774,purchase,travel,CN,0
1235,26746,33.89,17,0.4625,0.1622,purchase,crypto,DE,0
1236,11990,34.82,14,0.7694,0.7807,purchase,grocery,NL,0
1237,92959,26.92,21,0.6717,0.8881,purchase,grocery,CN,0
1238,76921,9.94,12,0.0531,0.3436,purchase,grocery,NL,0
1239,77263,23.9,12,0.2365,0.2395,purchase,retail,DE,0
1240,13377,138.49,3,0.1567,0.4302,purchase,grocery,DE,0
1241,53483,30.75,8,0.0985,0.3715,purchase,grocery,DE,0
1242,16987,38.95,13,0.082,0.0717,purchase,grocery,NL,0
1243,80345,47.92,8,0.2307,0.0946,purchase,grocery,CN,0
1244,48969,50.42,16,0.6888,0.2696,transfer,crypto,NL,1
1245,88991,280.18,11,0.1186,0.2155,purchase,grocery,DE,0
1246,99956,42.84,9,0.2893,0.0488,purchase,electronics,FR,0
1247,37717,743.07,1,0.1221,0.2862,purchase,crypto,GB,0
1248,36714,25.57,12,0.3389,0.3032,purchase,electronics,US,0
1249,98064,34.11,14,0.0498,0.2396,transfer,retail,US,0
1250,56084,42.98,10,0.2986,0.2635,purchase,retail,GB,0
1251,74303,22.02,17,0.3091,0.3439,purchase,gaming,DE,0
1252,97971,35.76,7,0.4596,0.1805,purchase,retail,DE,0
1253,47135,90.45,6,0.0983,0.3027,purchase,retail,NL,0
1254,66653,21.54,21,0.3495,0.0668,purchase,retail,DE,0
1255,79844,42.52,20,0.3629,0.2846,refund,grocery,FR,0
1256,42763,77.67,11,0.1434,0.2152,purchase,retail,DE,0
1257,69799,21.1,11,0.1075,0.3766,purchase,retail,DE,0
1258,39463,107.89,18,0.2746,0.1487,transfer,retail,GB,0
1259,79948,45.24,13,0.1234,0.0929,withdrawal,grocery,NL,0
1260,35364,36.95,7,0.5221,0.0297,purchase,electronics,DE,0
1261,53713,55.62,19,0.7038,0.4939,purchase,electronics,FR,1
1262,17413,7.71,7,0.0787,0.1904,purchase,crypto,CN,0
1263,87743,215.78,7,0.3182,0.2967,purchase,retail,FR,0
1264,19349,58.31,17,0.056,0.3562,purchase,travel,NL,0
1265,13179,187.46,14,0.2375,0.042,purchase,retail,NL,0
1266,75758,68.9,9,0.2201,0.2213,purchase,travel,DE,0
1267,26282,110.75,7,0.2671,0.5112,purchase,retail,US,0
1268,60057,15.21,7,0.191,0.1275,purchase,grocery,NL,0
1269,99408,38.18,16,0.3753,0.2632,purchase,grocery,DE,0
1270,21630,22.38,2,0.8673,0.3946,purchase,electronics,CN,1
1271,29998,120.02,19,0.4673,0.2258,purchase,crypto,DE,0
1272,46248,19.99,13,0.0457,0.2002,transfer,retail,RU,0
1273,82368,96.59,17,0.3533,0.0391,transfer,electronics,CN,0
1274,31056,65.25,23,0.6545,0.6282,purchase,travel,DE,1
1275,97532,79.31,9,0.0191,0.0435,withdrawal,electronics,GB,0
1276,47761,53.71,13,0.049,0.215,purchase,grocery,FR,0
1277,74020,32.16,11,0.0801,0.2505,transfer,travel,NL,0
1278,66135,18.39,6,0.1119,0.1024,withdrawal,grocery,FR,0
1279,52247,192.3,12,0.2368,0.022,purchase,travel,US,0
1280,21106,72.75,18,0.0928,0.2548,purchase,retail,GB,0
1281,47718,56.8,4,0.1327,0.0805,transfer,electronics,DE,0
1282,74720,29.94,12,0.3835,0.2023,purchase,grocery,DE,0
1283,25804,43.91,19,0.2603,0.2253,purchase,crypto,GB,0
1284,13508,48.91,17,0.179,0.0794,transfer,grocery,RU,0
1285,57443,59.73,12,0.5802,0.4316,purchase,gaming,GB,0
1286,10953,79.38,8,0.0477,0.2089,purchase,retail,FR,0
1287,38910,21.87,18,0.1784,0.1838,transfer,retail,GB,0
1288,86237,12.22,7,0.6163,0.6579,purchase,electronics,GB,0
1289,29847,45.68,9,0.1033,0.4533,purchase,gaming,GB,0
1290,74134,9.63,7,0.0969,0.1649,purchase,grocery,CN,0
1291,18954,32.29,11,0.4449,0.6533,purchase,retail,NL,0
1292,17544,27.58,14,0.2958,0.1429,transfer,grocery,FR,0
1293,43435,64.59,18,0.7623,0.8305,withdrawal,electronics,GB,0
1294,15488,229.34,12,0.0939,0.1544,purchase,grocery,US,0
1295,73158,8.14,22,0.0974,0.083,purchase,electronics,NL,0
1296,84528,293.85,14,0.0117,0.3759,purchase,grocery,DE,0
1297,22085,34.88,14,0.1883,0.1049,purchase,retail,DE,0
1298,18095,256.18,8,0.6184,0.8,transfer,travel,US,0
1299,61301,12.77,8,0.6806,0.6757,withdrawal,retail,FR,0
1300,76981,99.22,13,0.3985,0.1538,purchase,grocery,RU,0
1301,23743,44.05,16,0.6005,0.5194,purchase,gaming,DE,0
1302,66179,40.36,8,0.1524,0.1599,purchase,retail,GB,0
1303,36776,8.19,12,0.4295,0.3624,purchase,grocery,FR,0
1304,85688,45.27,10,0.3088,0.4104,purchase,retail,DE,0
1305,69983,87.27,11,0.0268,0.3101,purchase,retail,DE,0
1306,50787,34.78,8,0.0487,0.3877,purchase,grocery,DE,0
1307,56957,115.36,7,0.3793,0.3421,purchase,retail,FR,0
1308,62016,111.38,10,0.1855,0.1962,purchase,retail,US,0
1309,41887,143.71,3,0.5605,0.625,transfer,grocery,CN,1
1310,22387,24.66,19,0.1522,0.0835,purchase,electronics,RU,0
1311,72585,164.98,18,0.093,0.0755,purchase,retail,FR,0
1312,89620,44.19,6,0.2453,0.0666,transfer,travel,CN,0
1313,59915,44.36,6,0.3634,0.0672,purchase,grocery,US,0
1314,42462,80.42,3,0.2091,0.0469,purchase,electronics,US,1
1315,90316,30.13,11,0.3121,0.7441,withdrawal,electronics,DE,1
1316,30402,46.25,12,0.3098,0.0612,purchase,grocery,DE,0
1317,47670,45.1,9,0.2153,0.7365,purchase,grocery,DE,0
1318,12686,20.15,0,0.74,0.3305,transfer,grocery,CN,1
1319,67873,4.55,18,0.301,0.7006,purchase,grocery,US,0
1320,50776,36.32,12,0.054,0.1204,withdrawal,retail,NL,0
1321,82391,13.34,19,0.0495,0.1383,purchase,gaming,GB,0
1322,10141,169.42,6,0.3179,0.0755,purchase,retail,NL,0
1323,69680,636.67,9,0.9709,0.6669,transfer,retail,FR,1
1324,65583,163.72,22,0.1222,0.2793,purchase,travel,DE,0
1325,54084,87.72,17,0.1478,0.0719,purchase,electronics,FR,0
1326,76453,34.72,16,0.1012,0.0891,purchase,retail,DE,0
1327,15999,18.05,21,0.1961,0.2058,purchase,retail,GB,0
1328,20074,24.31,12,0.2766,0.4768,purchase,gaming,DE,0
1329,88080,221.68,7,0.3541,0.2808,purchase,retail,FR,0
1330,51934,23.61,12,0.1147,0.4327,purchase,grocery,DE,0
1331,16183,5.74,18,0.0721,0.2704,purchase,retail,GB,0
1332,51420,513.67,19,0.2234,0.1044,purchase,grocery,FR,0
1333,52459,152.24,12,0.2938,0.1788,purchase,retail,GB,0
1334,22277,174.22,16,0.1308,0.1001,purchase,gaming,GB,0
1335,29764,102.78,9,0.1118,0.627,transfer,retail,GB,0
1336,55859,118.07,8,0.5114,0.5992,withdrawal,electronics,CN,0
1337,77607,44.48,13,0.0071,0.5376,withdrawal,grocery,DE,0
1338,69261,7.28,11,0.2189,0.3076,purchase,grocery,DE,0
1339,70516,43.54,7,0.0227,0.2704,purchase,travel,DE,0
1340,73296,72.12,17,0.4753,0.3892,purchase,travel,FR,0
1341,29537,37.9,13,0.1787,0.0432,withdrawal,electronics,FR,0
1342,21548,36.46,12,0.0746,0.1504,transfer,retail,US,0
1343,74997,18.74,8,0.0526,0.1089,purchase,grocery,RU,0
1344,75565,18.15,9,0.2558,0.3948,transfer,electronics,DE,0
1345,40926,202.84,15,0.6727,0.2448,purchase,retail,CN,0
1346,69646,209.18,19,0.0126,0.0856,purchase,retail,DE,0
1347,34631,42.43,8,0.5831,0.0896,withdrawal,retail,DE,0
1348,23614,54.02,18,0.4149,0.5005,withdrawal,retail,GB,0
1349,20903,18.47,17,0.0086,0.0845,purchase,retail,DE,0
1350,27826,73.42,18,0.269,0.0615,purchase,retail,GB,0
1351,39499,189.75,13,0.1022,0.0277,purchase,retail,US,0
1352,39058,11.59,10,0.7596,0.8498,purchase,retail,NL,0
1353,97248,63.07,17,0.151,0.0138,purchase,gaming,US,0
1354,76091,67.23,12,0.696,0.637,purchase,travel,DE,0
1355,25272,66.58,8,0.0743,0.327,purchase,grocery,DE,0
1356,39513,116.62,2,0.5617,0.9273,purchase,crypto,DE,1
1357,91887,171.81,11,0.0632,0.1166,purchase,electronics,FR,0
1358,78078,239.99,11,0.1621,0.0897,withdrawal,travel,RU,0
1359,96144,34.87,12,0.1105,0.0572,purchase,retail,NL,0
1360,70301,269.41,20,0.2808,0.1639,purchase,travel,GB,0
1361,58179,45.68,11,0.3169,0.2175,purchase,gaming,CN,0
1362,75778,24.85,9,0.4833,0.2145,transfer,retail,GB,0
1363,66173,53.53,22,0.1096,0.1367,purchase,crypto,NL,0
1364,16674,39.14,19,0.3748,0.8336,refund,crypto,DE,1
1365,46620,75.25,9,0.2534,0.2296,purchase,grocery,US,0
1366,49838,51.13,0,0.2189,0.1251,purchase,grocery,DE,0
1367,59683,20.11,18,0.7233,0.763,purchase,retail,NL,0
1368,25368,28.67,21,0.2213,0.0863,transfer,retail,US,0
1369,80559,28.86,15,0.0967,0.1944,purchase,grocery,FR,0
1370,17035,20.78,11,0.018,0.3247,purchase,crypto,US,0
1371,94154,55.51,13,0.0433,0.3079,withdrawal,electronics,GB,0
1372,36444,60.67,18,0.5921,0.541,purchase,gaming,DE,0
1373,57828,97.77,19,0.3195,0.238,purchase,electronics,NL,0
1374,67734,20.51,6,0.4684,0.0608,refund,electronics,FR,0
1375,45018,26.03,19,0.7778,0.3359,refund,retail,DE,0
1376,75236,159.39,14,0.0677,0.2928,purchase,electronics,GB,0
1377,14355,36.97,2,0.3125,0.0169,purchase,electronics,DE,0
1378,91553,43.62,6,0.2283,0.3615,purchase,travel,NL,0
1379,43707,36.64,3,0.3385,0.2301,purchase,travel,DE,0
1380,74762,111.39,21,0.4973,0.1351,purchase,electronics,FR,0
1381,10264,115.13,11,0.1256,0.0218,purchase,retail,GB,0
1382,17619,132.78,19,0.7519,0.4414,purchase,retail,RU,1
1383,40564,109.53,16,0.0402,0.1171,purchase,retail,NL,0
1384,73644,43.49,0,0.149,0.0791,transfer,gaming,FR,0
1385,90362,20.26,17,0.713,0.892,purchase,retail,FR,0
1386,17605,685.21,15,0.5653,0.5217,purchase,travel,NL,1
1387,95867,218.42,12,0.1124,0.3186,purchase,retail,DE,0
1388,84692,88.05,20,0.1229,0.2716,purchase,travel,FR,0
1389,88516,28.84,12,0.283,0.2866,purchase,grocery,US,0
1390,13381,154.38,8,0.3792,0.6817,purchase,gaming,RU,1
1391,28256,142.63,17,0.0193,0.5737,purchase,electronics,US,0
1392,59519,192.92,14,0.1525,0.0455,purchase,grocery,DE,0
1393,51237,141.05,12,0.3039,0.1028,transfer,crypto,DE,0
1394,83773,6.06,4,0.9291,0.3485,purchase,gaming,US,1
1395,99180,149.39,21,0.4431,0.1089,purchase,electronics,DE,0
1396,42717,19.43,12,0.1733,0.0198,purchase,travel,FR,0
1397,68677,434.36,19,0.1088,0.0857,purchase,grocery,US,0
1398,47471,501.28,2,0.1064,0.0959,purchase,retail,NL,0
1399,96285,392.55,15,0.0017,0.1239,purchase,retail,DE,0
1400,69245,22.62,20,0.0308,0.2342,refund,electronics,FR,0
1401,53759,143.69,20,0.3207,0.1461,purchase,electronics,DE,0
1402,38989,1063.88,20,0.9479,0.7538,purchase,travel,RU,1
1403,15111,14.78,11,0.2677,0.2549,withdrawal,travel,RU,1
1404,95175,43.15,12,0.2794,0.3965,purchase,retail,FR,0
1405,64734,14.8,12,0.0645,0.0242,purchase,grocery,DE,0
1406,27817,38.4,18,0.1795,0.4806,purchase,retail,DE,0
1407,38744,42.61,10,0.1496,0.3852,transfer,electronics,DE,0
1408,13366,17.29,21,0.0015,0.0549,transfer,electronics,DE,0
1409,62450,55.44,9,0.1642,0.2535,purchase,grocery,DE,0
1410,94620,95.98,5,0.3128,0.1785,transfer,travel,DE,0
1411,67133,70.41,11,0.7658,0.1547,purchase,crypto,FR,1
1412,51537,52.06,17,0.2456,0.1762,purchase,grocery,RU,0
1413,44618,26.83,11,0.4752,0.2056,transfer,grocery,NL,0
1414,82851,37.48,10,0.1346,0.1548,transfer,electronics,NL,0
1415,82791,42.36,10,0.2309,0.1453,purchase,retail,FR,0
1416,70459,51.15,22,0.1767,0.2256,purchase,retail,DE,0
1417,38192,109.22,13,0.1465,0.0076,purchase,travel,FR,0
1418,80432,53.58,23,0.8146,0.6489,transfer,electronics,DE,0
1419,32177,12.91,10,0.1485,0.2353,purchase,travel,DE,0
1420,41795,26.36,11,0.7505,0.9758,purchase,retail,GB,0
1421,38084,48.97,8,0.442,0.0949,purchase,grocery,DE,0
1422,95187,110.55,11,0.1682,0.5332,purchase,grocery,GB,0
1423,93551,128.15,5,0.5191,0.1223,transfer,gaming,DE,0
1424,33883,192.19,0,0.1594,0.3479,purchase,travel,FR,0
1425,99995,47.51,11,0.3032,0.6325,refund,grocery,NL,0
1426,66151,29.17,1,0.7872,0.4471,transfer,retail,US,1
1427,85408,81.35,16,0.1126,0.0375,purchase,grocery,NL,0
1428,57619,42.39,3,0.3521,0.3896,withdrawal,crypto,FR,1
1429,40921,12.35,11,0.0693,0.3592,withdrawal,grocery,RU,0
1430,15796,61.28,12,0.479,0.1328,purchase,retail,FR,0
1431,81662,72.12,11,0.1611,0.3484,purchase,travel,DE,0
1432,83252,40.32,12,0.0587,0.297,purchase,grocery,GB,0
1433,50421,112.19,6,0.3605,0.4766,transfer,travel,GB,1
1434,18217,558.56,17,0.5316,0.2415,purchase,retail,DE,0
1435,62832,55.04,17,0.1486,0.602,purchase,grocery,FR,0
1436,79277,20.4,18,0.1334,0.2233,purchase,electronics,US,0
1437,56581,60.14,8,0.0178,0.1868,transfer,retail,DE,0
1438,50409,166.45,11,0.3287,0.1827,transfer,electronics,FR,0
1439,88431,18.79,18,0.3501,0.4579,purchase,grocery,DE,0
1440,71937,254.08,21,0.4642,0.6436,transfer,retail,CN,0
1441,93622,105.3,13,0.2583,0.2001,withdrawal,gaming,US,0
1442,44913,11.97,17,0.7371,0.0527,transfer,retail,RU,1
1443,55583,57.04,12,0.1363,0.2213,purchase,retail,GB,0
1444,69852,78.59,21,0.7698,0.5464,transfer,crypto,GB,1
1445,23858,160.69,17,0.1592,0.1437,purchase,retail,DE,0
1446,67447,32.65,23,0.1313,0.2578,purchase,grocery,FR,0
1447,16411,157.77,11,0.1917,0.2002,refund,retail,DE,0
1448,45925,440.13,8,0.9485,0.6701,refund,retail,CN,0
1449,41381,3.09,18,0.2218,0.2564,purchase,travel,CN,0
1450,86820,332.89,16,0.257,0.2498,purchase,retail,GB,0
1451,71130,363.43,7,0.0494,0.1988,purchase,crypto,NL,0
1452,95064,56.93,10,0.0201,0.3601,withdrawal,electronics,DE,0
1453,14035,107.09,13,0.3377,0.2291,purchase,gaming,DE,0
1454,95246,355.56,16,0.4511,0.1439,purchase,travel,US,0
1455,11816,80.23,17,0.2497,0.1466,purchase,grocery,DE,0
1456,82655,29.66,7,0.1642,0.1081,withdrawal,travel,DE,0
1457,17259,14.95,8,0.2345,0.1784,purchase,travel,DE,0
1458,25827,53.96,16,0.3312,0.1069,purchase,electronics,DE,0
1459,13570,143.58,7,0.3255,0.4197,purchase,retail,DE,0
1460,96827,24.52,12,0.1031,0.0038,purchase,retail,DE,0
1461,23628,22.9,13,0.1273,0.0387,transfer,travel,DE,0
1462,61850,120.04,10,0.1931,0.22,purchase,retail,GB,0
1463,42231,28.83,17,0.4308,0.1188,purchase,crypto,CN,0
1464,29368,29.99,4,0.357,0.2037,purchase,retail,DE,0
1465,13099,30.96,17,0.218,0.1562,purchase,travel,NL,0
1466,63491,40.24,14,0.1673,0.0339,purchase,electronics,FR,0
1467,35211,11.16,12,0.064,0.1149,purchase,retail,FR,0
1468,64411,26.88,19,0.3715,0.0763,purchase,travel,GB,0
1469,72962,51.72,8,0.0224,0.0542,purchase,crypto,GB,0
1470,48776,51.41,17,0.5475,0.0936,purchase,crypto,DE,0
1471,49132,113.78,8,0.2594,0.3022,purchase,retail,US,0
1472,19938,203.06,23,0.3288,0.0851,purchase,retail,DE,0
1473,42691,153.79,2,0.4021,0.1879,withdrawal,retail,FR,0
1474,69867,92.52,13,0.5023,0.1388,purchase,retail,DE,0
1475,77726,37.47,8,0.1305,0.2997,purchase,retail,NL,0
1476,25214,25.04,11,0.1662,0.2542,refund,grocery,FR,0
1477,39730,304.03,7,0.3809,0.2428,purchase,retail,DE,0
1478,33517,69.95,8,0.285,0.1559,purchase,retail,DE,0
1479,62536,85.51,4,0.2614,0.336,transfer,crypto,DE,0
1480,81063,72.21,0,0.0448,0.2231,refund,electronics,NL,0
1481,88589,38.36,16,0.2369,0.2699,refund,retail,NL,0
1482,69943,254.67,23,0.3917,0.6927,purchase,crypto,DE,1
1483,11883,83.0,11,0.0173,0.4092,purchase,retail,FR,0
1484,23559,124.18,3,0.0216,0.1186,purchase,grocery,GB,0
1485,14545,89.85,21,0.3255,0.3292,purchase,travel,DE,0
1486,60943,38.43,8,0.2912,0.9468,transfer,crypto,US,1
1487,20501,41.38,15,0.2007,0.3943,purchase,retail,NL,0
1488,33655,20.93,9,0.2482,0.0961,purchase,grocery,NL,0
1489,32612,22.86,9,0.6036,0.5446,refund,gaming,CN,1
1490,74945,20.51,11,0.2541,0.3586,purchase,grocery,FR,0
1491,62994,75.01,19,0.7516,0.4482,purchase,gaming,NL,1
1492,41477,23.83,12,0.4935,0.0217,purchase,travel,US,0
1493,44642,202.23,13,0.1486,0.1166,purchase,grocery,DE,0
1494,27916,66.14,19,0.1256,0.2653,purchase,grocery,GB,0
1495,17652,12.78,13,0.3725,0.2059,purchase,retail,DE,0
1496,40542,62.09,4,0.3992,0.648,withdrawal,travel,GB,1
1497,43107,27.7,22,0.0315,0.355,purchase,retail,DE,0
1498,89076,183.38,16,0.2221,0.3958,purchase,grocery,DE,0
1499,40500,121.78,23,0.6001,0.0559,purchase,grocery,DE,0
1500,14311,61.49,13,0.094,0.3181,withdrawal,electronics,NL,0
1501,55748,217.21,15,0.1966,0.5131,purchase,retail,NL,0
1502,75834,22.99,16,0.1321,0.1017,purchase,travel,DE,0
1503,41418,44.49,17,0.0451,0.1701,purchase,grocery,DE,0
1504,94008,59.35,1,0.0387,0.1508,transfer,retail,DE,0
1505,24212,20.67,7,0.1623,0.2983,purchase,retail,US,0
1506,33111,34.6,8,0.6039,0.534,purchase,grocery,US,0
1507,97612,63.28,9,0.1124,0.206,purchase,travel,DE,0
1508,24619,22.25,20,0.2206,0.5071,purchase,electronics,US,0
1509,27560,10.39,16,0.2181,0.205,purchase,retail,DE,0
1510,94436,11.52,7,0.0879,0.0869,purchase,electronics,FR,0
1511,73440,29.8,11,0.3731,0.0395,purchase,retail,GB,0
1512,46626,13.86,9,0.1814,0.252,purchase,travel,FR,0
1513,31035,31.64,18,0.4265,0.3651,purchase,retail,DE,0
1514,28576,175.07,20,0.761,0.6592,purchase,travel,GB,0
1515,22495,13.17,8,0.1783,0.2207,purchase,retail,GB,0
1516,38396,33.44,11,0.5266,0.3808,purchase,grocery,DE,0
1517,22473,260.46,21,0.2301,0.0988,purchase,travel,DE,0
1518,56559,60.15,15,0.3217,0.09,purchase,grocery,CN,0
1519,99948,31.11,19,0.5306,0.0531,purchase,retail,DE,0
1520,47560,37.21,10,0.5368,0.0614,purchase,travel,DE,0
1521,86900,61.25,8,0.0109,0.3289,purchase,grocery,FR,0
1522,57708,179.72,15,0.2188,0.0127,purchase,electronics,FR,0
1523,88710,27.08,7,0.193,0.135,purchase,electronics,FR,0
1524,44892,22.33,18,0.7418,0.3132,purchase,retail,DE,0
1525,69730,13.17,17,0.3821,0.3055,purchase,travel,FR,0
1526,57738,46.42,9,0.2962,0.2867,purchase,grocery,CN,0
1527,79040,12.87,12,0.2739,0.0486,purchase,retail,US,0
1528,91256,48.64,12,0.2728,0.5116,transfer,travel,RU,1
1529,27259,28.67,17,0.2639,0.3967,purchase,electronics,DE,0
1530,83734,19.64,21,0.0254,0.0832,purchase,grocery,GB,0
1531,28762,105.95,10,0.0987,0.1319,purchase,gaming,FR,0
1532,63593,27.6,17,0.1783,0.2193,purchase,retail,DE,0
1533,58220,59.58,8,0.2444,0.1444,purchase,retail,GB,0
1534,47928,10.88,20,0.9086,0.6928,purchase,grocery,DE,0
1535,85506,27.69,17,0.4038,0.8961,refund,crypto,NL,1
1536,86332,47.55,15,0.1296,0.253,withdrawal,electronics,DE,0
1537,26525,15.29,7,0.3459,0.0721,purchase,grocery,DE,0
1538,41890,29.61,16,0.1401,0.1458,withdrawal,grocery,GB,0
1539,95012,278.53,16,0.1671,0.0955,purchase,travel,GB,0
1540,89229,93.91,16,0.1792,0.4444,purchase,grocery,US,0
1541,27431,38.12,10,0.169,0.1122,purchase,travel,FR,0
1542,26953,644.9,16,0.3117,0.0922,purchase,electronics,FR,0
1543,87867,19.53,18,0.114,0.2386,withdrawal,crypto,FR,0
1544,34304,114.48,10,0.2584,0.1249,withdrawal,retail,DE,0
1545,93788,11.56,8,0.1699,0.4103,transfer,travel,GB,0
1546,64038,34.56,19,0.3997,0.3144,purchase,travel,US,0
1547,44577,13.52,14,0.0371,0.1085,purchase,retail,DE,0
1548,72879,52.91,11,0.3403,0.0339,purchase,crypto,US,0
1549,75365,44.59,19,0.3062,0.1377,purchase,electronics,FR,0
1550,92792,32.74,7,0.0929,0.0983,purchase,retail,DE,0
1551,36486,107.58,18,0.0345,0.0715,purchase,crypto,DE,0
1552,48196,26.26,12,0.1496,0.1975,refund,retail,RU,0
1553,70153,56.14,3,0.2812,0.1535,purchase,retail,NL,0
1554,47016,85.41,22,0.1511,0.0645,purchase,retail,NL,0
1555,73746,12.05,17,0.8764,0.3699,purchase,retail,DE,0
1556,16083,22.51,8,0.199,0.0211,purchase,retail,GB,0
1557,98090,44.51,20,0.3399,0.3147,purchase,gaming,NL,0
1558,71072,72.65,21,0.0166,0.064,refund,electronics,DE,0
1559,75488,142.32,17,0.1017,0.2267,refund,travel,NL,0
1560,80643,35.39,7,0.188,0.1303,transfer,grocery,DE,0
1561,34431,32.49,8,0.0692,0.2539,purchase,electronics,FR,0
1562,10898,20.25,16,0.186,0.1674,refund,grocery,DE,0
1563,64833,56.29,20,0.6314,0.4389,withdrawal,crypto,DE,0
1564,67694,33.03,8,0.6858,0.3924,purchase,retail,RU,0
1565,11664,33.69,12,0.2877,0.0083,purchase,retail,DE,0
1566,36894,39.26,7,0.18,0.0661,purchase,grocery,DE,0
1567,75447,67.96,12,0.4275,0.064,purchase,electronics,DE,0
1568,77432,140.22,3,0.8439,0.5433,purchase,electronics,RU,1
1569,90981,26.33,14,0.1985,0.1733,purchase,travel,DE,0
1570,16409,72.02,1,0.2022,0.1825,purchase,retail,DE,0
1571,75213,61.37,14,0.0075,0.0733,purchase,retail,NL,0
1572,54239,3.25,14,0.3731,0.1833,refund,grocery,FR,0
1573,29066,25.45,11,0.0791,0.3677,purchase,grocery,DE,0
1574,88476,15.98,20,0.4218,0.122,purchase,retail,US,0
1575,63336,118.25,7,0.0746,0.1172,purchase,electronics,DE,0
1576,98312,29.23,4,0.1226,0.123,purchase,electronics,DE,0
1577,54718,26.4,12,0.0617,0.1758,purchase,grocery,DE,0
1578,74845,40.8,13,0.1611,0.1831,purchase,retail,GB,0
1579,14729,25.63,9,0.1346,0.2412,purchase,grocery,DE,0
1580,17620,30.2,22,0.1884,0.2254,transfer,travel,US,0
1581,46231,46.18,9,0.2681,0.0712,purchase,gaming,DE,0
1582,58817,29.7,9,0.2571,0.1006,purchase,retail,FR,0
1583,23616,29.52,18,0.1325,0.0474,purchase,electronics,DE,0
1584,57502,18.02,20,0.0523,0.0948,purchase,grocery,CN,0
1585,85395,15.95,13,0.4534,0.2736,purchase,retail,FR,0
1586,53979,44.77,1,0.1821,0.0986,purchase,electronics,DE,0
1587,20597,150.73,4,0.3938,0.5577,purchase,electronics,CN,1
1588,52295,55.18,10,0.3678,0.0913,purchase,grocery,DE,0
1589,56652,12.63,8,0.3178,0.0584,purchase,retail,FR,0
1590,11907,81.12,12,0.0005,0.5061,purchase,travel,DE,0
1591,66817,81.41,15,0.46,0.1929,purchase,grocery,DE,0
1592,71804,31.11,5,0.3805,0.2646,purchase,gaming,CN,1
1593,70020,97.37,11,0.3991,0.3161,transfer,grocery,DE,0
1594,64042,54.87,13,0.3238,0.4903,purchase,retail,FR,0
1595,79885,73.08,17,0.1679,0.0695,purchase,gaming,DE,0
1596,59309,272.4,9,0.2429,0.028,purchase,gaming,FR,0
1597,29183,32.91,8,0.3658,0.1773,purchase,gaming,FR,0
1598,74303,17.48,18,0.0573,0.1719,transfer,travel,DE,0
1599,38848,11.54,2,0.6052,0.1163,purchase,retail,FR,0
1600,59707,189.11,7,0.3575,0.0712,transfer,travel,FR,0
1601,72858,35.48,13,0.4398,0.5317,purchase,travel,RU,1
1602,48406,191.23,0,0.0855,0.2066,transfer,electronics,FR,0
1603,12028,19.38,13,0.2256,0.0315,purchase,crypto,GB,0
1604,40086,22.91,14,0.3492,0.2007,purchase,grocery,GB,0
1605,21704,32.29,13,0.3703,0.1063,purchase,grocery,GB,0
1606,45607,120.38,11,0.1958,0.2799,purchase,grocery,DE,0
1607,31432,14.24,13,0.9312,0.1614,withdrawal,grocery,US,0
1608,56649,7.99,8,0.2095,0.109,refund,electronics,US,0
1609,69387,268.38,18,0.1666,0.1898,purchase,gaming,US,0
1610,43696,97.48,3,0.5546,0.3412,transfer,crypto,CN,1
1611,57325,55.45,22,0.0925,0.2239,purchase,retail,DE,0
1612,49641,62.57,13,0.0066,0.2612,purchase,retail,NL,0
1613,73059,143.04,10,0.4599,0.3431,purchase,electronics,CN,0
1614,67466,63.18,17,0.0718,0.1994,purchase,grocery,CN,0
1615,89372,11.74,8,0.2186,0.1435,withdrawal,retail,DE,0
1616,59884,20.81,10,0.164,0.4255,purchase,retail,US,0
1617,66177,34.24,3,0.8613,0.3943,purchase,travel,GB,1
1618,49265,46.5,21,0.3557,0.1882,transfer,retail,FR,0
1619,15384,6.17,8,0.121,0.2044,withdrawal,grocery,DE,0
1620,88412,101.47,2,0.8468,0.7071,transfer,grocery,RU,1
1621,55409,32.88,7,0.1998,0.1844,purchase,retail,RU,0
1622,40867,31.2,13,0.4507,0.2708,transfer,crypto,DE,0
1623,65549,345.38,20,0.3907,0.4871,transfer,grocery,CN,1
1624,34139,32.88,13,0.2172,0.2523,purchase,grocery,DE,0
1625,78973,80.9,21,0.3,0.8436,refund,crypto,NL,1
1626,40616,26.62,14,0.2731,0.1751,transfer,electronics,US,0
1627,95521,18.24,8,0.036,0.1397,purchase,grocery,GB,0
1628,66239,9.04,16,0.5152,0.4152,purchase,crypto,DE,0
1629,56608,48.09,9,0.8945,0.6893,refund,grocery,GB,0
1630,10766,32.95,21,0.303,0.1375,purchase,grocery,DE,0
1631,80714,13.21,8,0.165,0.266,purchase,electronics,NL,0
1632,42766,254.99,1,0.7337,0.0893,purchase,grocery,DE,0
1633,15504,33.09,13,0.2637,0.055,purchase,retail,FR,0
1634,13966,28.74,8,0.094,0.3576,purchase,retail,DE,0
1635,46754,6.8,14,0.0555,0.1641,transfer,retail,GB,0
1636,80906,75.97,8,0.0103,0.1243,withdrawal,retail,NL,0
1637,47202,14.91,11,0.304,0.272,purchase,retail,GB,0
1638,43214,44.87,8,0.7708,0.7304,purchase,grocery,GB,0
1639,40830,21.39,11,0.3258,0.5313,purchase,grocery,GB,0
1640,24702,30.56,7,0.4135,0.1161,purchase,travel,RU,0
1641,53444,27.03,22,0.0769,0.2617,withdrawal,travel,FR,1
1642,54684,113.23,10,0.1344,0.0994,purchase,grocery,FR,0
1643,37736,66.81,8,0.0316,0.5529,withdrawal,retail,GB,0
1644,42828,111.11,18,0.5394,0.1779,purchase,grocery,DE,0
1645,77733,56.31,16,0.1521,0.3189,refund,electronics,RU,0
1646,93422,59.54,8,0.3811,0.1067,transfer,grocery,US,0
1647,84966,9.36,6,0.1055,0.3905,transfer,grocery,DE,0
1648,70222,124.28,20,0.4928,0.598,purchase,crypto,GB,1
1649,19080,32.46,1,0.0461,0.0662,purchase,grocery,GB,0
1650,52960,35.12,8,0.6372,0.8591,purchase,travel,NL,0
1651,73065,398.73,12,0.1904,0.0683,purchase,electronics,FR,0
1652,97167,27.65,11,0.2481,0.1043,purchase,travel,DE,0
1653,72248,53.26,22,0.0813,0.1435,refund,grocery,NL,0
1654,75769,51.52,17,0.0754,0.323,purchase,grocery,FR,0
1655,88938,113.75,5,0.531,0.1489,purchase,electronics,US,0
1656,27517,194.32,7,0.4879,0.1312,purchase,gaming,FR,0
1657,97481,85.94,1,0.1585,0.0268,purchase,retail,FR,0
1658,51814,9.98,7,0.0243,0.0872,purchase,gaming,FR,0
1659,92435,10.78,13,0.0701,0.1379,purchase,retail,DE,0
1660,55069,72.33,2,0.2518,0.153,withdrawal,retail,CN,1
1661,86428,6.11,5,0.1006,0.3121,purchase,retail,FR,0
1662,92348,82.94,4,0.361,0.0576,purchase,travel,CN,0
1663,45952,75.39,7,0.1458,0.0433,purchase,grocery,DE,0
1664,60071,91.13,15,0.1824,0.042,purchase,crypto,GB,0
1665,41143,23.91,1,0.1103,0.1062,purchase,grocery,FR,0
1666,71774,26.34,22,0.0624,0.0367,purchase,travel,DE,0
1667,56404,38.36,10,0.3956,0.2768,purchase,retail,NL,0
1668,24708,145.06,10,0.7515,0.7855,purchase,grocery,DE,0
1669,58999,74.24,1,0.7064,0.1459,purchase,retail,FR,1
1670,46488,179.42,12,0.4468,0.2918,transfer,travel,RU,0
1671,88543,83.49,12,0.1945,0.1262,purchase,retail,FR,0
1672,26301,56.34,11,0.2716,0.1748,purchase,grocery,FR,0
1673,54651,132.3,12,0.0295,0.3739,purchase,crypto,RU,0
1674,50464,34.21,10,0.12,0.1883,purchase,retail,DE,0
1675,53425,30.5,10,0.0807,0.1519,transfer,travel,RU,0
1676,88318,206.16,1,0.2237,0.0317,withdrawal,travel,GB,0
1677,73971,18.51,15,0.1378,0.1895,purchase,electronics,FR,0
1678,86907,36.64,14,0.2033,0.1666,purchase,retail,DE,0
1679,70307,16.45,15,0.1528,0.089,purchase,electronics,DE,0
1680,23591,101.62,21,0.0173,0.0898,purchase,grocery,CN,0
1681,19592,67.5,12,0.1467,0.5584,purchase,grocery,NL,0
1682,47306,143.33,19,0.0507,0.1505,purchase,travel,FR,0
1683,94396,10.65,11,0.1534,0.2419,transfer,electronics,NL,0
1684,95757,214.1,12,0.3099,0.0384,purchase,electronics,US,0
1685,23126,11.17,14,0.1291,0.0676,purchase,retail,DE,0
1686,21464,15.35,8,0.2249,0.2932,purchase,grocery,FR,0
1687,49829,25.09,8,0.0993,0.1043,purchase,travel,US,0
1688,24231,129.23,12,0.0251,0.1887,refund,retail,US,0
1689,14422,51.51,5,0.1329,0.1886,purchase,retail,GB,0
1690,18292,34.56,9,0.0579,0.1239,purchase,retail,NL,0
1691,46821,21.68,17,0.0693,0.0239,purchase,retail,FR,0
1692,56941,13.2,12,0.0508,0.0679,purchase,electronics,DE,0
1693,43141,847.31,1,0.2584,0.3038,purchase,electronics,NL,0
1694,99743,83.83,4,0.4279,0.0907,purchase,travel,GB,0
1695,81377,134.23,20,0.5102,0.1469,purchase,retail,FR,0
1696,89909,272.77,21,0.0723,0.009,purchase,electronics,CN,0
1697,76622,4.5,14,0.0662,0.0235,transfer,electronics,DE,0
1698,30218,14.76,8,0.2871,0.0593,purchase,retail,FR,0
1699,93568,63.13,10,0.2408,0.0655,purchase,grocery,NL,0
1700,82643,31.05,9,0.1921,0.2936,withdrawal,grocery,CN,0
1701,97424,26.44,17,0.2402,0.0941,purchase,travel,DE,0
1702,12481,16.65,13,0.366,0.6015,purchase,travel,DE,0
1703,70611,95.15,17,0.1296,0.1353,purchase,retail,FR,0
1704,64084,62.66,10,0.1741,0.0264,purchase,retail,GB,0
1705,11666,65.11,19,0.0985,0.1098,purchase,electronics,DE,0
1706,88553,24.81,11,0.0771,0.1862,transfer,grocery,FR,0
1707,23376,49.39,11,0.4368,0.3554,purchase,electronics,DE,0
1708,41865,13.64,12,0.2285,0.1764,transfer,retail,CN,0
1709,20794,38.08,14,0.1099,0.092,purchase,gaming,DE,0
1710,44884,4.96,20,0.571,0.8368,purchase,grocery,DE,0
1711,48262,11.21,11,0.2314,0.1088,purchase,grocery,FR,0
1712,68744,32.33,21,0.1043,0.0496,refund,retail,DE,0
1713,74332,320.17,11,0.0855,0.0251,purchase,electronics,CN,0
1714,88648,9.2,10,0.0196,0.0059,withdrawal,travel,NL,0
1715,28639,14.78,9,0.1087,0.0491,transfer,electronics,NL,0
1716,58817,51.12,1,0.0636,0.1214,purchase,grocery,DE,0
1717,65209,191.33,18,0.2687,0.0678,purchase,electronics,DE,0
1718,94537,50.49,5,0.1543,0.1193,purchase,grocery,DE,0
1719,56932,77.23,10,0.5216,0.0729,purchase,retail,DE,0
1720,62779,31.91,9,0.1969,0.0555,purchase,crypto,FR,0
1721,16635,134.5,11,0.445,0.8366,transfer,crypto,CN,1
1722,40976,27.55,16,0.2347,0.2882,purchase,retail,FR,0
1723,30452,45.6,21,0.1531,0.0193,withdrawal,retail,NL,0
1724,85936,24.3,18,0.0541,0.1925,purchase,travel,FR,0
1725,18025,78.7,10,0.0551,0.3907,purchase,electronics,RU,0
1726,83404,165.09,12,0.3843,0.4239,transfer,travel,GB,1
1727,95056,41.72,11,0.4775,0.0976,purchase,retail,FR,0
1728,68095,90.6,9,0.0504,0.3276,purchase,electronics,FR,0
1729,26147,88.56,18,0.7849,0.7343,purchase,gaming,DE,1
1730,22356,43.97,20,0.4435,0.2811,transfer,crypto,DE,0
1731,45165,35.43,7,0.6572,0.1195,transfer,grocery,NL,0
1732,10219,80.83,3,0.1762,0.4385,withdrawal,electronics,CN,1
1733,89400,10.52,21,0.1394,0.1396,purchase,crypto,US,0
1734,14673,18.49,18,0.2121,0.3105,purchase,retail,RU,0
1735,78844,117.78,16,0.4374,0.0329,purchase,grocery,DE,0
1736,32666,35.61,17,0.4057,0.1131,refund,gaming,DE,0
1737,37536,608.12,22,0.6873,0.6937,purchase,gaming,RU,1
1738,31418,53.87,10,0.276,0.2965,purchase,grocery,RU,0
1739,42102,20.13,9,0.4185,0.1714,purchase,electronics,FR,0
1740,65569,41.48,10,0.4643,0.0323,purchase,travel,NL,0
1741,94777,13.25,8,0.055,0.2196,purchase,retail,CN,0
1742,48816,46.29,16,0.0632,0.2459,purchase,gaming,DE,0
1743,57308,267.88,4,0.0481,0.2988,transfer,electronics,DE,1
1744,12338,189.02,13,0.7083,0.4493,transfer,gaming,CN,1
1745,41855,58.27,12,0.0897,0.1456,purchase,grocery,DE,0
1746,87915,169.62,19,0.478,0.0218,purchase,retail,GB,0
1747,11389,19.73,19,0.0484,0.0029,purchase,retail,NL,0
1748,63433,31.79,7,0.3135,0.026,purchase,electronics,FR,0
1749,27999,67.13,8,0.0092,0.0642,purchase,electronics,CN,0
1750,45302,128.18,11,0.4379,0.2072,purchase,travel,NL,0
1751,53588,96.99,21,0.2911,0.8111,purchase,electronics,DE,1
1752,44782,33.31,7,0.2804,0.237,purchase,retail,DE,0
1753,55128,214.42,15,0.4856,0.02,purchase,electronics,DE,0
1754,19516,18.95,16,0.1308,0.8463,purchase,travel,US,0
1755,51843,106.52,16,0.0532,0.0544,purchase,retail,CN,0
1756,56017,15.94,12,0.1524,0.0176,purchase,grocery,DE,0
1757,42383,74.19,18,0.0996,0.2248,purchase,retail,DE,0
1758,99169,77.63,14,0.0541,0.0572,withdrawal,electronics,DE,0
1759,80705,27.56,23,0.0964,0.2321,purchase,grocery,DE,0
1760,56938,15.11,18,0.4277,0.1759,purchase,travel,DE,0
1761,19016,7.97,16,0.3232,0.0296,purchase,gaming,CN,0
1762,11339,25.21,7,0.1991,0.1238,purchase,grocery,DE,0
1763,62256,449.2,18,0.0405,0.1217,purchase,gaming,DE,0
1764,65763,17.01,9,0.0966,0.1352,purchase,grocery,RU,0
1765,14187,46.17,11,0.0631,0.1125,transfer,retail,DE,0
1766,10676,32.94,12,0.7584,0.7636,purchase,travel,DE,1
1767,88240,12.12,12,0.0346,0.2192,purchase,retail,DE,0
1768,92080,249.89,19,0.412,0.6464,transfer,gaming,FR,1
1769,12188,34.85,10,0.5568,0.2515,transfer,electronics,FR,0
1770,56438,83.8,6,0.1164,0.2865,purchase,electronics,DE,0
1771,60136,39.79,8,0.1813,0.2636,purchase,retail,FR,0
1772,72144,27.77,17,0.173,0.2473,purchase,gaming,FR,0
1773,39921,15.46,15,0.2605,0.1095,purchase,grocery,NL,0
1774,88723,24.29,21,0.0296,0.0314,withdrawal,travel,DE,0
1775,70642,19.22,18,0.2597,0.56,purchase,electronics,US,0
1776,80651,13.92,11,0.3871,0.2313,purchase,grocery,DE,0
1777,54780,106.73,17,0.1145,0.054,withdrawal,gaming,RU,0
1778,59046,31.31,13,0.1252,0.073,purchase,electronics,US,0
1779,93983,6.54,9,0.1542,0.0434,purchase,grocery,DE,0
1780,46325,25.03,22,0.2454,0.1354,purchase,grocery,US,0
1781,46354,92.53,20,0.5353,0.1086,purchase,travel,DE,0
1782,93160,22.26,7,0.043,0.2766,purchase,gaming,DE,0
1783,42304,151.88,18,0.2073,0.3957,purchase,crypto,DE,0
1784,12079,20.53,5,0.2328,0.2523,purchase,retail,US,0
1785,62816,65.23,20,0.0563,0.3869,purchase,travel,DE,0
1786,46555,102.63,14,0.2025,0.2511,purchase,gaming,DE,0
1787,12474,248.98,8,0.1326,0.1512,withdrawal,retail,GB,0
1788,54949,13.22,18,0.04,0.0652,withdrawal,grocery,RU,0
1789,59220,19.08,12,0.7205,0.7688,purchase,travel,US,0
1790,88402,98.21,19,0.903,0.4252,purchase,retail,DE,1
1791,40634,114.96,4,0.5334,0.2289,transfer,grocery,RU,0
1792,24892,21.46,17,0.0186,0.2871,transfer,retail,DE,0
1793,46204,97.45,17,0.4476,0.0207,refund,retail,FR,0
1794,72948,29.5,12,0.2433,0.0874,purchase,travel,DE,0
1795,56967,47.95,16,0.2073,0.142,purchase,crypto,NL,0
1796,70149,13.09,3,0.357,0.2202,purchase,retail,RU,0
1797,18450,25.35,10,0.1024,0.0541,transfer,grocery,RU,0
1798,96357,20.21,15,0.9203,0.6818,purchase,retail,NL,0
1799,37002,51.51,8,0.1141,0.1851,purchase,electronics,GB,0
1800,88176,46.03,11,0.2853,0.3348,purchase,electronics,US,0
1801,62051,63.01,21,0.2944,0.8112,refund,travel,FR,0
1802,53591,28.02,18,0.2715,0.5311,transfer,travel,FR,0
1803,97719,19.28,13,0.1162,0.4168,refund,electronics,US,0
1804,18273,49.67,13,0.0245,0.0936,purchase,electronics,FR,0
1805,99513,17.72,19,0.2871,0.307,purchase,travel,DE,0
1806,85621,106.34,19,0.0866,0.3751,purchase,electronics,US,0
1807,41431,49.49,19,0.5385,0.4811,purchase,travel,FR,1
1808,32284,38.58,6,0.4594,0.3384,transfer,retail,US,0
1809,43177,32.23,12,0.3131,0.1583,purchase,grocery,GB,0
1810,77881,62.98,8,0.0802,0.1194,purchase,travel,FR,0
1811,19598,39.85,6,0.5467,0.1944,purchase,electronics,FR,0
1812,60576,10.39,9,0.0733,0.175,purchase,retail,DE,0
1813,18963,17.25,14,0.0513,0.8329,purchase,grocery,DE,0
1814,14322,104.49,17,0.4209,0.0659,purchase,grocery,DE,0
1815,53093,45.66,20,0.2903,0.1812,purchase,gaming,DE,0
1816,10248,10.18,11,0.2381,0.1341,purchase,grocery,GB,0
1817,74111,57.36,11,0.2076,0.1819,transfer,retail,NL,0
1818,21446,26.43,7,0.3412,0.0898,purchase,gaming,DE,0
1819,88182,20.22,8,0.63,0.29,withdrawal,grocery,DE,0
1820,34573,16.07,6,0.115,0.0367,purchase,electronics,DE,0
1821,88733,99.48,22,0.4627,0.2753,purchase,retail,FR,0
1822,34679,8.0,7,0.4328,0.0961,purchase,gaming,US,0
1823,48137,20.87,17,0.1233,0.4172,purchase,crypto,DE,0
1824,29930,47.09,10,0.3637,0.0517,purchase,retail,DE,0
1825,75096,162.65,13,0.1986,0.104,purchase,retail,US,0
1826,88290,67.97,20,0.5371,0.7794,purchase,grocery,CN,1
1827,96873,34.2,7,0.6537,0.2708,withdrawal,crypto,RU,1
1828,58032,68.09,19,0.3349,0.1618,purchase,grocery,DE,0
1829,26316,20.72,21,0.0261,0.5898,purchase,retail,DE,0
1830,20502,156.01,9,0.4529,0.2342,purchase,electronics,NL,0
1831,30391,13.44,20,0.077,0.4627,withdrawal,retail,RU,0
1832,19362,53.28,9,0.1028,0.3077,purchase,retail,CN,0
1833,44328,64.37,18,0.6788,0.8495,refund,travel,FR,0
1834,63195,20.11,0,0.1481,0.0788,purchase,electronics,DE,0
1835,78188,76.93,13,0.2561,0.1432,withdrawal,retail,DE,0
1836,70585,27.47,16,0.0685,0.2243,purchase,retail,DE,0
1837,39725,233.8,6,0.7802,0.5721,purchase,gaming,DE,1
1838,74230,76.77,18,0.4905,0.6371,purchase,travel,US,0
1839,12941,8.9,18,0.2211,0.1869,purchase,retail,GB,0
1840,68815,56.53,9,0.3528,0.3327,purchase,travel,RU,0
1841,93239,163.84,20,0.6877,0.7961,withdrawal,retail,FR,1
1842,67053,29.96,19,0.0154,0.1605,purchase,travel,FR,0
1843,84777,112.98,10,0.1703,0.0858,purchase,grocery,NL,0
1844,80387,40.96,9,0.2067,0.0996,purchase,electronics,DE,0
1845,19101,942.49,0,0.1099,0.2332,purchase,retail,FR,0
1846,17054,65.46,9,0.0463,0.014,purchase,retail,GB,0
1847,77383,38.15,7,0.203,0.3029,purchase,retail,DE,0
1848,68592,83.06,15,0.0817,0.1857,purchase,crypto,US,0
1849,13151,83.51,7,0.1305,0.1829,purchase,retail,NL,0
1850,26474,63.51,13,0.219,0.3053,purchase,grocery,DE,0
1851,29697,6.06,7,0.0211,0.0547,purchase,retail,DE,0
1852,27634,127.97,16,0.6792,0.0762,purchase,electronics,RU,0
1853,10921,137.89,9,0.2692,0.2519,purchase,retail,DE,0
1854,79703,14.62,9,0.1306,0.0829,purchase,grocery,FR,0
1855,43676,90.03,14,0.1953,0.0283,withdrawal,retail,DE,0
1856,99758,77.52,21,0.0739,0.0216,purchase,electronics,FR,0
1857,38107,22.95,23,0.0212,0.3344,transfer,crypto,FR,0
1858,38791,7.8,10,0.0875,0.0597,purchase,grocery,FR,0
1859,66079,26.22,21,0.0759,0.2055,transfer,retail,DE,0
1860,56471,248.72,14,0.0869,0.1359,purchase,grocery,DE,0
1861,24169,20.41,20,0.3853,0.1456,purchase,retail,US,0
1862,73141,21.65,1,0.3021,0.1303,purchase,gaming,US,0
1863,42223,18.21,2,0.0768,0.1059,purchase,crypto,RU,0
1864,95337,426.51,5,0.0064,0.242,purchase,retail,NL,0
1865,10737,34.59,18,0.3319,0.1811,purchase,electronics,DE,0
1866,68164,24.98,7,0.1798,0.4911,refund,electronics,US,0
1867,19707,141.38,8,0.906,0.7974,refund,electronics,CN,0
1868,73539,69.59,13,0.3333,0.4975,purchase,retail,DE,0
1869,14458,19.46,21,0.9717,0.565,purchase,electronics,FR,0
1870,35719,15.03,13,0.0979,0.182,purchase,grocery,FR,0
1871,76824,113.8,16,0.116,0.2674,purchase,electronics,FR,0
1872,43397,43.13,8,0.2491,0.1478,purchase,grocery,NL,0
1873,37274,11.4,20,0.1427,0.122,purchase,gaming,US,0
1874,90812,9.34,4,0.0914,0.3773,purchase,retail,CN,0
1875,25526,16.47,9,0.0975,0.0736,purchase,retail,DE,0
1876,13773,14.83,11,0.0534,0.1364,purchase,retail,GB,0
1877,28208,101.75,14,0.4955,0.3859,transfer,crypto,DE,1
1878,60012,7.47,8,0.4568,0.2632,withdrawal,retail,DE,0
1879,56568,72.56,15,0.4848,0.0464,refund,grocery,DE,0
1880,22273,19.47,15,0.0983,0.1201,purchase,electronics,FR,0
1881,30703,28.69,8,0.371,0.006,purchase,retail,US,0
1882,13919,179.28,0,0.0653,0.0388,transfer,retail,DE,0
1883,68825,33.89,5,0.1036,0.088,withdrawal,travel,NL,0
1884,22780,267.25,0,0.2691,0.2091,purchase,electronics,NL,0
1885,89339,65.55,20,0.2925,0.1664,transfer,travel,DE,0
1886,52050,34.75,14,0.2614,0.3116,purchase,electronics,GB,0
1887,58166,59.75,7,0.0493,0.0922,purchase,electronics,FR,0
1888,65090,53.98,6,0.4391,0.3528,purchase,retail,DE,0
1889,91119,47.19,18,0.0433,0.6228,purchase,retail,FR,0
1890,24658,2885.52,18,0.5726,0.9438,purchase,gaming,DE,0
1891,49298,712.85,20,0.6543,0.1421,withdrawal,electronics,DE,0
1892,56138,16.95,7,0.1112,0.1378,refund,crypto,DE,0
1893,92621,58.25,12,0.3108,0.5192,purchase,crypto,CN,0
1894,97521,82.22,14,0.6769,0.1803,transfer,travel,US,1
1895,42783,21.69,7,0.2489,0.0437,transfer,retail,DE,0
1896,58386,62.14,17,0.2439,0.0811,purchase,travel,US,0
1897,18312,13.21,11,0.1885,0.3261,purchase,electronics,DE,0
1898,15584,44.85,8,0.3476,0.031,withdrawal,retail,GB,1
1899,95961,11.32,2,0.5843,0.2584,transfer,retail,RU,1
1900,32104,22.37,10,0.7012,0.3031,purchase,electronics,DE,1
1901,42352,16.58,15,0.2603,0.481,purchase,travel,FR,0
1902,13505,42.29,23,0.5584,0.4897,refund,grocery,US,1
1903,58373,56.96,2,0.1689,0.2063,purchase,retail,DE,0
1904,62868,99.29,17,0.228,0.0021,purchase,travel,FR,0
1905,36372,65.19,8,0.2753,0.2571,purchase,grocery,GB,0
1906,88951,87.88,18,0.3852,0.057,purchase,grocery,DE,0
1907,44557,58.43,8,0.2786,0.3219,purchase,electronics,DE,0
1908,79785,36.66,4,0.6848,0.3738,purchase,gaming,RU,1
1909,39484,49.24,17,0.1091,0.1114,purchase,retail,DE,0
1910,14087,27.71,7,0.1662,0.145,purchase,grocery,DE,0
1911,86252,112.72,3,0.4816,0.4611,transfer,crypto,CN,1
1912,79953,286.95,15,0.2307,0.1725,purchase,retail,GB,0
1913,82602,101.61,17,0.095,0.3679,purchase,grocery,FR,0
1914,55875,40.3,10,0.0511,0.1123,purchase,retail,RU,0
1915,32988,38.5,9,0.1443,0.5916,purchase,retail,DE,0
1916,86656,164.46,10,0.1321,0.3911,transfer,electronics,CN,0
1917,71843,41.79,9,0.0641,0.1998,withdrawal,retail,US,0
1918,45701,311.85,14,0.1054,0.5238,refund,grocery,GB,0
1919,73890,64.17,3,0.0054,0.0535,purchase,electronics,GB,0
1920,46614,39.13,3,0.0917,0.1728,transfer,electronics,DE,0
1921,71323,21.17,9,0.2243,0.1394,purchase,electronics,GB,0
1922,98902,58.63,9,0.1293,0.4551,purchase,travel,DE,0
1923,15682,41.14,8,0.1174,0.1204,transfer,travel,DE,0
1924,40978,203.55,16,0.6068,0.1236,purchase,travel,DE,0
1925,35515,83.11,1,0.256,0.0854,purchase,grocery,FR,0
1926,27745,185.1,1,0.3351,0.5615,purchase,travel,CN,1
1927,90280,25.63,20,0.197,0.1988,withdrawal,grocery,DE,0
1928,97725,79.02,17,0.2182,0.2263,purchase,retail,US,0
1929,22240,75.79,10,0.4554,0.4561,transfer,crypto,CN,1
1930,91367,55.24,11,0.5631,0.6161,purchase,electronics,NL,0
1931,77379,129.41,19,0.2733,0.4023,purchase,grocery,NL,0
1932,19935,27.23,14,0.3421,0.4356,purchase,electronics,GB,0
1933,98741,49.92,13,0.1164,0.0466,purchase,grocery,DE,0
1934,29415,39.09,10,0.1271,0.0524,purchase,travel,FR,0
1935,37673,44.69,15,0.1656,0.1518,purchase,crypto,NL,0
1936,87051,20.04,7,0.2672,0.0364,purchase,retail,NL,0
1937,58351,234.63,12,0.0501,0.337,transfer,retail,NL,0
1938,29731,60.66,7,0.2118,0.0813,withdrawal,retail,DE,0
1939,41234,126.78,11,0.0354,0.1042,purchase,gaming,FR,0
1940,38386,326.51,4,0.404,0.1731,transfer,grocery,RU,1
1941,32251,197.45,14,0.3146,0.0504,purchase,retail,NL,0
1942,41288,29.96,7,0.4091,0.2874,transfer,electronics,DE,0
1943,73143,83.17,8,0.0424,0.1073,purchase,retail,DE,0
1944,40537,21.65,18,0.1329,0.0057,withdrawal,crypto,NL,0
1945,77379,722.18,9,0.1294,0.0076,purchase,retail,DE,0
1946,30836,106.74,6,0.0487,0.3237,purchase,retail,FR,0
1947,52786,123.8,10,0.1501,0.2178,purchase,gaming,DE,0
1948,26145,58.56,21,0.5842,0.0905,purchase,gaming,DE,0
1949,74601,40.7,17,0.5927,0.6364,purchase,gaming,GB,1
1950,42599,28.12,15,0.0407,0.1752,purchase,grocery,GB,0
1951,11004,46.66,13,0.0813,0.3393,purchase,travel,US,0
1952,55763,75.28,2,0.4655,0.8451,transfer,crypto,US,1
1953,39881,58.74,18,0.0156,0.1685,transfer,retail,DE,0
1954,12092,26.41,15,0.0278,0.3439,transfer,crypto,DE,0
1955,46389,132.05,18,0.1451,0.2674,purchase,electronics,FR,0
1956,13739,69.62,15,0.7842,0.2197,purchase,gaming,DE,0
1957,46226,19.92,19,0.3653,0.1746,purchase,electronics,FR,0
1958,59580,81.58,3,0.4419,0.7162,transfer,electronics,DE,1
1959,14795,210.7,14,0.0783,0.0853,purchase,grocery,RU,0
1960,25952,46.19,9,0.1715,0.0858,transfer,grocery,GB,0
1961,15069,16.78,3,0.269,0.2313,transfer,crypto,DE,0
1962,24567,20.99,6,0.0653,0.6134,withdrawal,grocery,DE,0
1963,83291,150.6,12,0.0842,0.3589,purchase,crypto,DE,0
1964,15894,200.58,22,0.4547,0.2081,purchase,retail,GB,0
1965,17713,100.29,17,0.5179,0.3296,purchase,travel,DE,0
1966,81305,241.67,0,0.3234,0.2458,purchase,crypto,RU,1
1967,25698,130.51,17,0.3995,0.2859,purchase,grocery,US,0
1968,35706,119.6,15,0.1179,0.0351,purchase,retail,GB,0
1969,58629,68.26,20,0.0789,0.0701,transfer,retail,DE,0
1970,55534,56.24,16,0.0996,0.0085,transfer,electronics,FR,0
1971,12406,67.28,9,0.1663,0.36,purchase,grocery,DE,0
1972,57191,79.49,12,0.2069,0.1438,withdrawal,travel,FR,0
1973,90260,148.39,11,0.1499,0.1447,purchase,grocery,CN,0
1974,32639,79.21,8,0.0967,0.1131,refund,retail,NL,0
1975,38015,146.91,8,0.1661,0.1335,purchase,retail,FR,0
1976,83363,94.69,0,0.2302,0.7963,transfer,electronics,RU,1
1977,44482,35.68,9,0.055,0.2211,purchase,retail,FR,0
1978,97364,32.58,8,0.4587,0.1633,purchase,retail,NL,0
1979,80277,63.76,8,0.2325,0.1362,withdrawal,retail,US,0
1980,49119,24.48,20,0.3057,0.2037,purchase,retail,FR,0
1981,75847,41.8,10,0.027,0.0545,purchase,electronics,NL,0
1982,98964,112.79,18,0.0415,0.0118,purchase,retail,RU,0
1983,69828,28.98,5,0.3448,0.1128,purchase,gaming,NL,0
1984,28516,43.19,22,0.4137,0.1179,purchase,retail,GB,0
1985,94309,25.31,17,0.4078,0.0993,purchase,electronics,US,0
1986,78574,504.7,20,0.1564,0.0466,purchase,retail,FR,0
1987,69662,87.81,12,0.5294,0.0726,purchase,travel,DE,0
1988,56966,34.65,14,0.1616,0.1572,transfer,travel,FR,0
1989,75136,97.21,20,0.4648,0.7256,purchase,grocery,CN,1
1990,58966,15.6,10,0.1337,0.2746,purchase,retail,DE,0
1991,56124,31.66,11,0.0781,0.3939,purchase,retail,US,0
1992,91777,69.04,16,0.3215,0.3252,purchase,electronics,GB,0
1993,48447,49.92,4,0.1977,0.1628,withdrawal,retail,GB,0
1994,95931,17.78,22,0.1459,0.7197,refund,crypto,US,1
1995,16358,46.65,2,0.6203,0.5918,purchase,retail,FR,0
1996,10218,50.9,19,0.1593,0.035,purchase,travel,GB,0
1997,32287,81.04,6,0.0802,0.2033,purchase,retail,NL,0
1998,31395,41.03,16,0.41,0.1883,purchase,electronics,DE,0
1999,53975,62.33,8,0.0073,0.2852,purchase,grocery,DE,0
2000,36432,18.38,10,0.6328,0.3362,purchase,grocery,US,0
2001,30959,372.7,9,0.0572,0.3275,purchase,retail,US,0
2002,52353,33.41,12,0.0691,0.0784,purchase,retail,NL,0
2003,58026,50.55,18,0.6127,0.7809,purchase,retail,DE,0
2004,63280,68.82,19,0.0927,0.1058,purchase,electronics,US,0
2005,47309,29.99,8,0.4131,0.2708,purchase,grocery,US,0
2006,86618,42.8,10,0.1029,0.0408,withdrawal,gaming,GB,0
2007,37010,42.37,18,0.4235,0.4487,purchase,retail,GB,0
2008,98940,19.55,6,0.1031,0.4915,withdrawal,grocery,DE,0
2009,78046,36.42,19,0.4163,0.4608,withdrawal,grocery,US,1
2010,51262,425.51,7,0.2773,0.2379,purchase,retail,GB,0
2011,68411,242.54,21,0.2263,0.3635,purchase,crypto,DE,1
2012,38344,38.0,12,0.1964,0.2971,purchase,grocery,US,0
2013,75109,11.92,1,0.4379,0.5821,purchase,retail,CN,1
2014,78446,188.63,17,0.1745,0.0166,purchase,retail,NL,0
2015,66956,83.43,10,0.3229,0.5367,purchase,retail,CN,0
2016,73441,73.2,5,0.1628,0.0362,purchase,travel,DE,0
2017,25610,9.72,22,0.0247,0.0733,purchase,electronics,DE,0
2018,20794,21.68,21,0.0561,0.2542,purchase,grocery,RU,0
2019,18794,306.69,22,0.4665,0.1736,purchase,electronics,CN,1
2020,68269,138.51,15,0.4011,0.3236,purchase,retail,US,0
2021,56753,1448.89,15,0.3436,0.3461,purchase,grocery,DE,0
2022,84928,117.39,21,0.2633,0.1234,purchase,grocery,CN,0
2023,41023,137.65,10,0.8595,0.9224,transfer,electronics,CN,1
2024,16393,102.66,14,0.6953,0.3443,purchase,grocery,DE,0
2025,69322,66.44,17,0.2538,0.1321,purchase,electronics,FR,0
2026,59018,20.69,12,0.1759,0.2211,transfer,crypto,DE,0
2027,13089,99.08,8,0.1884,0.061,purchase,retail,CN,0
2028,11475,16.68,18,0.0194,0.3699,purchase,gaming,RU,0
2029,71267,15.2,15,0.1403,0.0578,purchase,grocery,DE,0
2030,35390,14.4,9,0.1218,0.2094,purchase,grocery,US,0
2031,47725,97.45,14,0.2861,0.385,purchase,retail,DE,0
2032,14684,187.57,18,0.1237,0.2665,purchase,travel,CN,0
2033,92418,46.33,9,0.9395,0.9513,withdrawal,travel,CN,0
2034,97065,41.97,17,0.3059,0.4006,purchase,gaming,GB,0
2035,48712,16.33,5,0.0048,0.1688,purchase,retail,DE,0
2036,64304,24.04,14,0.0733,0.1191,transfer,grocery,DE,0
2037,27233,25.09,23,0.1019,0.5312,purchase,travel,FR,0
2038,99432,42.09,19,0.6168,0.8991,withdrawal,gaming,DE,1
2039,97233,12.88,19,0.0933,0.2429,purchase,electronics,FR,0
2040,89499,27.7,19,0.0424,0.1633,purchase,electronics,FR,0
2041,34323,16.96,15,0.1977,0.0282,purchase,electronics,GB,0
2042,46265,69.48,12,0.2867,0.347,purchase,retail,DE,0
2043,49387,74.58,15,0.2275,0.1161,transfer,grocery,NL,0
2044,56675,14.16,10,0.0917,0.2489,purchase,grocery,DE,0
2045,31159,33.04,13,0.1214,0.5019,purchase,crypto,DE,0
2046,74296,38.84,15,0.7634,0.342,withdrawal,gaming,DE,1
2047,41587,205.95,13,0.0478,0.1452,purchase,grocery,NL,0
2048,29780,72.41,13,0.2652,0.1952,purchase,retail,GB,0
2049,44375,61.11,11,0.1812,0.3285,purchase,electronics,DE,0
2050,15545,46.51,10,0.1813,0.0171,purchase,grocery,DE,0
2051,20452,107.66,10,0.7405,0.0369,purchase,grocery,GB,0
2052,85897,518.61,5,0.6951,0.4729,withdrawal,retail,DE,1
2053,46474,54.66,8,0.0898,0.0804,purchase,electronics,NL,0
2054,65062,29.47,11,0.105,0.21,purchase,crypto,DE,0
2055,26615,45.0,7,0.0834,0.0997,purchase,electronics,FR,0
2056,93622,45.57,20,0.1036,0.0232,purchase,retail,DE,0
2057,51731,39.33,5,0.088,0.2911,purchase,retail,FR,0
2058,73640,13.86,18,0.5805,0.7143,purchase,crypto,GB,0
2059,17242,122.32,9,0.246,0.3311,transfer,retail,US,0
2060,35244,327.29,3,0.6426,0.5916,purchase,travel,CN,1
2061,83684,105.26,19,0.3579,0.1381,purchase,retail,DE,0
2062,33966,76.44,1,0.9571,0.4435,purchase,gaming,GB,1
2063,25625,17.5,16,0.0243,0.513,purchase,gaming,GB,0
2064,40125,32.93,20,0.2778,0.1297,purchase,grocery,DE,0
2065,10475,35.12,19,0.5206,0.2807,purchase,retail,GB,0
2066,26749,15.91,15,0.1319,0.1842,purchase,travel,US,0
2067,70988,8.7,7,0.1971,0.2202,purchase,grocery,CN,0
2068,53770,24.05,13,0.0363,0.335,transfer,grocery,DE,0
2069,14242,31.41,10,0.0368,0.0652,transfer,travel,DE,0
2070,33290,44.43,19,0.2193,0.1616,purchase,crypto,DE,0
2071,75567,49.42,19,0.2604,0.2087,withdrawal,retail,DE,0
2072,87511,114.25,10,0.0639,0.2255,purchase,retail,FR,0
2073,21431,86.99,15,0.0468,0.4397,purchase,electronics,DE,0
2074,80198,38.18,10,0.7549,0.2201,purchase,retail,GB,0
2075,78475,8.9,15,0.3029,0.1706,purchase,crypto,NL,0
2076,29076,78.13,14,0.1858,0.0772,purchase,retail,FR,0
2077,67207,48.16,12,0.2455,0.2427,withdrawal,travel,GB,0
2078,56205,60.99,19,0.0998,0.3356,transfer,retail,DE,0
2079,98855,220.45,9,0.0913,0.326,purchase,retail,NL,0
2080,90554,97.31,8,0.3338,0.2902,withdrawal,travel,RU,1
2081,67578,21.09,17,0.0448,0.0731,purchase,grocery,FR,0
2082,21113,3.69,15,0.2047,0.0131,purchase,crypto,DE,0
2083,76498,17.37,9,0.1211,0.0697,purchase,grocery,DE,0
2084,81291,64.27,11,0.4792,0.7648,purchase,gaming,DE,0
2085,63745,43.51,5,0.1363,0.1361,purchase,retail,FR,0
2086,31931,15.13,14,0.1868,0.174,transfer,retail,DE,0
2087,83119,12.72,19,0.1727,0.3021,transfer,electronics,RU,0
2088,40797,31.46,7,0.2603,0.1598,purchase,travel,DE,0
2089,77949,14.74,7,0.4835,0.3428,purchase,retail,FR,0
2090,59974,66.19,12,0.2161,0.0166,purchase,retail,NL,0
2091,45711,29.97,9,0.1143,0.5122,purchase,electronics,DE,0
2092,83297,24.95,9,0.0296,0.1786,purchase,retail,FR,0
2093,40638,22.32,14,0.0794,0.4492,purchase,grocery,GB,0
2094,27492,53.18,11,0.0506,0.17,purchase,electronics,RU,0
2095,93009,44.09,18,0.1091,0.1051,transfer,grocery,FR,0
2096,93354,50.48,11,0.1156,0.1714,withdrawal,gaming,GB,0
2097,13273,46.35,11,0.726,0.3503,purchase,electronics,RU,1
2098,51731,49.56,14,0.1986,0.4024,purchase,retail,GB,0
2099,70058,39.99,11,0.074,0.3048,purchase,grocery,DE,0
2100,38802,97.32,23,0.0945,0.6116,withdrawal,retail,US,1
2101,22005,17.67,9,0.1801,0.2215,purchase,retail,FR,0
2102,29290,22.86,12,0.783,0.5248,purchase,grocery,US,0
2103,91571,30.4,16,0.1399,0.1679,withdrawal,electronics,NL,0
2104,38565,1767.2,21,0.1756,0.235,purchase,gaming,DE,0
2105,17084,13.51,3,0.3285,0.3378,purchase,retail,US,0
2106,38329,29.78,13,0.3185,0.4144,purchase,grocery,FR,0
2107,36529,46.23,14,0.1946,0.3355,purchase,grocery,GB,0
2108,83035,108.65,6,0.2035,0.2017,withdrawal,retail,DE,0
2109,12088,105.94,18,0.0842,0.2331,purchase,retail,FR,0
2110,47223,32.71,9,0.1556,0.2089,transfer,electronics,FR,0
2111,78475,34.84,19,0.2302,0.0535,purchase,electronics,DE,0
2112,39148,84.98,13,0.441,0.1358,purchase,retail,FR,0
2113,45689,198.17,7,0.0525,0.4314,purchase,gaming,DE,0
2114,23771,140.66,16,0.5275,0.8742,purchase,electronics,NL,0
2115,85091,45.14,0,0.6649,0.5177,purchase,electronics,NL,1
2116,66301,37.86,7,0.5933,0.1727,purchase,retail,CN,0
2117,64277,40.77,16,0.1602,0.4104,purchase,travel,GB,0
2118,44277,79.47,14,0.3821,0.681,transfer,travel,US,1
2119,27987,44.24,18,0.2919,0.1481,purchase,grocery,CN,0
2120,84121,48.18,13,0.3042,0.0876,purchase,retail,FR,0
2121,33060,20.69,9,0.1511,0.3664,purchase,retail,DE,0
2122,23298,94.26,11,0.2085,0.1407,purchase,travel,DE,0
2123,33446,50.68,12,0.0753,0.3454,purchase,retail,FR,0
2124,62837,40.93,15,0.4032,0.1654,purchase,electronics,DE,0
2125,43382,14.43,14,0.3227,0.6234,purchase,travel,FR,0
2126,15550,44.83,11,0.397,0.3548,purchase,travel,US,0
2127,10638,8.51,17,0.239,0.1664,transfer,grocery,DE,0
2128,21335,25.94,17,0.2041,0.0786,purchase,travel,DE,0
2129,93907,26.35,15,0.105,0.4414,purchase,gaming,RU,0
2130,98236,478.1,12,0.2486,0.6948,transfer,retail,NL,1
2131,66866,54.27,9,0.1597,0.334,purchase,grocery,NL,0
2132,72871,210.16,12,0.1519,0.1145,purchase,retail,DE,0
2133,83794,69.14,11,0.1728,0.0365,purchase,electronics,DE,0
2134,57162,145.64,18,0.1079,0.3499,purchase,grocery,FR,0
2135,70613,417.98,18,0.0758,0.2855,refund,electronics,GB,0
2136,19530,110.64,19,0.519,0.6572,purchase,grocery,RU,0
2137,16480,206.14,8,0.1711,0.0694,purchase,retail,DE,0
2138,11190,22.83,16,0.2256,0.0146,refund,retail,GB,0
2139,87401,139.58,19,0.2274,0.2192,transfer,grocery,DE,0
2140,33294,75.08,8,0.0612,0.1041,purchase,grocery,GB,0
2141,23508,42.39,3,0.3093,0.1702,purchase,retail,US,0
2142,53799,51.28,6,0.2886,0.0478,purchase,crypto,DE,0
2143,16086,34.42,14,0.3075,0.4499,purchase,travel,GB,0
2144,16773,25.62,11,0.4896,0.127,withdrawal,electronics,RU,0
2145,20367,168.62,8,0.2503,0.0569,transfer,retail,NL,0
2146,42029,16.7,13,0.0368,0.2067,purchase,grocery,NL,0
2147,28740,76.21,17,0.3193,0.1048,purchase,grocery,DE,0
2148,33375,218.3,19,0.1043,0.5826,refund,travel,DE,0
2149,99804,68.52,16,0.3943,0.2405,purchase,grocery,DE,0
2150,93046,20.99,19,0.0868,0.4926,purchase,retail,DE,0
2151,24596,24.21,14,0.1176,0.1743,transfer,electronics,DE,0
2152,66000,78.19,0,0.7218,0.8609,withdrawal,electronics,GB,1
2153,30838,68.71,18,0.246,0.1975,purchase,travel,US,0
2154,59775,31.13,11,0.0678,0.1156,transfer,grocery,DE,0
2155,43209,39.54,19,0.5517,0.5537,purchase,gaming,US,0
2156,53900,12.32,20,0.546,0.6906,purchase,retail,CN,0
2157,39231,307.05,15,0.1907,0.0629,purchase,grocery,FR,0
2158,23641,45.17,11,0.334,0.2409,withdrawal,electronics,DE,0
2159,15957,64.98,9,0.3018,0.201,purchase,travel,GB,0
2160,44166,31.64,5,0.395,0.532,purchase,travel,DE,1
2161,37708,26.86,10,0.218,0.0336,purchase,grocery,RU,0
2162,64901,24.42,7,0.1212,0.3667,purchase,retail,DE,0
2163,40192,1009.3,3,0.1085,0.1132,purchase,retail,DE,0
2164,85794,8.34,11,0.0202,0.271,purchase,travel,GB,0
2165,50865,53.88,3,0.555,0.1967,purchase,grocery,DE,0
2166,95996,15.18,19,0.0459,0.0933,refund,grocery,DE,0
2167,53906,30.14,15,0.1928,0.252,purchase,grocery,DE,0
2168,70242,177.19,18,0.1138,0.4036,purchase,retail,US,0
2169,63647,18.39,11,0.4326,0.4617,purchase,grocery,DE,0
2170,77770,23.38,8,0.2662,0.468,purchase,gaming,NL,1
2171,82982,43.82,8,0.3913,0.2454,purchase,grocery,NL,0
2172,56274,4.79,9,0.2074,0.0861,transfer,retail,NL,0
2173,63731,32.52,19,0.3937,0.3103,purchase,gaming,CN,0
2174,27673,39.38,7,0.4125,0.4846,refund,grocery,DE,0
2175,46515,13.39,15,0.0418,0.1139,purchase,retail,FR,0
2176,71608,96.62,11,0.8301,0.1643,transfer,grocery,RU,1
2177,95710,153.89,8,0.2102,0.1043,purchase,travel,US,0
2178,75575,25.65,10,0.062,0.3537,withdrawal,electronics,FR,0
2179,68308,34.75,0,0.0436,0.1698,purchase,retail,RU,0
2180,31440,25.7,12,0.3141,0.1321,purchase,gaming,DE,0
2181,54389,39.67,7,0.1833,0.2563,purchase,travel,FR,0
2182,90253,129.27,19,0.3212,0.2137,purchase,retail,GB,0
2183,38164,347.95,6,0.02,0.06,purchase,travel,FR,0
2184,55887,80.14,9,0.883,0.5619,purchase,travel,DE,0
2185,11138,107.21,0,0.4143,0.121,purchase,gaming,DE,0
2186,71703,182.9,23,0.1569,0.1085,purchase,gaming,US,0
2187,48006,52.54,14,0.2092,0.1181,purchase,travel,DE,0
2188,56917,161.53,14,0.0269,0.2383,transfer,travel,DE,0
2189,22794,582.76,12,0.1865,0.1201,refund,retail,FR,0
2190,61992,48.06,19,0.0272,0.0869,purchase,electronics,CN,0
2191,59017,57.27,7,0.372,0.0115,withdrawal,electronics,NL,0
2192,76288,9.04,17,0.1864,0.4077,purchase,crypto,DE,0
2193,94020,54.51,18,0.0925,0.4703,purchase,retail,CN,0
2194,30311,41.56,3,0.6987,0.4004,transfer,grocery,CN,1
2195,86805,11.45,2,0.5349,0.2487,purchase,grocery,DE,0
2196,80784,10.68,7,0.315,0.6662,purchase,crypto,DE,0
2197,46372,108.23,0,0.6125,0.5343,purchase,travel,RU,1
2198,40678,50.1,13,0.1699,0.2159,transfer,electronics,DE,0
2199,80690,16.49,6,0.2006,0.0056,purchase,grocery,NL,0
2200,60209,42.26,9,0.7146,0.7186,purchase,retail,US,0
2201,52422,47.83,11,0.5861,0.1564,withdrawal,crypto,NL,0
2202,64600,49.68,7,0.0887,0.0931,withdrawal,travel,NL,0
2203,49916,18.38,4,0.9532,0.4435,withdrawal,crypto,NL,1
2204,93931,19.72,16,0.0729,0.3541,purchase,electronics,GB,0
2205,73762,91.28,12,0.179,0.086,purchase,retail,DE,0
2206,25936,39.42,14,0.1925,0.2023,purchase,grocery,US,0
2207,74172,61.86,12,0.1888,0.0415,purchase,gaming,NL,0
2208,48216,15.38,11,0.3882,0.1227,purchase,travel,FR,0
2209,40114,36.54,12,0.1183,0.3725,purchase,grocery,NL,0
2210,19534,108.06,20,0.2432,0.2979,withdrawal,retail,DE,0
2211,43845,96.99,11,0.3911,0.1252,withdrawal,retail,NL,0
2212,48521,21.59,14,0.2905,0.047,purchase,retail,DE,0
2213,97268,186.39,18,0.2659,0.5978,withdrawal,grocery,FR,0
2214,75449,18.35,14,0.5845,0.0895,purchase,grocery,US,0
2215,68642,24.34,8,0.1263,0.1655,purchase,gaming,DE,0
2216,38649,12.95,7,0.2611,0.1461,purchase,crypto,FR,0
2217,52054,37.81,14,0.0426,0.1192,purchase,retail,NL,0
2218,67048,363.68,16,0.3563,0.1727,purchase,retail,NL,0
2219,62836,21.82,17,0.111,0.1313,transfer,retail,DE,0
2220,76663,39.37,15,0.0323,0.3573,purchase,grocery,DE,0
2221,68867,35.25,0,0.1558,0.2083,purchase,travel,DE,0
2222,59417,104.26,17,0.7027,0.7081,purchase,grocery,GB,0
2223,45635,25.28,14,0.2749,0.2292,withdrawal,electronics,US,0
2224,85287,26.08,23,0.126,0.2751,purchase,retail,FR,0
2225,18967,20.72,17,0.3436,0.3443,withdrawal,travel,RU,0
2226,15711,16.17,11,0.2559,0.0184,transfer,crypto,DE,0
2227,55943,164.97,20,0.7524,0.5041,withdrawal,grocery,FR,1
2228,74710,31.28,20,0.5086,0.8343,purchase,travel,DE,1
2229,81858,89.48,2,0.5532,0.637,withdrawal,crypto,US,1
2230,87236,474.23,15,0.1311,0.0504,purchase,retail,NL,0
2231,82534,37.91,14,0.215,0.003,purchase,crypto,DE,0
2232,78359,44.55,10,0.4543,0.0273,purchase,electronics,DE,0
2233,88583,125.64,13,0.2007,0.2426,purchase,retail,DE,0
2234,46784,811.36,8,0.266,0.0824,purchase,grocery,DE,0
2235,43262,10.49,6,0.6559,0.4107,purchase,retail,DE,0
2236,38339,360.88,16,0.0347,0.1286,transfer,travel,NL,0
2237,38153,51.51,10,0.696,0.7499,purchase,grocery,FR,0
2238,25806,28.72,17,0.4542,0.1197,withdrawal,retail,RU,0
2239,28687,56.18,12,0.3185,0.1675,transfer,grocery,GB,0
2240,46969,9.8,18,0.0275,0.176,purchase,crypto,DE,0
2241,70380,147.41,16,0.0605,0.4198,purchase,crypto,DE,0
2242,37097,62.09,16,0.152,0.3431,withdrawal,gaming,RU,1
2243,59948,65.87,17,0.4637,0.2592,purchase,electronics,US,0
2244,68105,20.38,11,0.0805,0.0348,purchase,retail,FR,0
2245,15989,25.85,22,0.3325,0.6267,purchase,grocery,RU,0
2246,27840,10.0,11,0.4693,0.2524,purchase,travel,DE,0
2247,10460,32.56,17,0.0084,0.3189,purchase,retail,CN,0
2248,10481,28.21,12,0.1074,0.1463,purchase,gaming,NL,0
2249,17316,13.79,9,0.1064,0.0745,transfer,travel,FR,0
2250,79374,82.29,14,0.1298,0.2511,withdrawal,retail,DE,0
2251,94009,125.87,12,0.7876,0.7302,purchase,gaming,FR,0
2252,78021,41.54,9,0.1594,0.1701,refund,travel,GB,0
2253,10784,32.79,10,0.3166,0.2092,purchase,electronics,DE,0
2254,31936,209.45,7,0.3328,0.4404,purchase,travel,US,0
2255,79456,41.82,23,0.2711,0.2669,purchase,crypto,US,0
2256,67952,16.95,14,0.1878,0.4097,purchase,electronics,NL,0
2257,43190,24.42,8,0.293,0.1713,purchase,gaming,FR,0
2258,81706,33.05,17,0.5247,0.2471,purchase,gaming,US,0
2259,17523,438.11,22,0.674,0.1982,purchase,travel,RU,1
2260,42103,52.51,14,0.4191,0.0804,purchase,travel,DE,0
2261,58266,42.86,16,0.4496,0.2366,purchase,electronics,NL,0
2262,57857,169.53,13,0.5834,0.0235,purchase,grocery,FR,0
2263,60234,11.63,4,0.4284,0.1931,purchase,retail,DE,0
2264,35178,100.78,2,0.5367,0.4726,withdrawal,crypto,FR,1
2265,92987,318.62,8,0.3417,0.0162,purchase,grocery,CN,0
2266,36081,42.64,17,0.084,0.0221,transfer,retail,DE,0
2267,61736,372.34,17,0.0584,0.1618,purchase,retail,NL,0
2268,46380,30.59,16,0.1366,0.0913,refund,travel,DE,0
2269,61789,55.98,0,0.297,0.2177,purchase,retail,NL,0
2270,61397,470.99,18,0.2937,0.2463,refund,retail,GB,0
2271,59330,50.15,11,0.0964,0.0634,purchase,retail,FR,0
2272,76948,40.15,15,0.5867,0.2894,purchase,grocery,FR,0
2273,71884,543.59,1,0.7731,0.5411,transfer,gaming,DE,1
2274,38804,18.38,9,0.0792,0.1682,purchase,grocery,FR,0
2275,81185,155.87,17,0.3906,0.3574,withdrawal,retail,FR,0
2276,50079,145.87,0,0.4692,0.462,withdrawal,travel,GB,1
2277,18418,15.88,22,0.1189,0.4133,purchase,electronics,FR,0
2278,96658,61.13,9,0.2188,0.1267,purchase,retail,DE,0
2279,22478,28.43,17,0.0987,0.4175,purchase,electronics,NL,0
2280,92750,36.2,14,0.1508,0.1747,transfer,retail,GB,0
2281,15556,57.01,9,0.103,0.0796,transfer,retail,GB,0
2282,19966,133.17,9,0.2872,0.0526,purchase,grocery,NL,0
2283,96054,33.58,16,0.2408,0.155,purchase,electronics,FR,0
2284,77095,15.14,9,0.0793,0.1894,refund,electronics,FR,0
2285,62353,123.32,3,0.3478,0.5687,purchase,travel,GB,0
2286,65770,27.7,19,0.0199,0.4081,purchase,retail,DE,0
2287,98056,431.6,13,0.2859,0.3003,refund,retail,FR,0
2288,66154,86.94,17,0.173,0.3076,transfer,travel,FR,0
2289,23626,63.62,14,0.2584,0.2941,purchase,travel,NL,0
2290,66956,6.57,12,0.2486,0.0272,purchase,grocery,GB,0
2291,75968,76.79,17,0.0881,0.2418,purchase,gaming,DE,0
2292,49313,312.27,2,0.1434,0.2856,purchase,crypto,DE,0
2293,38115,32.15,10,0.1213,0.3361,purchase,retail,DE,0
2294,84004,38.76,14,0.0318,0.1663,purchase,retail,NL,0
2295,26371,10.82,21,0.0329,0.0198,purchase,crypto,NL,0
2296,68660,331.67,2,0.2929,0.3134,transfer,gaming,GB,1
2297,82608,50.07,11,0.0359,0.2096,purchase,electronics,DE,0
2298,74620,70.22,20,0.65,0.3454,purchase,travel,CN,1
2299,24938,118.89,20,0.1603,0.3131,transfer,electronics,US,1
2300,84576,13.33,22,0.1479,0.3307,purchase,retail,NL,0
2301,63972,33.35,17,0.2102,0.2786,purchase,gaming,GB,0
2302,48891,48.56,12,0.1481,0.1251,transfer,travel,DE,0
2303,26794,105.95,11,0.3748,0.0991,purchase,grocery,DE,0
2304,20550,21.19,7,0.3057,0.0181,refund,electronics,DE,0
2305,40356,146.04,14,0.3285,0.0847,purchase,retail,NL,0
2306,19283,95.09,4,0.4692,0.6533,withdrawal,grocery,US,0
2307,17861,29.52,11,0.4797,0.3103,purchase,grocery,DE,0
2308,67921,16.57,9,0.2981,0.0824,refund,grocery,US,0
2309,94301,46.34,21,0.0564,0.1298,transfer,retail,FR,0
2310,54804,53.57,10,0.0856,0.1778,purchase,grocery,US,0
2311,97909,22.72,12,0.3761,0.1708,purchase,retail,US,0
2312,82663,272.52,12,0.2535,0.8538,transfer,electronics,US,1
2313,23512,117.85,10,0.0299,0.2665,transfer,travel,NL,0
2314,14073,23.86,7,0.2818,0.1816,purchase,gaming,DE,0
2315,42345,19.78,10,0.2027,0.1257,purchase,electronics,DE,0
2316,14992,51.86,17,0.2825,0.4847,purchase,grocery,DE,0
2317,21292,23.73,14,0.2728,0.0584,purchase,grocery,DE,0
2318,79102,42.83,11,0.5166,0.5711,purchase,travel,GB,0
2319,20450,98.31,18,0.3911,0.0977,refund,gaming,GB,0
2320,99484,362.37,0,0.2103,0.0681,purchase,crypto,FR,0
2321,30633,202.29,5,0.174,0.2407,transfer,electronics,RU,1
2322,86267,141.8,20,0.7341,0.4364,withdrawal,crypto,RU,1
2323,16931,47.13,18,0.3489,0.0121,purchase,travel,DE,0
2324,47711,50.62,4,0.0318,0.2804,purchase,grocery,DE,0
2325,21756,10.08,19,0.1282,0.1281,transfer,retail,CN,0
2326,88829,59.33,21,0.0723,0.1729,purchase,retail,GB,0
2327,16296,48.71,18,0.4953,0.0602,transfer,retail,CN,0
2328,13277,90.83,1,0.3928,0.1469,purchase,grocery,FR,0
2329,98581,71.16,12,0.0796,0.1991,transfer,retail,DE,0
2330,75940,35.81,18,0.2368,0.4323,withdrawal,travel,GB,0
2331,83768,102.26,13,0.0263,0.5712,withdrawal,retail,RU,0
2332,25599,33.16,10,0.0766,0.1447,purchase,electronics,FR,0
2333,59319,52.46,12,0.3705,0.1779,purchase,retail,DE,0
2334,35581,32.64,6,0.5289,0.4987,withdrawal,electronics,NL,0
2335,11902,62.96,12,0.1797,0.1419,transfer,retail,GB,0
2336,41392,30.88,1,0.1691,0.0675,withdrawal,retail,US,0
2337,62893,172.5,14,0.4564,0.0341,purchase,electronics,GB,0
2338,26039,236.22,11,0.1355,0.1468,transfer,travel,RU,0
2339,89331,89.38,8,0.6321,0.1317,purchase,retail,FR,0
2340,55275,62.71,2,0.5469,0.3509,transfer,crypto,US,1
2341,98493,157.61,1,0.1178,0.1003,purchase,gaming,GB,0
2342,48328,73.64,2,0.4179,0.7499,purchase,gaming,FR,1
2343,38977,11.49,20,0.0727,0.222,purchase,travel,GB,0
2344,57795,12.7,13,0.1044,0.1953,transfer,grocery,FR,0
2345,30417,32.35,14,0.0665,0.0636,purchase,electronics,US,0
2346,43162,252.34,1,0.4719,0.3859,purchase,retail,RU,1
2347,23029,44.04,17,0.2478,0.343,transfer,travel,DE,0
2348,18332,35.93,14,0.3213,0.2182,purchase,retail,NL,0
2349,98827,10.53,11,0.054,0.162,purchase,gaming,FR,0
2350,82517,307.54,21,0.0841,0.2306,withdrawal,retail,DE,1
2351,78186,48.75,18,0.8872,0.3989,withdrawal,gaming,GB,1
2352,82644,113.17,14,0.5078,0.3712,purchase,electronics,DE,0
2353,73997,265.35,9,0.0563,0.2978,transfer,grocery,DE,0
2354,75097,825.23,13,0.5546,0.2891,purchase,grocery,DE,0
2355,24952,106.99,8,0.0862,0.223,purchase,electronics,DE,0
2356,69248,51.53,20,0.107,0.1734,transfer,retail,GB,0
2357,54009,20.77,12,0.0309,0.0609,withdrawal,gaming,FR,0
2358,52933,45.22,9,0.3049,0.2758,purchase,gaming,GB,0
2359,80615,254.61,14,0.082,0.0978,withdrawal,grocery,RU,0
2360,76699,31.53,6,0.1841,0.2676,purchase,travel,DE,0
2361,61555,28.88,11,0.3327,0.1641,purchase,travel,DE,0
2362,88176,42.24,15,0.7647,0.3212,withdrawal,crypto,NL,1
2363,10797,108.98,19,0.738,0.0286,purchase,electronics,DE,0
2364,78142,115.31,17,0.4479,0.0452,purchase,electronics,NL,0
2365,85680,20.68,16,0.078,0.0675,purchase,travel,GB,0
2366,32956,34.05,12,0.3987,0.3446,purchase,electronics,DE,0
2367,43317,27.75,11,0.0662,0.3431,purchase,retail,GB,0
2368,28257,45.12,0,0.0014,0.2956,purchase,grocery,DE,0
2369,33152,108.65,14,0.0394,0.0943,purchase,gaming,NL,0
2370,60940,21.47,13,0.2041,0.0305,transfer,travel,US,0
2371,73896,107.36,0,0.0704,0.0817,refund,electronics,CN,0
2372,45537,46.36,7,0.7413,0.474,transfer,grocery,DE,0
2373,50491,307.13,0,0.1503,0.031,purchase,grocery,DE,0
2374,41208,55.76,9,0.2369,0.2045,withdrawal,retail,FR,0
2375,19084,39.16,0,0.3295,0.1741,purchase,travel,FR,0
2376,94249,69.3,11,0.1303,0.1159,withdrawal,travel,NL,0
2377,35942,31.93,12,0.0557,0.1192,purchase,crypto,NL,0
2378,76399,9.24,11,0.1131,0.0693,purchase,grocery,DE,0
2379,84107,34.66,8,0.255,0.3564,purchase,grocery,DE,0
2380,55114,34.2,12,0.5284,0.2471,purchase,grocery,RU,0
2381,51200,10.98,18,0.311,0.0645,withdrawal,gaming,FR,0
2382,40944,39.96,9,0.1272,0.3574,purchase,grocery,NL,0
2383,78483,7.34,10,0.0441,0.0041,purchase,grocery,DE,0
2384,33723,36.27,18,0.3146,0.4838,purchase,retail,DE,1
2385,23645,188.33,2,0.2244,0.3219,purchase,crypto,NL,1
2386,99718,173.81,13,0.2588,0.1352,purchase,retail,DE,0
2387,58882,52.3,9,0.0392,0.3539,purchase,crypto,FR,0
2388,36737,35.41,6,0.0337,0.422,purchase,electronics,FR,1
2389,11576,46.18,10,0.1431,0.3491,purchase,travel,FR,0
2390,86148,186.18,20,0.7282,0.4251,withdrawal,travel,CN,1
2391,28263,29.98,11,0.177,0.0524,purchase,retail,DE,0
2392,21878,143.8,22,0.9512,0.5911,purchase,gaming,NL,1
2393,18980,39.54,10,0.0408,0.16,purchase,retail,GB,0
2394,78896,51.02,11,0.7831,0.3021,refund,crypto,RU,1
2395,85673,21.84,18,0.1447,0.1455,purchase,grocery,US,0
2396,54291,42.91,18,0.1027,0.0693,purchase,travel,DE,0
2397,69833,44.67,11,0.6451,0.4632,purchase,retail,GB,0
2398,50715,19.78,11,0.2243,0.1824,purchase,retail,DE,0
2399,39983,53.39,21,0.7228,0.476,purchase,travel,DE,0
2400,82821,53.1,12,0.225,0.0236,refund,retail,DE,0
2401,98504,36.92,23,0.2097,0.2762,purchase,grocery,DE,0
2402,14898,332.92,17,0.0368,0.1157,transfer,gaming,FR,0
2403,64594,37.73,9,0.4555,0.218,purchase,grocery,DE,0
2404,10797,33.54,8,0.2866,0.1238,purchase,retail,DE,0
2405,18588,29.69,7,0.1257,0.4278,purchase,grocery,DE,0
2406,19482,378.29,1,0.2197,0.0349,withdrawal,grocery,CN,1
2407,41858,18.63,18,0.262,0.0818,purchase,retail,NL,0
2408,14162,76.17,9,0.3874,0.0555,purchase,electronics,CN,0
2409,29441,23.73,15,0.4216,0.0376,purchase,grocery,DE,0
2410,93786,26.24,13,0.0526,0.0736,purchase,grocery,DE,0
2411,37454,26.91,18,0.3023,0.5704,purchase,grocery,DE,0
2412,20658,18.41,16,0.1323,0.174,withdrawal,retail,RU,0
2413,45320,9.6,5,0.2896,0.1315,purchase,retail,US,0
2414,80844,28.69,10,0.2619,0.0865,purchase,grocery,DE,0
2415,75098,89.33,12,0.01,0.1252,withdrawal,travel,DE,0
2416,78034,50.27,17,0.3787,0.1102,withdrawal,travel,FR,0
2417,26650,160.21,16,0.1277,0.3243,purchase,retail,DE,0
2418,10099,80.5,13,0.4492,0.1981,purchase,gaming,DE,0
2419,34014,21.35,23,0.5628,0.6306,withdrawal,crypto,DE,1
2420,35139,66.38,18,0.1972,0.0526,withdrawal,retail,FR,0
2421,87892,210.66,11,0.0716,0.1745,refund,electronics,NL,0
2422,82666,39.15,4,0.0663,0.2971,transfer,grocery,GB,0
2423,85066,44.86,19,0.067,0.34,purchase,grocery,DE,0
2424,68594,327.33,12,0.4147,0.1815,purchase,grocery,FR,0
2425,66637,157.94,18,0.3246,0.0067,purchase,travel,GB,0
2426,79762,42.61,11,0.0913,0.2253,purchase,retail,RU,0
2427,90903,414.29,7,0.4831,0.9106,purchase,retail,CN,1
2428,84672,24.51,13,0.1647,0.3756,purchase,travel,CN,0
2429,35885,70.07,10,0.047,0.3602,purchase,grocery,DE,0
2430,12819,21.25,11,0.0424,0.0427,purchase,electronics,FR,0
2431,59458,66.92,7,0.1665,0.0576,purchase,grocery,CN,0
2432,70449,60.45,16,0.1952,0.6458,purchase,electronics,NL,0
2433,13925,36.2,9,0.3161,0.5265,purchase,gaming,DE,0
2434,13086,68.78,9,0.0733,0.2069,purchase,grocery,GB,0
2435,89584,115.92,4,0.69,0.4466,refund,crypto,RU,1
2436,93560,12.01,10,0.18,0.1058,purchase,retail,FR,0
2437,78711,48.84,11,0.2162,0.0278,purchase,retail,GB,0
2438,48440,28.69,13,0.0324,0.09,purchase,grocery,CN,0
2439,15595,484.41,15,0.1332,0.2074,purchase,grocery,DE,0
2440,38738,48.54,15,0.7611,0.5207,transfer,travel,FR,0
2441,92564,25.61,11,0.2279,0.1245,transfer,travel,FR,0
2442,25595,13.18,12,0.0103,0.1914,transfer,retail,FR,0
2443,49809,128.97,7,0.053,0.1455,purchase,grocery,FR,0
2444,70978,31.58,12,0.3467,0.0815,withdrawal,electronics,NL,0
2445,94332,21.7,19,0.0488,0.1564,purchase,electronics,DE,0
2446,83779,371.72,12,0.0236,0.1845,purchase,travel,US,0
2447,21815,11.94,1,0.2704,0.2979,purchase,gaming,DE,1
2448,19764,73.87,21,0.2968,0.1649,purchase,retail,US,0
2449,56070,72.88,7,0.1499,0.1113,purchase,grocery,DE,0
2450,98392,43.24,16,0.2176,0.1792,withdrawal,retail,DE,0
2451,46557,48.68,16,0.2025,0.1784,purchase,travel,GB,0
2452,17261,51.79,15,0.2429,0.0084,purchase,grocery,CN,0
2453,96947,56.6,15,0.3745,0.2669,purchase,retail,DE,0
2454,80560,61.02,1,0.0973,0.1034,purchase,retail,US,0
2455,52881,107.8,16,0.1023,0.0222,purchase,retail,CN,0
2456,16181,266.24,12,0.1804,0.1161,purchase,electronics,US,0
2457,31930,21.24,12,0.1536,0.063,purchase,retail,FR,0
2458,28733,37.61,4,0.3711,0.0811,refund,grocery,CN,0
2459,20179,80.7,8,0.3258,0.0824,purchase,travel,DE,0
2460,24197,9.31,20,0.3048,0.2031,transfer,electronics,US,0
2461,38766,9.36,10,0.1684,0.305,refund,crypto,GB,0
2462,25230,92.81,11,0.2536,0.1421,transfer,retail,FR,0
2463,26551,154.8,8,0.3626,0.3427,purchase,retail,US,0
2464,87180,14.51,14,0.1486,0.1976,purchase,electronics,GB,0
2465,57708,187.45,16,0.1831,0.0575,transfer,grocery,GB,0
2466,69673,388.5,0,0.5158,0.8203,purchase,electronics,GB,1
2467,52353,30.28,20,0.9359,0.7666,purchase,grocery,DE,0
2468,97462,34.07,13,0.6851,0.7505,purchase,travel,NL,0
2469,79364,55.13,9,0.14,0.1087,transfer,crypto,DE,0
2470,30024,14.17,5,0.02,0.2114,purchase,retail,NL,0
2471,24973,16.59,9,0.2257,0.2394,transfer,travel,GB,0
2472,27109,32.92,14,0.0511,0.131,purchase,travel,NL,0
2473,60313,158.66,22,0.1896,0.0839,purchase,travel,US,0
2474,24865,16.33,5,0.0727,0.4129,purchase,grocery,DE,0
2475,33551,83.2,11,0.2855,0.1079,purchase,crypto,FR,0
2476,85088,215.64,14,0.414,0.4637,transfer,electronics,RU,1
2477,74627,29.82,15,0.3689,0.1769,purchase,retail,FR,0
2478,39846,29.71,13,0.0242,0.105,purchase,gaming,GB,0
2479,84777,408.63,15,0.3584,0.2672,purchase,travel,FR,0
2480,63859,38.11,12,0.1173,0.1002,purchase,gaming,DE,0
2481,82489,86.65,9,0.0906,0.1179,transfer,electronics,DE,0
2482,41235,19.23,12,0.0419,0.5116,transfer,travel,DE,0
2483,60687,12.96,10,0.1758,0.0741,purchase,retail,FR,0
2484,58644,32.68,16,0.2367,0.0807,purchase,travel,NL,0
2485,34295,44.75,8,0.1583,0.1458,purchase,retail,FR,0
2486,72075,14.81,12,0.3654,0.0247,purchase,grocery,DE,0
2487,39492,13.07,21,0.4085,0.8708,purchase,grocery,DE,0
2488,20658,57.01,15,0.7655,0.68,withdrawal,crypto,DE,1
2489,72143,202.32,13,0.2781,0.0208,purchase,gaming,GB,0
2490,91307,34.24,3,0.3127,0.5593,transfer,gaming,RU,1
2491,88535,22.33,9,0.3107,0.0235,purchase,gaming,DE,0
2492,37772,12.37,21,0.3844,0.0747,purchase,electronics,DE,0
2493,58357,19.29,2,0.6343,0.7433,transfer,crypto,DE,1
2494,24810,96.6,9,0.1852,0.1178,purchase,retail,DE,0
2495,59638,24.85,16,0.1745,0.0145,purchase,grocery,DE,0
2496,80879,112.99,6,0.3401,0.8554,transfer,retail,US,0
2497,85707,43.56,19,0.0682,0.1695,purchase,electronics,DE,0
2498,99682,54.63,8,0.3979,0.0722,purchase,retail,DE,0
2499,73551,35.52,11,0.3648,0.013,purchase,travel,DE,0
2500,39864,849.52,12,0.154,0.5709,refund,retail,FR,1
2501,24454,35.62,9,0.7474,0.7866,refund,travel,CN,1
2502,47044,4.45,22,0.0681,0.2473,transfer,grocery,US,0
2503,53846,16.18,13,0.345,0.0918,purchase,retail,US,0
2504,26868,38.21,9,0.0612,0.0078,transfer,travel,FR,0
2505,66351,57.98,0,0.0917,0.173,purchase,retail,GB,0
2506,12110,25.78,4,0.7617,0.7742,withdrawal,travel,DE,1
2507,26604,9.29,0,0.116,0.2462,purchase,retail,US,0
2508,22075,40.63,9,0.0631,0.465,purchase,retail,DE,0
2509,30798,16.38,12,0.4164,0.3529,purchase,grocery,FR,0
2510,96056,51.91,12,0.2548,0.0347,purchase,gaming,DE,0
2511,97477,41.83,20,0.0396,0.0491,withdrawal,grocery,DE,0
2512,89550,80.0,17,0.2931,0.1301,purchase,grocery,FR,0
2513,97127,105.3,20,0.1782,0.0697,transfer,grocery,DE,0
2514,81805,62.81,12,0.2059,0.1141,refund,retail,DE,0
2515,33743,88.35,11,0.4211,0.5073,purchase,grocery,DE,0
2516,94646,31.57,13,0.1852,0.553,withdrawal,retail,US,0
2517,96927,468.55,10,0.1864,0.2267,purchase,travel,GB,0
2518,66890,15.09,8,0.3721,0.1632,transfer,gaming,GB,0
2519,49891,85.84,18,0.4222,0.1296,purchase,grocery,NL,0
2520,45445,110.45,3,0.6847,0.1226,withdrawal,travel,CN,1
2521,21415,91.48,15,0.0872,0.305,purchase,travel,DE,0
2522,33488,80.63,10,0.0217,0.2548,purchase,retail,GB,0
2523,25796,64.35,11,0.1715,0.2674,purchase,grocery,FR,0
2524,78221,75.49,8,0.2359,0.0272,purchase,travel,DE,0
2525,15224,7.24,13,0.1834,0.0602,withdrawal,electronics,DE,0
2526,72060,164.17,10,0.3583,0.2834,refund,travel,DE,0
2527,66729,35.76,19,0.0226,0.1183,purchase,retail,GB,0
2528,53966,531.04,13,0.097,0.2324,purchase,electronics,NL,0
2529,27759,7.55,11,0.1058,0.1149,purchase,electronics,NL,0
2530,66039,52.88,16,0.1969,0.013,purchase,grocery,RU,0
2531,58620,26.34,20,0.0493,0.1876,purchase,grocery,FR,0
2532,67873,69.15,18,0.1446,0.0492,purchase,travel,FR,0
2533,35135,55.67,12,0.2344,0.2073,purchase,grocery,FR,0
2534,49738,18.07,21,0.677,0.8532,purchase,crypto,CN,1
2535,62292,58.04,10,0.3896,0.1369,purchase,grocery,DE,0
2536,28487,17.29,15,0.0359,0.1675,purchase,travel,DE,0
2537,98995,40.51,18,0.1233,0.2819,purchase,retail,DE,0
2538,29641,36.48,22,0.0653,0.3423,purchase,retail,DE,0
2539,21239,33.7,23,0.4884,0.6825,transfer,electronics,RU,1
2540,21497,64.78,11,0.354,0.379,purchase,retail,DE,0
2541,13985,98.58,15,0.1234,0.3388,purchase,grocery,DE,0
2542,21742,48.32,9,0.2789,0.158,withdrawal,gaming,NL,0
2543,87188,14.37,6,0.1299,0.2472,purchase,gaming,DE,0
2544,45721,46.59,9,0.0218,0.2662,purchase,travel,DE,0
2545,55209,391.28,0,0.1404,0.1511,purchase,retail,FR,0
2546,29846,172.28,12,0.1979,0.1027,purchase,retail,DE,0
2547,63379,3.39,10,0.1192,0.0401,withdrawal,retail,NL,0
2548,14219,44.87,15,0.4353,0.2114,purchase,grocery,FR,0
2549,36720,93.91,14,0.2067,0.0363,withdrawal,travel,DE,0
2550,40774,220.35,5,0.6023,0.5001,transfer,crypto,DE,1
2551,53310,36.42,8,0.2239,0.6924,purchase,gaming,DE,0
2552,21788,28.76,15,0.0367,0.1172,refund,retail,DE,0
2553,54150,33.89,8,0.0754,0.4265,purchase,retail,GB,0
2554,73387,67.99,0,0.0916,0.1963,withdrawal,retail,FR,0
2555,97432,16.02,22,0.2676,0.0567,purchase,grocery,NL,0
2556,55402,116.79,1,0.0153,0.2884,purchase,retail,US,0
2557,79551,133.09,17,0.2863,0.6349,transfer,retail,FR,1
2558,13205,40.54,10,0.1056,0.1302,purchase,electronics,US,0
2559,21346,103.77,14,0.0348,0.0371,purchase,travel,US,0
2560,24604,59.32,21,0.8357,0.4497,withdrawal,electronics,GB,1
2561,22841,110.58,10,0.0563,0.0825,purchase,electronics,DE,0
2562,12038,11.43,10,0.0937,0.1247,purchase,crypto,GB,0
2563,85183,26.52,16,0.2912,0.0741,purchase,electronics,DE,0
2564,33037,26.16,14,0.4608,0.1687,transfer,electronics,NL,0
2565,23218,263.05,12,0.1617,0.1306,purchase,travel,FR,0
2566,24716,23.75,19,0.7837,0.2732,transfer,retail,CN,0
2567,95764,87.13,0,0.5942,0.7663,refund,crypto,CN,1
2568,19235,6.81,6,0.2977,0.0064,purchase,retail,FR,0
2569,13629,25.93,12,0.494,0.1601,purchase,crypto,US,0
2570,28019,62.63,9,0.5396,0.0038,purchase,grocery,DE,0
2571,71681,56.24,22,0.9834,0.5163,purchase,travel,US,1
2572,71861,406.55,2,0.1337,0.5112,purchase,grocery,DE,0
2573,26406,294.44,22,0.0205,0.1629,purchase,retail,GB,0
2574,11984,140.59,16,0.0665,0.0674,purchase,retail,GB,0
2575,59931,80.73,11,0.63,0.3941,withdrawal,electronics,DE,1
2576,25821,49.89,8,0.0455,0.1717,purchase,grocery,DE,0
2577,43111,19.93,11,0.1186,0.0083,purchase,travel,DE,0
2578,58492,41.52,13,0.5581,0.7395,transfer,travel,DE,1
2579,87610,49.34,12,0.619,0.5947,transfer,gaming,NL,1
2580,37992,169.09,8,0.0883,0.043,purchase,gaming,US,0
2581,17511,47.94,3,0.3386,0.3233,transfer,retail,DE,1
2582,52391,31.08,15,0.0947,0.3376,purchase,retail,FR,0
2583,39799,42.97,19,0.2356,0.4327,transfer,electronics,DE,1
2584,98881,24.3,10,0.2362,0.0158,purchase,grocery,NL,0
2585,35733,230.84,18,0.6954,0.4776,transfer,retail,NL,1
2586,34261,29.83,20,0.0411,0.0632,purchase,gaming,DE,0
2587,29210,14.67,8,0.285,0.2384,withdrawal,travel,DE,0
2588,87861,28.64,10,0.1658,0.1129,transfer,retail,GB,0
2589,12667,34.88,21,0.0201,0.1464,refund,gaming,DE,0
2590,10639,607.62,19,0.2033,0.2069,purchase,retail,GB,0
2591,15150,30.57,9,0.0738,0.1752,purchase,travel,DE,0
2592,42782,14.48,12,0.5072,0.2796,refund,crypto,DE,0
2593,62701,10.88,19,0.1199,0.2742,purchase,retail,FR,0
2594,35270,50.81,15,0.5602,0.4112,withdrawal,grocery,FR,0
2595,69639,45.23,14,0.3159,0.2833,purchase,grocery,RU,0
2596,68902,26.54,15,0.2985,0.0708,transfer,grocery,DE,0
2597,10068,28.58,20,0.0573,0.0948,transfer,retail,NL,0
2598,98078,59.16,12,0.2261,0.1276,purchase,gaming,US,0
2599,22292,138.65,8,0.1279,0.1164,purchase,retail,DE,0
2600,63840,111.58,12,0.1328,0.0504,transfer,retail,NL,0
2601,30222,45.86,16,0.7182,0.4398,purchase,retail,GB,0
2602,56380,96.02,12,0.4745,0.4011,transfer,retail,DE,0
2603,38790,21.98,10,0.372,0.2833,purchase,grocery,GB,0
2604,74610,41.96,15,0.1731,0.0294,purchase,retail,RU,0
2605,91542,177.97,1,0.6796,0.3017,transfer,electronics,US,1
2606,10462,41.17,11,0.0973,0.5545,purchase,gaming,DE,0
2607,84295,13.95,22,0.4002,0.276,purchase,electronics,DE,0
2608,78333,49.07,10,0.5267,0.1836,withdrawal,travel,CN,0
2609,59982,43.68,16,0.1199,0.2407,transfer,retail,DE,0
2610,19130,68.16,13,0.1601,0.2192,purchase,crypto,DE,0
2611,72888,15.5,5,0.1406,0.0289,purchase,retail,FR,0
2612,93272,42.88,12,0.1231,0.1605,purchase,gaming,NL,0
2613,70837,137.62,2,0.0455,0.0593,purchase,retail,CN,0
2614,91237,248.61,17,0.3785,0.3951,purchase,travel,FR,0
2615,97223,126.23,16,0.2588,0.2206,purchase,travel,GB,0
2616,43312,15.63,4,0.1898,0.1631,transfer,grocery,DE,0
2617,96369,62.39,12,0.2787,0.2004,withdrawal,grocery,NL,0
2618,10571,28.2,22,0.2,0.1338,purchase,retail,DE,0
2619,79386,54.13,9,0.2624,0.0538,purchase,grocery,US,0
2620,33826,22.06,20,0.1683,0.3947,purchase,gaming,DE,0
2621,32296,9.91,7,0.1762,0.0776,purchase,retail,GB,0
2622,83110,31.73,0,0.2291,0.0095,withdrawal,travel,FR,0
2623,91067,78.59,13,0.304,0.2874,purchase,retail,NL,0
2624,40743,54.31,9,0.7036,0.0868,purchase,retail,NL,0
2625,35285,59.89,19,0.0775,0.1833,transfer,retail,DE,0
2626,46580,51.11,15,0.2923,0.1233,purchase,gaming,DE,0
2627,54569,59.97,15,0.3311,0.0913,purchase,travel,DE,0
2628,69657,496.54,15,0.2705,0.2449,transfer,electronics,FR,0
2629,62470,33.67,15,0.0117,0.205,purchase,electronics,DE,0
2630,35334,45.63,16,0.162,0.0855,refund,retail,RU,0
2631,69086,187.12,15,0.102,0.1108,purchase,grocery,DE,0
2632,66769,47.98,18,0.0576,0.3283,purchase,gaming,FR,0
2633,74225,44.09,13,0.279,0.0479,withdrawal,electronics,DE,0
2634,50068,46.41,10,0.3101,0.2482,purchase,travel,FR,0
2635,59007,35.33,12,0.1927,0.064,purchase,travel,US,0
2636,99945,35.31,13,0.762,0.6356,refund,electronics,CN,1
2637,56365,29.37,11,0.0355,0.3509,purchase,retail,GB,0
2638,97167,50.77,10,0.1201,0.2378,purchase,grocery,FR,0
2639,48218,27.66,11,0.1248,0.0682,purchase,retail,NL,0
2640,55874,37.57,10,0.1699,0.4502,purchase,travel,FR,0
2641,16134,21.72,6,0.6271,0.1504,purchase,retail,DE,0
2642,47406,46.61,18,0.1813,0.2812,purchase,grocery,DE,0
2643,22185,69.87,17,0.0363,0.1686,purchase,retail,FR,0
2644,11894,35.51,10,0.1914,0.0893,purchase,gaming,GB,0
2645,44958,7.71,21,0.3349,0.3481,purchase,retail,DE,0
2646,40133,70.23,21,0.2456,0.2147,purchase,grocery,DE,0
2647,40194,281.31,19,0.2399,0.0963,withdrawal,grocery,DE,0
2648,75479,18.28,2,0.1399,0.1064,purchase,retail,NL,0
2649,18851,82.05,10,0.2638,0.1227,purchase,electronics,DE,0
2650,79035,12.95,11,0.1721,0.2616,purchase,retail,DE,0
2651,46591,103.4,16,0.0708,0.287,purchase,retail,FR,0
2652,24696,40.5,14,0.2056,0.1165,purchase,electronics,FR,0
2653,22348,6.18,15,0.0078,0.2124,purchase,grocery,FR,0
2654,91093,49.48,17,0.3379,0.368,purchase,grocery,DE,0
2655,37931,30.11,21,0.1362,0.2478,refund,electronics,GB,0
2656,24685,26.49,13,0.1532,0.1625,purchase,grocery,FR,0
2657,43612,22.71,20,0.2714,0.0385,purchase,grocery,FR,0
2658,88239,38.16,18,0.2031,0.0642,purchase,retail,DE,0
2659,42832,28.15,10,0.0576,0.3215,purchase,retail,DE,0
2660,47586,49.32,18,0.1258,0.0916,purchase,travel,NL,0
2661,87505,125.37,7,0.1119,0.0675,purchase,grocery,FR,0
2662,31212,34.55,7,0.121,0.1935,transfer,retail,FR,0
2663,96046,22.82,23,0.0692,0.3116,purchase,crypto,FR,0
2664,73750,16.29,11,0.2404,0.2229,purchase,grocery,GB,0
2665,14295,81.87,12,0.5054,0.2581,purchase,retail,FR,0
2666,87281,14.1,21,0.326,0.2926,purchase,grocery,FR,0
2667,65933,181.12,10,0.3411,0.435,transfer,electronics,RU,0
2668,96729,27.53,23,0.6568,0.5888,purchase,travel,FR,1
2669,60320,25.89,9,0.0262,0.1722,purchase,retail,NL,0
2670,78905,27.2,5,0.0073,0.1232,purchase,retail,DE,0
2671,48924,16.64,12,0.1485,0.0389,purchase,crypto,DE,0
2672,96450,25.1,8,0.1972,0.1438,purchase,travel,FR,0
2673,10197,42.84,5,0.4841,0.1372,purchase,grocery,DE,0
2674,45356,51.94,18,0.056,0.2204,purchase,electronics,DE,0
2675,25664,21.81,10,0.1225,0.1633,purchase,retail,FR,0
2676,91428,39.36,13,0.2618,0.2455,transfer,travel,FR,0
2677,91217,90.49,6,0.0371,0.0536,transfer,retail,US,0
2678,52482,10.35,12,0.1005,0.2661,purchase,retail,DE,0
2679,73715,42.3,14,0.1297,0.2995,purchase,retail,GB,0
2680,21153,18.95,11,0.1211,0.1352,purchase,retail,GB,0
2681,54833,17.38,10,0.2978,0.0174,purchase,electronics,US,0
2682,96894,53.08,10,0.0874,0.0223,withdrawal,grocery,US,0
2683,25050,26.75,6,0.3032,0.0342,purchase,retail,RU,0
2684,23675,15.12,7,0.2271,0.0958,transfer,crypto,DE,0
2685,99562,73.74,21,0.8828,0.2543,purchase,retail,GB,1
2686,18542,131.06,12,0.0601,0.3123,purchase,grocery,DE,0
2687,59266,92.95,7,0.3489,0.247,purchase,retail,CN,0
2688,37951,8.23,8,0.0622,0.235,purchase,grocery,US,0
2689,99515,12.14,8,0.0195,0.1747,purchase,retail,US,0
2690,60097,70.42,17,0.1914,0.0474,purchase,grocery,NL,0
2691,96467,33.38,11,0.19,0.1954,purchase,grocery,CN,0
2692,38839,152.24,13,0.4477,0.1867,transfer,gaming,FR,0
2693,61635,71.8,13,0.0273,0.0394,purchase,travel,DE,0
2694,63899,54.85,11,0.1457,0.0658,purchase,travel,RU,0
2695,55178,17.84,9,0.142,0.0938,purchase,gaming,DE,0
2696,63828,64.57,10,0.2143,0.1033,withdrawal,retail,US,0
2697,27316,14.38,13,0.317,0.1378,purchase,grocery,FR,0
2698,77407,663.5,15,0.6282,0.3472,transfer,electronics,CN,1
2699,46633,128.95,10,0.3371,0.0861,purchase,travel,GB,0
2700,97254,60.87,7,0.3519,0.2472,purchase,grocery,FR,0
2701,50926,21.09,20,0.0665,0.0507,purchase,retail,NL,0
2702,66352,84.27,16,0.4399,0.222,purchase,retail,US,0
2703,26965,285.8,5,0.5473,0.1744,purchase,retail,GB,0
2704,32238,35.34,20,0.1512,0.2738,purchase,retail,GB,0
2705,97729,295.66,8,0.1667,0.0588,purchase,grocery,FR,0
2706,12410,29.46,6,0.7337,0.5846,purchase,electronics,DE,0
2707,79199,45.72,8,0.2314,0.0174,purchase,travel,CN,0
2708,66054,11.81,21,0.2572,0.4341,refund,gaming,RU,0
2709,17241,311.79,8,0.0664,0.2301,purchase,crypto,DE,0
2710,42759,44.13,17,0.76,0.1638,withdrawal,retail,US,0
2711,15280,196.2,14,0.1483,0.266,purchase,travel,FR,0
2712,42658,9.25,12,0.3721,0.1901,transfer,electronics,DE,0
2713,26054,33.49,10,0.0849,0.1237,withdrawal,retail,DE,0
2714,39753,127.09,6,0.4073,0.3191,purchase,grocery,GB,0
2715,99869,34.62,16,0.4053,0.291,purchase,electronics,RU,0
2716,48185,253.62,11,0.4474,0.1387,purchase,grocery,DE,0
2717,28443,20.94,13,0.2977,0.4248,refund,grocery,DE,0
2718,53775,19.25,4,0.1749,0.0679,purchase,grocery,DE,0
2719,82138,32.26,2,0.502,0.3279,purchase,travel,RU,1
2720,70452,9.01,17,0.4128,0.2416,purchase,retail,CN,0
2721,18930,24.91,15,0.2214,0.6464,purchase,retail,US,0
2722,79176,18.34,13,0.0378,0.1437,transfer,retail,FR,0
2723,15479,47.01,12,0.4248,0.2464,purchase,grocery,US,0
2724,51263,21.77,10,0.1309,0.1262,purchase,grocery,DE,0
2725,97193,28.29,10,0.2217,0.2649,purchase,gaming,NL,0
2726,17712,28.95,5,0.01,0.1492,transfer,gaming,NL,0
2727,85137,40.82,15,0.2415,0.1241,purchase,grocery,DE,0
2728,49762,27.13,3,0.1854,0.3498,transfer,crypto,DE,0
2729,89318,17.24,0,0.1633,0.055,purchase,retail,DE,0
2730,90808,45.74,2,0.0512,0.0816,withdrawal,retail,RU,0
2731,81056,73.47,5,0.6405,0.5225,transfer,electronics,FR,1
2732,91581,105.36,8,0.2769,0.21,purchase,grocery,FR,0
2733,78966,47.43,13,0.0706,0.1311,withdrawal,grocery,DE,0
2734,96897,25.32,15,0.1888,0.0929,purchase,grocery,DE,0
2735,34899,38.3,11,0.1872,0.0332,withdrawal,retail,RU,0
2736,81259,7.44,11,0.2469,0.0015,purchase,travel,DE,0
2737,64400,37.77,13,0.1668,0.0907,purchase,retail,CN,0
2738,73268,30.26,14,0.1843,0.3203,refund,retail,NL,0
2739,12823,19.23,18,0.1695,0.3913,purchase,gaming,FR,0
2740,59106,22.44,18,0.2351,0.0186,purchase,gaming,DE,0
2741,60599,30.0,18,0.3403,0.0099,purchase,grocery,DE,0
2742,40125,98.85,18,0.1758,0.007,purchase,grocery,US,0
2743,46445,107.58,19,0.432,0.111,purchase,electronics,FR,0
2744,83186,19.32,13,0.1568,0.2228,purchase,electronics,DE,0
2745,28716,143.37,14,0.073,0.0584,purchase,retail,GB,0
2746,26069,27.97,16,0.5234,0.3146,transfer,grocery,FR,0
2747,40411,84.62,8,0.3125,0.2225,purchase,grocery,FR,0
2748,76324,48.12,10,0.1766,0.0588,refund,grocery,DE,0
2749,90621,46.01,20,0.1925,0.4243,purchase,retail,NL,0
2750,58896,93.16,2,0.7468,0.4462,purchase,retail,RU,1
2751,68629,67.08,12,0.1245,0.3571,purchase,travel,NL,0
2752,62650,193.24,4,0.0266,0.0779,purchase,travel,RU,0
2753,28623,135.54,11,0.4886,0.3438,purchase,electronics,DE,0
2754,45201,42.46,7,0.4454,0.1572,purchase,travel,CN,0
2755,69229,20.54,10,0.0378,0.1533,purchase,retail,FR,0
2756,60750,34.98,13,0.4273,0.2535,purchase,retail,DE,0
2757,82730,121.16,12,0.2867,0.1765,purchase,grocery,GB,0
2758,80691,77.23,20,0.8624,0.7122,withdrawal,grocery,GB,1
2759,48914,29.63,12,0.051,0.0882,purchase,grocery,FR,0
2760,53418,95.31,1,0.3655,0.6592,purchase,travel,DE,0
2761,49024,24.99,11,0.1318,0.1336,transfer,retail,DE,0
2762,82562,22.18,2,0.169,0.2099,purchase,retail,RU,0
2763,26450,74.49,11,0.0986,0.2311,withdrawal,retail,NL,0
2764,12097,20.23,14,0.0641,0.0235,purchase,travel,CN,0
2765,96479,55.41,19,0.2293,0.0579,purchase,gaming,CN,1
2766,82186,256.55,22,0.2345,0.3241,transfer,crypto,GB,1
2767,88513,85.55,7,0.1914,0.3188,purchase,retail,GB,0
2768,90176,57.33,20,0.269,0.177,purchase,grocery,NL,0
2769,44141,20.24,14,0.6684,0.3221,transfer,electronics,DE,0
2770,93558,40.02,8,0.596,0.0015,purchase,travel,FR,0
2771,30339,26.67,11,0.2312,0.0111,purchase,grocery,DE,0
2772,51491,57.2,6,0.4767,0.4787,purchase,grocery,DE,0
2773,19678,211.59,1,0.0597,0.0377,purchase,retail,FR,0
2774,49538,131.86,1,0.2179,0.3676,transfer,crypto,CN,1
2775,59493,31.03,20,0.0691,0.1998,refund,electronics,DE,0
2776,43680,66.93,15,0.1496,0.2332,refund,retail,CN,0
2777,88664,43.41,17,0.3414,0.5411,purchase,retail,DE,0
2778,17481,43.4,14,0.2293,0.5067,purchase,retail,DE,0
2779,25912,36.95,20,0.4229,0.4459,purchase,retail,NL,0
2780,88688,20.52,20,0.6456,0.6032,purchase,electronics,DE,0
2781,58214,56.54,4,0.2198,0.029,transfer,retail,FR,0
2782,32776,33.27,8,0.794,0.0867,purchase,grocery,US,0
2783,74563,19.71,11,0.0259,0.0128,purchase,travel,DE,0
2784,23650,100.69,10,0.1976,0.0048,purchase,retail,DE,0
2785,87493,46.25,12,0.1475,0.4101,purchase,grocery,CN,0
2786,78891,35.03,9,0.1241,0.0481,purchase,grocery,US,0
2787,31636,132.83,17,0.0195,0.0446,purchase,electronics,DE,0
2788,22474,8.93,0,0.5025,0.4186,purchase,gaming,FR,0
2789,32510,125.45,17,0.0935,0.1545,transfer,retail,DE,0
2790,78811,20.12,11,0.0404,0.3074,transfer,retail,US,0
2791,56511,50.9,0,0.0766,0.3237,purchase,travel,DE,0
2792,84974,191.24,23,0.7734,0.4872,purchase,retail,CN,1
2793,76102,25.79,18,0.0585,0.2012,purchase,crypto,US,0
2794,33210,19.4,11,0.0369,0.0949,purchase,crypto,DE,0
2795,39303,129.91,16,0.1668,0.1698,refund,crypto,DE,0
2796,19080,205.98,19,0.374,0.3136,purchase,electronics,DE,0
2797,78944,35.23,2,0.3058,0.2049,purchase,retail,FR,0
2798,43108,56.55,9,0.0894,0.0412,purchase,electronics,US,0
2799,35388,44.63,7,0.1737,0.237,purchase,retail,DE,0
2800,22063,185.11,6,0.1403,0.1976,purchase,grocery,DE,0
2801,89961,7.06,21,0.1313,0.7677,withdrawal,grocery,FR,0
2802,62652,58.59,18,0.0397,0.0594,transfer,travel,DE,0
2803,16688,149.89,23,0.3947,0.5077,purchase,electronics,US,1
2804,90986,22.92,10,0.0981,0.0655,transfer,retail,DE,0
2805,74146,5.74,15,0.1586,0.0659,transfer,electronics,DE,0
2806,56671,31.3,20,0.148,0.2714,purchase,retail,FR,0
2807,90751,204.56,8,0.4077,0.3926,purchase,crypto,GB,0
2808,31076,24.35,0,0.3323,0.437,purchase,grocery,DE,0
2809,32294,83.28,18,0.473,0.6798,transfer,retail,DE,0
2810,63660,117.79,16,0.4928,0.6441,purchase,retail,FR,0
2811,40566,200.19,17,0.7309,0.5125,refund,crypto,RU,1
2812,18143,42.06,7,0.1885,0.1013,purchase,gaming,FR,0
2813,72989,47.11,12,0.5895,0.2034,refund,electronics,GB,0
2814,37585,385.75,21,0.3504,0.5599,purchase,travel,RU,1
2815,96143,303.23,9,0.3203,0.0164,refund,crypto,NL,1
2816,92309,9.89,7,0.3366,0.0435,purchase,grocery,DE,0
2817,40423,23.13,14,0.0511,0.2738,purchase,electronics,DE,0
2818,86603,91.92,14,0.1079,0.196,purchase,electronics,DE,0
2819,70615,44.77,9,0.3606,0.7463,purchase,grocery,FR,0
2820,79304,58.1,17,0.0238,0.1812,withdrawal,crypto,DE,0
2821,99689,47.62,12,0.1739,0.0365,purchase,retail,DE,0
2822,71345,274.02,16,0.2348,0.1816,transfer,electronics,GB,0
2823,78060,779.43,4,0.6747,0.7461,withdrawal,retail,DE,1
2824,76037,29.49,14,0.5638,0.0658,purchase,travel,RU,0
2825,96931,166.43,11,0.532,0.2253,purchase,crypto,DE,0
2826,67426,47.63,9,0.1635,0.0352,refund,electronics,DE,0
2827,59022,179.48,8,0.004,0.7628,purchase,crypto,FR,0
2828,61087,15.01,16,0.1934,0.2979,purchase,travel,US,0
2829,55135,49.75,14,0.0025,0.1055,purchase,grocery,FR,0
2830,14611,30.43,9,0.015,0.082,purchase,grocery,DE,0
2831,53219,47.87,22,0.0754,0.1906,purchase,grocery,US,0
2832,18916,120.18,18,0.0624,0.1753,withdrawal,electronics,GB,0
2833,34618,58.67,7,0.1298,0.1205,purchase,retail,GB,0
2834,30870,119.98,7,0.076,0.0553,purchase,retail,DE,0
2835,85081,24.05,13,0.4683,0.1607,purchase,grocery,NL,0
2836,59272,21.13,6,0.1581,0.0341,purchase,electronics,DE,0
2837,48826,43.11,22,0.0958,0.3584,purchase,retail,FR,0
2838,29810,291.97,14,0.1259,0.3516,refund,retail,US,0
2839,93536,36.31,5,0.1713,0.4118,purchase,electronics,GB,0
2840,52013,272.18,2,0.6091,0.9258,purchase,crypto,DE,1
2841,81120,18.82,11,0.5168,0.0446,refund,grocery,FR,0
2842,62394,117.78,8,0.2662,0.5965,purchase,grocery,GB,0
2843,63589,31.24,12,0.3948,0.0096,purchase,retail,DE,0
2844,77390,142.9,9,0.052,0.1665,transfer,travel,US,0
2845,66587,42.98,18,0.0204,0.0932,purchase,travel,GB,0
2846,60237,73.79,16,0.0537,0.4466,purchase,retail,GB,0
2847,56004,68.31,20,0.5826,0.0329,purchase,travel,DE,0
2848,70853,45.33,0,0.7594,0.6637,transfer,gaming,FR,1
2849,17501,21.1,8,0.0981,0.089,transfer,crypto,DE,0
2850,50773,58.1,10,0.0673,0.1412,purchase,grocery,DE,0
2851,29111,219.0,18,0.0626,0.0577,purchase,retail,NL,0
2852,93033,52.66,10,0.0692,0.1627,transfer,electronics,DE,0
2853,78206,91.48,10,0.1036,0.0428,purchase,retail,DE,0
2854,78751,76.65,23,0.0282,0.0378,purchase,retail,NL,0
2855,29624,196.54,17,0.5287,0.305,withdrawal,electronics,DE,0
2856,50097,49.82,19,0.0481,0.0439,purchase,electronics,FR,0
2857,16486,67.71,11,0.1248,0.2621,purchase,retail,GB,0
2858,26235,81.35,13,0.0283,0.0381,purchase,grocery,DE,0
2859,57627,81.24,11,0.0384,0.0951,purchase,grocery,US,0
2860,73869,52.47,11,0.0668,0.0279,refund,electronics,GB,0
2861,90018,36.36,7,0.7498,0.2096,purchase,retail,US,0
2862,50172,30.48,18,0.1002,0.0527,purchase,retail,FR,0
2863,71455,127.94,11,0.0343,0.1683,purchase,electronics,NL,0
2864,30215,22.8,13,0.2834,0.3319,refund,gaming,GB,0
2865,44498,12.99,19,0.3347,0.2127,purchase,crypto,DE,0
2866,64074,83.63,17,0.2454,0.0212,purchase,electronics,DE,0
2867,56701,191.51,0,0.8215,0.0567,purchase,gaming,CN,1
2868,44842,12.71,8,0.0422,0.3074,purchase,gaming,DE,0
2869,48860,8.26,14,0.0306,0.0814,purchase,retail,GB,0
2870,79961,168.16,17,0.8761,0.9294,purchase,electronics,FR,1
2871,49052,92.02,12,0.3039,0.4256,purchase,retail,RU,0
2872,35423,48.66,9,0.3213,0.368,purchase,retail,US,0
2873,17167,530.74,5,0.6398,0.4827,transfer,crypto,US,1
2874,52230,63.55,3,0.0224,0.1487,purchase,travel,CN,0
2875,39248,29.19,14,0.0162,0.3657,purchase,grocery,DE,0
2876,41817,13.11,17,0.2027,0.0495,refund,crypto,FR,0
2877,41411,15.52,21,0.0678,0.0539,purchase,retail,FR,0
2878,86384,33.74,10,0.6356,0.3929,transfer,retail,DE,0
2879,89577,14.42,11,0.211,0.2747,transfer,retail,DE,0
2880,48275,34.16,0,0.8523,0.9391,transfer,travel,CN,1
2881,55994,55.2,7,0.3154,0.1129,purchase,retail,NL,0
2882,31184,145.48,1,0.3627,0.5517,withdrawal,grocery,FR,1
2883,16391,200.74,23,0.1339,0.0849,purchase,grocery,US,0
2884,87585,49.76,18,0.2899,0.238,purchase,grocery,FR,0
2885,38080,48.52,21,0.184,0.08,refund,retail,US,0
2886,93444,59.07,12,0.1986,0.0361,purchase,grocery,FR,0
2887,34950,44.83,16,0.4153,0.4111,transfer,electronics,NL,1
2888,43235,65.01,8,0.1229,0.4474,purchase,retail,NL,0
2889,49410,31.74,13,0.0444,0.2721,purchase,retail,DE,0
2890,89022,49.72,10,0.2083,0.587,transfer,grocery,NL,0
2891,38438,51.97,10,0.4477,0.2386,purchase,gaming,DE,0
2892,54126,5.39,6,0.1342,0.0471,purchase,gaming,GB,0
2893,80763,73.67,5,0.309,0.1724,purchase,retail,DE,0
2894,75928,48.3,10,0.2607,0.0957,purchase,retail,DE,0
2895,38899,68.68,20,0.1597,0.2345,purchase,travel,US,0
2896,34516,14.24,16,0.384,0.2433,transfer,gaming,FR,0
2897,37603,32.51,17,0.0867,0.393,purchase,grocery,DE,0
2898,24378,16.81,9,0.1812,0.4239,purchase,travel,DE,0
2899,51922,80.07,16,0.3663,0.2767,withdrawal,travel,DE,0
2900,56739,12.88,11,0.0883,0.2327,transfer,travel,GB,0
2901,92166,19.31,4,0.2848,0.0394,purchase,gaming,FR,0
2902,46236,66.96,11,0.2146,0.126,purchase,travel,DE,0
2903,34848,24.9,7,0.0869,0.215,refund,retail,DE,0
2904,10026,136.01,19,0.0687,0.264,transfer,gaming,DE,0
2905,99492,91.9,18,0.1429,0.0308,withdrawal,grocery,DE,0
2906,14101,95.16,9,0.0711,0.2419,withdrawal,retail,DE,0
2907,10920,78.55,14,0.2256,0.0346,purchase,travel,DE,0
2908,66458,139.34,22,0.3383,0.6865,transfer,crypto,DE,1
2909,65493,87.48,10,0.0314,0.304,purchase,gaming,GB,0
2910,41089,34.92,7,0.1681,0.1483,transfer,travel,DE,0
2911,56207,35.73,15,0.0297,0.1593,transfer,retail,DE,0
2912,12964,24.51,17,0.0134,0.373,purchase,grocery,DE,0
2913,65117,49.04,17,0.2577,0.2556,transfer,electronics,GB,0
2914,48683,27.15,7,0.0178,0.0793,purchase,grocery,CN,0
2915,93663,29.43,12,0.6535,0.1034,withdrawal,retail,DE,0
2916,21158,70.8,1,0.5271,0.2702,purchase,crypto,FR,0
2917,92492,116.38,6,0.2955,0.0679,purchase,retail,CN,0
2918,23556,59.65,6,0.2794,0.2361,refund,retail,CN,0
2919,16652,69.82,8,0.4286,0.5219,withdrawal,crypto,DE,1
2920,78409,195.42,4,0.1866,0.1197,purchase,travel,DE,0
2921,14122,23.34,10,0.0192,0.2487,purchase,retail,NL,0
2922,16973,135.03,19,0.1805,0.86,purchase,retail,GB,1
2923,64992,8.91,10,0.0561,0.4764,purchase,gaming,FR,0
2924,51418,78.06,15,0.3123,0.4721,purchase,electronics,FR,0
2925,43064,22.43,23,0.7108,0.6481,purchase,retail,FR,1
2926,39431,22.06,10,0.2307,0.1406,purchase,grocery,US,0
2927,82197,33.7,7,0.4968,0.3075,transfer,grocery,DE,0
2928,98114,9.45,21,0.1619,0.1717,purchase,electronics,US,0
2929,80640,181.92,18,0.3882,0.7195,transfer,crypto,FR,1
2930,11955,68.44,19,0.3327,0.1937,purchase,electronics,DE,0
2931,59463,11.86,7,0.1409,0.1703,purchase,travel,DE,0
2932,50956,29.4,10,0.1534,0.4458,purchase,travel,NL,0
2933,40831,30.41,8,0.3759,0.1059,purchase,gaming,CN,0
2934,72921,45.9,21,0.0283,0.1356,purchase,retail,FR,0
2935,54847,121.97,10,0.245,0.1631,refund,retail,RU,0
2936,94877,75.59,6,0.2193,0.1105,purchase,retail,NL,0
2937,61313,10.71,16,0.1173,0.0076,transfer,grocery,NL,0
2938,38380,71.29,16,0.0938,0.0119,purchase,retail,DE,0
2939,94457,46.76,9,0.0812,0.2047,purchase,travel,DE,0
2940,67096,104.14,18,0.5843,0.6174,withdrawal,gaming,NL,1
2941,75348,39.13,10,0.5766,0.1733,withdrawal,grocery,NL,0
2942,32997,41.71,11,0.1072,0.1857,purchase,retail,DE,0
2943,30258,50.6,9,0.3307,0.2773,purchase,electronics,RU,0
2944,66666,23.62,9,0.2061,0.1366,purchase,grocery,DE,0
2945,35319,36.42,17,0.1486,0.4081,transfer,retail,FR,0
2946,17871,116.32,16,0.0598,0.1347,withdrawal,electronics,DE,0
2947,47546,23.38,15,0.1382,0.0933,purchase,grocery,FR,0
2948,35751,17.72,15,0.1149,0.1781,transfer,grocery,DE,0
2949,93594,40.35,12,0.2986,0.0841,purchase,electronics,US,0
2950,49983,16.27,10,0.1341,0.3191,purchase,gaming,DE,0
2951,43235,9.83,16,0.3504,0.0464,withdrawal,electronics,FR,0
2952,15409,31.73,7,0.2658,0.1065,purchase,gaming,GB,0
2953,67395,145.67,7,0.3573,0.1285,purchase,crypto,US,0
2954,27579,41.15,7,0.4636,0.0603,purchase,electronics,RU,0
2955,73680,49.49,16,0.1833,0.0512,purchase,travel,DE,0
2956,19489,6.95,14,0.5693,0.054,purchase,grocery,DE,0
2957,73089,61.71,11,0.3124,0.2114,purchase,grocery,DE,0
2958,95061,98.95,15,0.8037,0.8468,withdrawal,gaming,DE,1
2959,94637,46.03,12,0.1391,0.1959,transfer,travel,CN,0
2960,56085,24.16,18,0.1773,0.2157,purchase,grocery,RU,0
2961,37275,49.55,7,0.5751,0.3728,purchase,grocery,NL,0
2962,62846,49.14,10,0.3125,0.0621,purchase,electronics,GB,0
2963,79896,17.28,17,0.2197,0.062,purchase,electronics,FR,0
2964,83646,56.38,15,0.5026,0.8042,purchase,retail,US,0
2965,16017,117.63,11,0.2645,0.1291,purchase,travel,DE,0
2966,40886,35.03,8,0.3065,0.1144,purchase,crypto,GB,0
2967,55274,20.34,21,0.185,0.038,withdrawal,gaming,FR,0
2968,19018,36.56,11,0.333,0.2688,purchase,retail,FR,0
2969,63072,87.92,19,0.236,0.1486,purchase,electronics,NL,0
2970,25208,14.99,17,0.4229,0.127,transfer,gaming,FR,0
2971,22917,69.53,19,0.2879,0.4513,purchase,retail,US,0
2972,71906,23.9,1,0.3633,0.1626,purchase,crypto,DE,0
2973,69912,52.24,12,0.1388,0.1616,purchase,grocery,DE,0
2974,95258,546.05,23,0.6953,0.3851,withdrawal,gaming,CN,1
2975,97373,26.32,9,0.2017,0.2687,purchase,electronics,NL,0
2976,50513,26.26,9,0.1127,0.1973,refund,retail,GB,0
2977,72419,155.19,9,0.0035,0.2217,purchase,retail,FR,0
2978,37744,12.84,11,0.3155,0.0195,withdrawal,grocery,NL,0
2979,56073,64.24,11,0.0915,0.1902,purchase,retail,FR,0
2980,89332,185.24,14,0.1794,0.4158,purchase,travel,US,0
2981,36901,76.15,9,0.2597,0.2687,purchase,retail,GB,0
2982,45749,13.72,9,0.225,0.0239,purchase,retail,RU,0
2983,22276,14.31,10,0.0429,0.2987,transfer,travel,NL,0
2984,21625,92.55,15,0.1187,0.171,purchase,grocery,NL,0
2985,81034,59.54,4,0.0597,0.156,transfer,retail,CN,1
2986,33248,48.63,0,0.0811,0.2291,transfer,retail,FR,0
2987,63105,118.53,19,0.4775,0.6093,purchase,electronics,FR,1
2988,80254,51.52,16,0.0427,0.0878,withdrawal,retail,FR,0
2989,43045,14.43,10,0.3421,0.5504,purchase,grocery,DE,0
2990,87613,20.25,13,0.1996,0.0526,purchase,retail,FR,0
2991,90235,21.33,17,0.4897,0.2275,purchase,gaming,DE,0
2992,81190,36.47,12,0.2278,0.2671,purchase,electronics,RU,0
2993,61403,229.75,14,0.2436,0.1151,refund,retail,US,0
2994,98584,19.24,20,0.166,0.023,purchase,gaming,FR,0
2995,76356,18.53,2,0.3965,0.1363,withdrawal,gaming,DE,0
2996,22012,16.23,10,0.1941,0.6467,refund,electronics,FR,0
2997,69508,72.98,20,0.0604,0.2274,purchase,electronics,RU,0
2998,54196,41.05,18,0.0739,0.0308,purchase,electronics,DE,0
2999,27637,19.85,14,0.0797,0.3035,transfer,grocery,US,0
3000,69419,158.22,8,0.9208,0.4663,refund,retail,DE,0
3001,99721,21.7,10,0.578,0.0463,purchase,grocery,FR,0
3002,97907,54.68,19,0.7947,0.6523,purchase,electronics,US,0
3003,70591,416.43,15,0.1146,0.3583,transfer,grocery,NL,0
3004,95362,94.18,8,0.5491,0.347,purchase,electronics,DE,1
3005,46209,67.91,9,0.0892,0.221,purchase,retail,DE,0
3006,42141,39.29,7,0.0866,0.0903,purchase,retail,RU,0
3007,66820,24.16,17,0.1949,0.0173,purchase,electronics,US,0
3008,89971,13.57,13,0.4167,0.2615,purchase,travel,DE,0
3009,25282,103.35,2,0.8268,0.5496,transfer,gaming,DE,1
3010,56369,79.33,22,0.4036,0.2804,purchase,grocery,FR,0
3011,88600,75.75,11,0.3029,0.14,purchase,retail,NL,0
3012,18673,28.61,10,0.2439,0.275,purchase,grocery,NL,0
3013,22752,119.26,9,0.017,0.3623,refund,retail,DE,0
3014,15231,43.29,12,0.0916,0.256,purchase,retail,US,0
3015,78700,706.78,18,0.4677,0.7607,transfer,electronics,CN,1
3016,99926,82.15,10,0.258,0.1432,withdrawal,retail,DE,0
3017,56108,54.69,5,0.515,0.2436,purchase,retail,DE,0
3018,94772,36.58,10,0.6707,0.0483,purchase,retail,FR,0
3019,95952,18.88,8,0.4441,0.3366,purchase,retail,DE,0
3020,66880,37.57,18,0.0349,0.1331,purchase,gaming,DE,0
3021,83560,370.4,9,0.0136,0.2339,purchase,retail,RU,0
3022,72987,27.61,11,0.1595,0.0828,withdrawal,electronics,FR,0
3023,37136,61.79,15,0.3841,0.3241,transfer,grocery,NL,0
3024,62573,16.94,7,0.103,0.4595,purchase,retail,RU,0
3025,12991,82.52,13,0.2471,0.039,purchase,grocery,RU,0
3026,81587,55.48,18,0.5658,0.0869,purchase,travel,GB,0
3027,10383,15.31,13,0.3917,0.4626,purchase,retail,NL,0
3028,35454,35.15,12,0.3452,0.1466,purchase,retail,DE,0
3029,23760,93.85,18,0.1792,0.1331,purchase,retail,DE,0
3030,32430,14.58,21,0.1551,0.0337,purchase,electronics,DE,0
3031,18962,17.11,18,0.2317,0.0654,purchase,retail,DE,0
3032,55123,90.98,20,0.4576,0.8448,purchase,gaming,FR,1
3033,19265,40.08,11,0.0712,0.0507,purchase,travel,DE,0
3034,28351,924.06,14,0.2827,0.1567,purchase,retail,US,0
3035,46438,49.95,21,0.697,0.4232,transfer,electronics,GB,1
3036,56533,24.01,12,0.8997,0.589,purchase,travel,CN,0
3037,88040,64.78,9,0.2907,0.4037,purchase,retail,NL,0
3038,95999,506.42,22,0.4312,0.5842,refund,gaming,CN,1
3039,65458,53.04,11,0.02,0.1366,purchase,grocery,NL,0
3040,37644,25.76,18,0.2606,0.0813,withdrawal,electronics,FR,0
3041,16345,48.76,9,0.052,0.433,transfer,electronics,DE,0
3042,64295,29.06,19,0.1311,0.2663,purchase,grocery,US,0
3043,80724,31.37,23,0.5518,0.3118,purchase,retail,DE,0
3044,90809,63.65,9,0.1345,0.1425,transfer,electronics,NL,0
3045,53033,230.61,7,0.3829,0.3635,purchase,grocery,DE,0
3046,61466,91.31,21,0.1679,0.2328,purchase,retail,GB,0
3047,74563,44.65,8,0.2417,0.0232,withdrawal,gaming,NL,0
3048,19402,107.44,17,0.2329,0.1688,purchase,grocery,DE,0
3049,51947,69.64,3,0.3191,0.3367,purchase,gaming,GB,0
3050,65938,40.42,9,0.066,0.0167,purchase,grocery,GB,0
3051,67043,24.93,9,0.3107,0.4273,purchase,grocery,FR,0
3052,64142,28.13,9,0.0131,0.1577,purchase,grocery,FR,0
3053,38479,12.18,20,0.2018,0.1511,purchase,grocery,DE,0
3054,38511,33.89,8,0.0894,0.2959,purchase,grocery,FR,0
3055,95160,48.14,8,0.6519,0.3038,purchase,electronics,NL,0
3056,65437,182.75,15,0.2362,0.0252,purchase,retail,DE,0
3057,10814,66.62,21,0.0472,0.246,purchase,retail,DE,0
3058,79044,20.39,11,0.2343,0.3353,purchase,gaming,FR,0
3059,60825,12.51,17,0.2966,0.0619,transfer,crypto,GB,0
3060,82995,35.67,2,0.1381,0.1543,purchase,grocery,DE,0
3061,35338,84.77,18,0.3643,0.2083,purchase,retail,CN,0
3062,80448,35.25,16,0.1038,0.3131,refund,retail,GB,0
3063,30567,67.4,20,0.2887,0.0151,purchase,travel,FR,0
3064,55388,36.45,14,0.1552,0.0184,purchase,electronics,GB,0
3065,88942,295.25,21,0.6489,0.4556,withdrawal,electronics,DE,0
3066,78552,64.89,11,0.583,0.854,purchase,gaming,FR,0
3067,75240,166.26,16,0.5303,0.2534,purchase,grocery,NL,0
3068,15011,16.52,16,0.5199,0.3817,purchase,gaming,DE,0
3069,42396,83.49,9,0.2011,0.1934,purchase,travel,US,0
3070,75669,33.74,20,0.0178,0.0734,refund,electronics,FR,0
3071,82778,63.92,18,0.1642,0.3781,purchase,retail,NL,1
3072,32840,38.53,17,0.3565,0.1417,purchase,travel,FR,0
3073,91129,114.67,19,0.3331,0.0225,withdrawal,retail,DE,0
3074,17725,52.84,10,0.2737,0.0272,purchase,gaming,US,0
3075,54474,62.73,18,0.1207,0.1639,transfer,retail,DE,0
3076,52771,104.54,10,0.0191,0.0911,refund,retail,DE,0
3077,27025,18.64,12,0.4838,0.7551,purchase,gaming,DE,1
3078,26574,691.66,22,0.5173,0.1622,transfer,gaming,DE,0
3079,50588,56.38,1,0.0292,0.0592,purchase,retail,US,0
3080,98081,182.48,14,0.5464,0.3672,purchase,crypto,DE,0
3081,68824,46.02,7,0.4334,0.2508,purchase,electronics,NL,0
3082,26859,106.25,16,0.1548,0.0458,purchase,travel,RU,0
3083,67235,61.22,10,0.0624,0.2619,purchase,gaming,DE,0
3084,94086,26.66,19,0.231,0.1304,purchase,electronics,NL,0
3085,39551,49.6,19,0.1917,0.0686,purchase,travel,FR,0
3086,85544,65.22,10,0.0636,0.1513,transfer,travel,DE,0
3087,61593,41.37,18,0.4791,0.397,purchase,electronics,DE,0
3088,86189,60.4,15,0.1783,0.1821,purchase,retail,DE,0
3089,53367,88.73,11,0.2352,0.0733,purchase,travel,DE,0
3090,49627,41.68,10,0.1036,0.0365,purchase,retail,US,0
3091,16023,3.48,8,0.1963,0.1586,purchase,gaming,DE,0
3092,33866,177.07,5,0.12,0.1335,purchase,travel,DE,0
3093,25989,33.02,12,0.1509,0.2768,refund,retail,US,0
3094,53233,21.12,13,0.3466,0.1682,purchase,crypto,CN,0
3095,58088,113.87,11,0.5219,0.0843,purchase,crypto,FR,0
3096,95875,42.36,22,0.3655,0.6975,transfer,electronics,US,1
3097,30760,238.0,21,0.0875,0.189,transfer,grocery,DE,0
3098,37109,26.36,0,0.2362,0.1185,purchase,retail,US,0
3099,54985,96.05,18,0.2468,0.1366,purchase,electronics,DE,0
3100,22057,23.81,17,0.229,0.0128,purchase,gaming,NL,0
3101,50815,66.71,17,0.0568,0.0188,purchase,retail,DE,0
3102,78507,238.84,12,0.0125,0.1755,purchase,grocery,US,0
3103,40111,85.41,8,0.0987,0.1039,purchase,gaming,GB,0
3104,52993,110.41,19,0.2967,0.1362,purchase,electronics,US,0
3105,94770,30.85,16,0.4733,0.0859,purchase,crypto,RU,0
3106,31913,26.2,3,0.124,0.2458,withdrawal,electronics,RU,1
3107,92226,46.48,18,0.0147,0.0217,purchase,electronics,GB,0
3108,14070,445.88,9,0.4816,0.4139,purchase,retail,DE,0
3109,64014,24.27,13,0.0594,0.1819,purchase,electronics,NL,0
3110,82618,220.86,11,0.5773,0.2261,refund,grocery,CN,0
3111,20103,87.91,14,0.1306,0.0782,purchase,travel,DE,0
3112,33160,107.42,16,0.3593,0.1812,purchase,grocery,DE,0
3113,61083,45.03,8,0.1381,0.0976,transfer,electronics,GB,0
3114,11109,15.4,8,0.4489,0.1542,purchase,travel,NL,0
3115,46196,33.07,3,0.1933,0.0483,purchase,grocery,FR,0
3116,98505,12.49,7,0.1105,0.0995,purchase,retail,DE,0
3117,50831,45.33,9,0.004,0.1842,purchase,electronics,GB,0
3118,86509,52.83,5,0.2026,0.1856,purchase,gaming,DE,0
3119,14846,33.78,10,0.4862,0.3552,withdrawal,gaming,US,0
3120,65937,52.22,15,0.0889,0.4447,purchase,gaming,NL,0
3121,97852,60.6,17,0.2936,0.4444,purchase,retail,GB,0
3122,63126,52.9,10,0.6206,0.5596,purchase,travel,DE,0
3123,41760,15.31,6,0.0781,0.1137,purchase,electronics,NL,0
3124,28880,34.29,17,0.0336,0.0792,purchase,retail,RU,0
3125,20894,60.24,11,0.1969,0.0574,withdrawal,retail,DE,0
3126,48099,162.7,9,0.2235,0.09,transfer,electronics,GB,0
3127,69524,33.75,12,0.3943,0.2648,purchase,gaming,FR,0
3128,66010,67.91,22,0.0939,0.021,purchase,retail,DE,0
3129,94420,89.7,10,0.4399,0.5074,purchase,electronics,US,0
3130,37026,35.98,21,0.0098,0.4447,purchase,grocery,FR,0
3131,55908,112.86,9,0.9609,0.7305,purchase,retail,DE,0
3132,71387,118.14,6,0.161,0.0329,purchase,retail,GB,0
3133,69384,137.46,7,0.01,0.147,purchase,electronics,DE,0
3134,67694,15.49,1,0.232,0.0977,purchase,gaming,DE,1
3135,65406,62.78,17,0.0873,0.507,purchase,retail,NL,0
3136,91076,316.12,13,0.2879,0.3233,purchase,electronics,DE,0
3137,39824,25.2,13,0.074,0.5105,purchase,retail,CN,0
3138,18182,60.65,9,0.5349,0.5547,withdrawal,retail,GB,1
3139,96990,1560.79,22,0.3571,0.0567,purchase,retail,US,0
3140,13732,81.7,12,0.1679,0.1185,purchase,electronics,NL,0
3141,99722,132.86,7,0.1565,0.0226,withdrawal,grocery,FR,0
3142,10070,32.39,16,0.4589,0.5535,withdrawal,retail,GB,0
3143,80241,87.17,8,0.1347,0.3486,purchase,electronics,GB,0
3144,98193,80.1,14,0.6292,0.7647,purchase,gaming,NL,1
3145,41476,143.01,13,0.2416,0.4476,purchase,grocery,FR,0
3146,64572,16.87,19,0.2348,0.0778,purchase,grocery,DE,0
3147,98470,37.01,12,0.0298,0.0744,purchase,grocery,US,0
3148,77894,6.89,10,0.1681,0.0802,purchase,travel,GB,0
3149,81235,36.54,13,0.0838,0.2136,purchase,gaming,DE,0
3150,68245,21.25,7,0.3461,0.1368,withdrawal,retail,FR,0
3151,40213,262.83,17,0.6219,0.8839,purchase,crypto,FR,1
3152,30743,35.34,9,0.2538,0.0141,purchase,travel,GB,0
3153,17494,510.35,12,0.4938,0.5142,purchase,retail,NL,0
3154,70069,183.12,9,0.127,0.0844,purchase,retail,CN,0
3155,33179,12.51,3,0.3862,0.405,purchase,electronics,DE,0
3156,69332,68.2,13,0.1629,0.3233,purchase,crypto,NL,0
3157,75413,155.7,20,0.6569,0.2721,purchase,retail,CN,1
3158,91890,149.1,0,0.7818,0.3718,withdrawal,travel,GB,1
3159,85669,83.86,11,0.7374,0.813,refund,retail,FR,0
3160,41966,31.91,11,0.5281,0.3997,purchase,grocery,DE,0
3161,14680,49.48,23,0.292,0.3844,purchase,travel,US,0
3162,66887,53.76,7,0.4331,0.457,purchase,travel,FR,0
3163,75417,13.54,7,0.342,0.1002,purchase,electronics,FR,0
3164,45287,17.7,19,0.5892,0.632,refund,grocery,DE,0
3165,70463,49.23,7,0.0366,0.3507,purchase,travel,GB,0
3166,25692,46.27,20,0.3477,0.3222,transfer,retail,FR,0
3167,25444,23.28,15,0.2512,0.3442,purchase,electronics,FR,0
3168,79129,21.65,13,0.1241,0.4922,refund,travel,GB,0
3169,23854,36.65,20,0.5082,0.6932,purchase,crypto,NL,1
3170,51893,39.4,9,0.2379,0.0358,purchase,travel,NL,0
3171,33802,90.31,10,0.5382,0.6064,purchase,retail,RU,0
3172,46468,39.84,18,0.1788,0.0291,refund,retail,DE,0
3173,15801,168.9,4,0.3829,0.264,purchase,retail,CN,0
3174,51384,23.54,17,0.162,0.4229,purchase,retail,FR,0
3175,92149,50.11,18,0.2147,0.1459,withdrawal,grocery,DE,0
3176,91887,198.48,14,0.6243,0.8773,purchase,retail,DE,1
3177,50935,31.46,16,0.0033,0.2744,purchase,grocery,GB,0
3178,64418,70.09,4,0.0502,0.1754,transfer,retail,FR,0
3179,18527,321.07,23,0.6631,0.2488,withdrawal,grocery,GB,1
3180,30155,21.88,16,0.4317,0.0519,purchase,grocery,US,0
3181,62331,218.83,16,0.4366,0.0224,refund,grocery,FR,0
3182,48345,10.1,0,0.0642,0.3604,transfer,retail,DE,0
3183,37253,1445.77,19,0.1097,0.1303,purchase,retail,NL,0
3184,19103,45.9,7,0.1011,0.0691,transfer,electronics,DE,0
3185,38622,124.57,5,0.4093,0.4585,withdrawal,crypto,RU,1
3186,38330,68.0,22,0.2372,0.2512,transfer,crypto,NL,0
3187,27890,132.2,5,0.1226,0.0395,transfer,retail,DE,0
3188,40913,372.94,9,0.0622,0.1629,purchase,grocery,DE,0
3189,51803,22.86,15,0.1808,0.0276,purchase,retail,FR,0
3190,22772,70.82,7,0.0744,0.065,refund,retail,FR,0
3191,13749,207.96,8,0.1049,0.0918,purchase,retail,RU,0
3192,88597,127.92,15,0.5983,0.7489,purchase,travel,RU,1
3193,60577,20.0,0,0.1059,0.0822,purchase,grocery,FR,0
3194,66209,257.41,18,0.0798,0.4054,purchase,grocery,NL,0
3195,30131,59.02,2,0.264,0.1018,transfer,grocery,US,0
3196,11474,29.42,14,0.2239,0.2147,purchase,grocery,DE,0
3197,85338,19.9,13,0.1064,0.1925,purchase,grocery,CN,0
3198,19043,35.17,12,0.0447,0.2147,withdrawal,grocery,DE,0
3199,83829,8.07,10,0.2842,0.0421,purchase,retail,US,0
3200,97817,29.88,9,0.1696,0.1254,purchase,retail,NL,0
3201,17300,25.75,19,0.2548,0.4927,refund,travel,DE,1
3202,18890,34.01,21,0.3107,0.1895,withdrawal,retail,US,0
3203,10340,17.06,17,0.7193,0.2679,purchase,travel,FR,0
3204,71914,80.29,20,0.0724,0.0879,purchase,grocery,US,0
3205,32841,35.31,16,0.5095,0.3638,purchase,retail,CN,0
3206,78096,24.77,18,0.0748,0.2876,transfer,retail,DE,0
3207,56187,233.16,11,0.2422,0.499,withdrawal,travel,CN,1
3208,89689,464.88,2,0.5164,0.5585,purchase,crypto,US,1
3209,97920,32.25,22,0.5549,0.2368,purchase,travel,NL,0
3210,88193,57.5,11,0.1444,0.1345,purchase,gaming,DE,0
3211,39758,45.25,20,0.2162,0.3267,purchase,retail,NL,0
3212,70110,23.43,3,0.4664,0.2225,purchase,travel,CN,0
3213,45420,47.31,6,0.2131,0.0981,purchase,retail,NL,0
3214,69818,40.73,12,0.1033,0.1643,purchase,retail,GB,0
3215,87065,16.14,11,0.1325,0.0834,refund,retail,US,0
3216,53320,33.27,11,0.2379,0.1538,purchase,grocery,NL,0
3217,75040,69.58,13,0.0697,0.2479,purchase,retail,DE,0
3218,15322,116.37,0,0.4318,0.5642,purchase,retail,CN,1
3219,75236,69.15,13,0.0259,0.181,purchase,grocery,NL,0
3220,64185,34.97,19,0.1365,0.0665,purchase,gaming,CN,0
3221,79019,75.58,10,0.1126,0.4287,purchase,retail,GB,0
3222,44113,18.49,10,0.2284,0.0418,purchase,travel,DE,0
3223,86976,18.98,15,0.504,0.6074,withdrawal,retail,US,0
3224,54454,114.88,15,0.2869,0.0959,purchase,grocery,CN,0
3225,44304,1095.98,18,0.1633,0.2092,purchase,electronics,DE,0
3226,68519,48.85,9,0.1076,0.1078,purchase,retail,DE,0
3227,30301,33.65,0,0.0168,0.0255,purchase,grocery,DE,0
3228,66121,157.99,21,0.3831,0.0232,purchase,grocery,CN,0
3229,67652,33.32,3,0.0241,0.061,purchase,electronics,NL,0
3230,79121,284.16,15,0.1488,0.0503,purchase,retail,DE,0
3231,25889,150.19,10,0.1152,0.1481,purchase,retail,DE,0
3232,71590,17.99,11,0.0639,0.0181,refund,retail,NL,0
3233,35959,36.91,18,0.1418,0.0447,purchase,travel,RU,0
3234,86274,34.41,11,0.1576,0.1275,purchase,grocery,FR,0
3235,37688,21.4,7,0.9035,0.2569,purchase,grocery,RU,0
3236,98433,388.26,17,0.206,0.4699,purchase,retail,GB,0
3237,22025,263.81,1,0.4658,0.2099,purchase,grocery,GB,0
3238,44218,63.09,9,0.3245,0.199,purchase,gaming,DE,0
3239,67180,28.71,13,0.8856,0.7257,purchase,travel,DE,0
3240,55740,26.02,11,0.206,0.3064,purchase,electronics,GB,0
3241,26770,101.67,14,0.0391,0.183,refund,travel,DE,0
3242,11955,10.23,10,0.1417,0.0015,purchase,grocery,FR,0
3243,89434,52.73,11,0.1476,0.0461,purchase,gaming,FR,0
3244,32915,34.46,10,0.0253,0.5933,purchase,grocery,GB,0
3245,39892,134.07,19,0.1101,0.3678,withdrawal,electronics,FR,0
3246,56642,30.93,1,0.3532,0.2833,purchase,retail,DE,0
3247,28727,60.57,21,0.2944,0.1295,purchase,retail,GB,0
3248,43472,43.54,10,0.1156,0.177,purchase,grocery,GB,0
3249,78111,127.97,10,0.5727,0.4603,transfer,grocery,DE,0
3250,49299,36.74,16,0.362,0.0989,transfer,retail,FR,0
3251,97368,79.49,11,0.2956,0.0835,transfer,retail,DE,0
3252,56510,35.91,14,0.0547,0.1742,purchase,travel,DE,0
3253,79276,93.33,20,0.0887,0.0867,purchase,travel,DE,0
3254,84389,21.19,18,0.0704,0.2823,purchase,retail,GB,0
3255,74070,48.68,1,0.2579,0.8588,purchase,travel,RU,1
3256,13951,43.41,12,0.0132,0.0444,refund,crypto,NL,0
3257,42931,38.97,16,0.2127,0.4716,purchase,travel,FR,0
3258,66255,18.14,11,0.0444,0.3295,purchase,retail,DE,0
3259,84200,14.32,17,0.3482,0.6447,purchase,retail,DE,0
3260,62026,73.41,11,0.1889,0.3636,transfer,travel,DE,1
3261,85474,57.43,15,0.4218,0.6015,purchase,crypto,US,1
3262,42193,25.96,8,0.2347,0.066,purchase,gaming,DE,0
3263,76615,60.8,13,0.5856,0.9677,transfer,travel,DE,1
3264,78069,47.49,3,0.3316,0.1375,withdrawal,grocery,DE,0
3265,21842,22.35,13,0.1011,0.5504,purchase,retail,US,0
3266,99240,32.12,8,0.2551,0.1777,purchase,retail,DE,0
3267,79090,8.56,16,0.4075,0.0469,purchase,retail,DE,0
3268,69703,31.03,6,0.1286,0.0511,purchase,electronics,DE,0
3269,52523,101.5,0,0.244,0.1368,purchase,travel,GB,0
3270,70366,77.43,15,0.2391,0.3966,refund,grocery,DE,0
3271,90031,39.49,12,0.3555,0.1375,purchase,grocery,DE,0
3272,31128,180.64,21,0.1481,0.2421,purchase,crypto,FR,0
3273,98260,21.03,9,0.1344,0.0523,purchase,travel,FR,0
3274,88552,169.15,7,0.0343,0.1283,purchase,electronics,FR,0
3275,34074,246.56,1,0.1023,0.3257,purchase,retail,US,0
3276,20116,48.92,11,0.0113,0.0188,purchase,crypto,FR,0
3277,46221,384.55,6,0.3003,0.2296,withdrawal,electronics,DE,0
3278,80326,23.85,17,0.0198,0.1003,withdrawal,retail,DE,0
3279,73981,14.68,5,0.2815,0.6017,transfer,gaming,GB,0
3280,90452,23.26,20,0.5001,0.1589,purchase,grocery,DE,0
3281,64667,35.28,13,0.4334,0.3532,purchase,retail,US,0
3282,74979,158.47,18,0.2754,0.4123,withdrawal,crypto,GB,1
3283,92987,1189.03,15,0.1203,0.1024,refund,grocery,FR,0
3284,38333,33.48,7,0.0585,0.468,purchase,electronics,DE,0
3285,65398,20.48,6,0.3261,0.2088,purchase,grocery,DE,0
3286,57348,19.81,10,0.046,0.09,purchase,grocery,DE,0
3287,74063,112.06,12,0.0621,0.4902,purchase,grocery,DE,0
3288,87949,99.26,13,0.241,0.0625,purchase,crypto,FR,0
3289,24668,28.14,10,0.2702,0.214,purchase,retail,DE,0
3290,16664,67.79,9,0.539,0.0405,purchase,retail,US,0
3291,28390,16.29,22,0.0931,0.0903,purchase,electronics,DE,0
3292,32304,183.65,9,0.1644,0.1091,purchase,retail,FR,0
3293,19481,76.36,7,0.1189,0.1734,purchase,grocery,GB,0
3294,29051,111.66,0,0.692,0.6822,transfer,travel,GB,1
3295,99388,44.95,10,0.0358,0.0421,withdrawal,electronics,GB,0
3296,67208,208.2,9,0.1306,0.0865,transfer,retail,DE,0
3297,51555,224.66,11,0.145,0.3622,purchase,retail,CN,0
3298,19713,41.24,14,0.0723,0.2761,purchase,retail,CN,0
3299,67588,222.24,2,0.7208,0.3177,purchase,electronics,DE,1
3300,34234,121.8,19,0.6599,0.6417,purchase,gaming,FR,1
3301,76962,41.89,14,0.266,0.0787,withdrawal,electronics,FR,0
3302,86427,25.93,15,0.0417,0.3013,purchase,grocery,FR,0
3303,39184,33.38,7,0.0781,0.1876,purchase,electronics,DE,0
3304,65655,12.02,3,0.2127,0.3209,purchase,retail,FR,0
3305,91394,11.98,17,0.6454,0.1527,purchase,retail,GB,0
3306,57611,37.68,19,0.2743,0.7304,transfer,electronics,US,1
3307,27924,53.22,17,0.5368,0.7624,transfer,grocery,FR,1
3308,18990,50.16,18,0.2465,0.1754,purchase,crypto,CN,1
3309,34234,9.83,8,0.1288,0.2958,purchase,electronics,FR,0
3310,24365,71.73,23,0.498,0.6856,transfer,travel,CN,1
3311,53011,106.88,10,0.015,0.0856,purchase,grocery,US,0
3312,19978,11.28,11,0.3239,0.2532,purchase,grocery,FR,0
3313,14275,223.07,16,0.1147,0.0877,refund,gaming,GB,0
3314,27384,100.72,8,0.3081,0.0542,withdrawal,retail,GB,0
3315,20966,186.19,20,0.7759,0.3376,purchase,travel,DE,0
3316,31172,471.06,22,0.6151,0.3901,purchase,crypto,US,1
3317,72913,31.18,10,0.04,0.1454,withdrawal,electronics,CN,0
3318,48805,11.23,22,0.1362,0.0023,transfer,grocery,FR,0
3319,28950,126.62,9,0.4288,0.0743,purchase,retail,FR,0
3320,39823,139.99,16,0.1146,0.2041,purchase,retail,DE,0
3321,44974,548.48,16,0.4032,0.4479,purchase,crypto,US,1
3322,12812,19.68,10,0.208,0.3384,refund,grocery,US,0
3323,80717,32.08,18,0.6541,0.2115,purchase,retail,NL,0
3324,84183,19.69,12,0.3966,0.1199,transfer,retail,DE,0
3325,83114,38.38,19,0.0548,0.3004,purchase,grocery,DE,0
3326,84268,46.6,16,0.0671,0.3138,purchase,travel,DE,0
3327,88645,31.54,13,0.1182,0.1012,purchase,gaming,US,0
3328,43369,9.06,9,0.582,0.0736,transfer,electronics,GB,0
3329,80323,25.95,9,0.1329,0.0123,purchase,grocery,FR,0
3330,90914,77.32,23,0.0471,0.1257,purchase,retail,GB,0
3331,55083,35.6,20,0.358,0.0793,purchase,retail,NL,0
3332,97100,32.19,7,0.0454,0.2121,purchase,retail,DE,0
3333,94175,189.57,4,0.628,0.6098,transfer,electronics,NL,1
3334,44174,19.28,8,0.084,0.3989,purchase,travel,DE,0
3335,10865,25.32,6,0.0177,0.1856,purchase,travel,DE,0
3336,70617,140.84,8,0.0638,0.17,purchase,retail,DE,0
3337,75859,16.14,9,0.1684,0.2055,refund,grocery,US,0
3338,87326,78.47,18,0.2239,0.1316,withdrawal,electronics,DE,0
3339,47008,44.26,6,0.0031,0.0747,purchase,grocery,DE,0
3340,80674,52.36,19,0.0741,0.0261,purchase,crypto,US,0
3341,20399,22.82,22,0.1151,0.1662,purchase,retail,DE,0
3342,31126,31.53,9,0.6779,0.0996,purchase,travel,DE,0
3343,85468,42.31,11,0.0573,0.21,purchase,retail,NL,0
3344,60010,27.31,13,0.4492,0.3577,purchase,retail,DE,0
3345,22482,56.36,8,0.3545,0.4735,purchase,retail,FR,0
3346,48488,62.73,16,0.0688,0.457,purchase,retail,DE,0
3347,29306,269.56,13,0.1106,0.0484,purchase,retail,RU,0
3348,35665,53.86,7,0.018,0.0982,purchase,electronics,DE,0
3349,32077,95.85,0,0.4709,0.7579,transfer,grocery,US,1
3350,66755,8.37,20,0.2221,0.0345,purchase,grocery,DE,0
3351,74757,23.49,15,0.7543,0.6988,purchase,grocery,NL,1
3352,10722,114.27,9,0.3551,0.1251,withdrawal,electronics,GB,0
3353,28444,105.53,9,0.4892,0.609,withdrawal,crypto,RU,1
3354,24715,35.76,7,0.1621,0.0524,purchase,travel,DE,0
3355,21943,235.13,22,0.227,0.1746,purchase,gaming,NL,0
3356,19116,148.46,6,0.4133,0.3434,withdrawal,retail,DE,0
3357,66929,27.67,4,0.1176,0.2888,refund,retail,RU,0
3358,99460,78.54,9,0.1823,0.0747,transfer,electronics,NL,0
3359,55651,25.67,10,0.0165,0.2028,purchase,electronics,NL,0
3360,23927,42.62,11,0.5132,0.3514,purchase,retail,GB,0
3361,86950,535.18,15,0.0071,0.3201,purchase,grocery,DE,0
3362,84797,109.51,10,0.1003,0.0356,purchase,grocery,FR,0
3363,95003,91.01,13,0.7625,0.3968,purchase,gaming,FR,0
3364,87674,45.32,0,0.1897,0.2713,withdrawal,travel,GB,0
3365,36760,351.04,10,0.449,0.0755,purchase,crypto,DE,0
3366,55246,31.18,21,0.3627,0.1894,purchase,grocery,DE,0
3367,88169,10.85,17,0.2578,0.0819,transfer,retail,GB,0
3368,14907,12.78,16,0.2531,0.2147,purchase,electronics,DE,0
3369,49060,148.85,9,0.2524,0.2387,purchase,electronics,CN,0
3370,78466,39.84,12,0.1352,0.1283,purchase,grocery,FR,0
3371,72574,48.68,18,0.5804,0.0341,purchase,retail,DE,0
3372,63406,40.43,2,0.9088,0.2945,purchase,travel,DE,1
3373,78691,26.81,19,0.16,0.3161,purchase,retail,DE,0
3374,67754,28.94,16,0.0965,0.0558,purchase,travel,DE,0
3375,66872,21.78,11,0.1537,0.0259,purchase,retail,DE,0
3376,60295,63.46,5,0.0456,0.2044,purchase,retail,FR,0
3377,72330,403.02,3,0.2606,0.7605,purchase,electronics,FR,1
3378,40050,39.14,7,0.2217,0.0302,purchase,travel,GB,0
3379,33992,61.54,0,0.44,0.1077,purchase,travel,DE,0
3380,99380,56.74,10,0.12,0.2682,purchase,grocery,DE,0
3381,42986,29.61,1,0.0524,0.0249,transfer,electronics,DE,0
3382,72287,12.31,11,0.5275,0.2471,purchase,grocery,DE,0
3383,45855,11.43,14,0.0623,0.0302,purchase,grocery,DE,0
3384,73842,557.05,14,0.2739,0.0647,refund,crypto,FR,0
3385,34824,149.37,13,0.7984,0.412,purchase,retail,GB,0
3386,59550,132.84,8,0.2754,0.0969,purchase,retail,DE,0
3387,49911,23.96,12,0.0805,0.1311,purchase,grocery,DE,0
3388,15342,42.87,22,0.0088,0.1557,purchase,grocery,DE,0
3389,48753,21.26,11,0.1487,0.0063,purchase,electronics,RU,0
3390,62869,13.94,19,0.0164,0.2146,transfer,grocery,GB,0
3391,45947,25.78,10,0.1707,0.2465,purchase,travel,DE,0
3392,52859,131.27,14,0.0433,0.177,transfer,travel,DE,0
3393,55763,86.89,12,0.1922,0.1783,purchase,grocery,DE,0
3394,47442,18.62,22,0.6629,0.8318,transfer,crypto,FR,1
3395,44795,18.64,15,0.0071,0.1249,purchase,electronics,GB,0
3396,51900,32.54,20,0.3682,0.132,purchase,retail,RU,0
3397,22707,123.38,1,0.2012,0.04,transfer,retail,CN,1
3398,86721,248.94,11,0.1224,0.2455,purchase,electronics,DE,0
3399,60894,26.17,17,0.4418,0.0292,purchase,travel,US,0
3400,87678,45.5,19,0.2004,0.0094,purchase,gaming,US,0
3401,26178,37.32,19,0.2684,0.7653,transfer,electronics,GB,1
3402,87969,59.83,17,0.2655,0.0944,purchase,retail,NL,0
3403,98836,59.28,1,0.2293,0.5262,withdrawal,retail,FR,0
3404,61158,243.24,0,0.1182,0.1694,purchase,retail,CN,0
3405,69243,24.39,19,0.1772,0.4383,withdrawal,retail,NL,0
3406,77299,26.62,16,0.1637,0.1995,purchase,electronics,FR,0
3407,40978,16.22,21,0.2008,0.2982,transfer,travel,NL,0
3408,34159,11.28,9,0.4479,0.1889,purchase,grocery,GB,0
3409,46158,38.57,17,0.2775,0.2113,transfer,electronics,DE,0
3410,23932,85.1,17,0.2659,0.2334,purchase,retail,US,0
3411,30800,13.15,19,0.3439,0.0504,purchase,grocery,US,0
3412,66743,53.63,15,0.4439,0.1437,purchase,grocery,DE,0
3413,57199,82.84,7,0.0348,0.0856,purchase,gaming,DE,0
3414,91302,84.86,22,0.8144,0.7143,purchase,gaming,US,1
3415,39649,8.92,15,0.0453,0.1661,purchase,retail,GB,0
3416,70766,33.78,14,0.3113,0.0316,purchase,retail,US,0
3417,43936,172.31,10,0.3946,0.126,purchase,gaming,NL,0
3418,93284,67.98,8,0.1983,0.0555,purchase,electronics,GB,0
3419,80248,161.22,17,0.5508,0.5568,purchase,electronics,NL,1
3420,49565,8.67,19,0.4797,0.051,purchase,electronics,GB,0
3421,75606,74.41,7,0.0491,0.0677,purchase,retail,DE,0
3422,47465,22.52,11,0.5155,0.1987,purchase,retail,DE,0
3423,96086,76.52,14,0.0606,0.1897,transfer,retail,US,0
3424,89157,23.65,22,0.0774,0.1093,purchase,electronics,DE,0
3425,38440,40.65,15,0.1858,0.0761,purchase,gaming,FR,0
3426,61327,26.93,9,0.1563,0.2605,purchase,travel,US,0
3427,20168,42.64,4,0.0439,0.1065,purchase,electronics,DE,0
3428,31379,26.25,10,0.0737,0.1744,purchase,grocery,FR,0
3429,66920,35.16,9,0.2245,0.175,purchase,retail,DE,0
3430,13156,15.65,18,0.5029,0.1248,purchase,electronics,DE,0
3431,33079,226.08,0,0.6769,0.6681,refund,travel,FR,1
3432,33297,80.83,21,0.7104,0.2287,purchase,travel,CN,1
3433,84781,64.53,10,0.2919,0.235,refund,gaming,NL,0
3434,10423,49.35,6,0.1163,0.0973,purchase,electronics,CN,0
3435,85380,176.47,16,0.6827,0.6441,purchase,retail,CN,1
3436,98861,10.76,19,0.1674,0.0368,purchase,retail,DE,0
3437,72182,98.89,1,0.3681,0.3338,refund,crypto,US,0
3438,24207,36.6,0,0.2363,0.2331,refund,grocery,DE,0
3439,31708,45.63,4,0.5441,0.6639,transfer,electronics,US,1
3440,24470,48.79,12,0.102,0.0457,purchase,grocery,US,0
3441,84572,81.44,5,0.1657,0.1271,purchase,grocery,US,0
3442,75002,56.21,8,0.4969,0.1281,purchase,retail,DE,0
3443,19956,108.12,15,0.3749,0.7295,purchase,retail,CN,1
3444,95117,114.48,23,0.0524,0.0284,purchase,grocery,DE,0
3445,13814,33.14,18,0.4436,0.0473,purchase,grocery,DE,0
3446,25007,221.87,2,0.6557,0.0465,transfer,electronics,CN,1
3447,97232,102.44,17,0.2727,0.0244,purchase,gaming,RU,0
3448,29797,47.2,15,0.0462,0.0873,purchase,crypto,DE,0
3449,75350,65.46,3,0.1064,0.4142,transfer,retail,FR,0
3450,41266,59.92,18,0.3051,0.0407,purchase,retail,FR,0
3451,47362,122.07,12,0.3094,0.0267,purchase,retail,FR,0
3452,54336,78.51,6,0.2268,0.0117,purchase,retail,NL,0
3453,52357,117.39,17,0.4816,0.1122,transfer,retail,DE,1
3454,16941,51.79,22,0.2359,0.5806,transfer,retail,FR,1
3455,23057,219.76,9,0.1337,0.3177,refund,grocery,DE,0
3456,13874,96.77,12,0.2572,0.0545,purchase,grocery,US,0
3457,86634,40.76,0,0.0115,0.1487,transfer,retail,DE,0
3458,10249,98.5,9,0.4089,0.3972,purchase,retail,US,0
3459,83981,65.69,12,0.2871,0.4691,purchase,electronics,CN,1
3460,99651,17.39,10,0.4331,0.1877,purchase,electronics,NL,0
3461,37289,6.97,12,0.1379,0.2009,purchase,electronics,CN,0
3462,68626,11.39,0,0.2293,0.0765,purchase,electronics,US,0
3463,68001,224.72,23,0.4428,0.5985,transfer,travel,RU,1
3464,91080,1639.7,13,0.0472,0.2197,purchase,retail,GB,0
3465,10213,24.34,8,0.3177,0.0355,purchase,grocery,DE,0
3466,79221,214.42,14,0.0729,0.275,purchase,gaming,DE,0
3467,88761,59.9,9,0.2217,0.1486,transfer,crypto,US,0
3468,91557,40.76,11,0.0862,0.4453,purchase,crypto,DE,0
3469,13366,11.88,14,0.3187,0.4445,purchase,gaming,DE,0
3470,45988,42.69,15,0.3732,0.0897,purchase,travel,US,0
3471,81134,212.38,2,0.116,0.0286,purchase,gaming,US,0
3472,82683,159.81,13,0.2719,0.4453,purchase,gaming,CN,0
3473,38492,53.68,18,0.1081,0.182,purchase,grocery,GB,0
3474,97712,30.35,9,0.2239,0.3725,transfer,electronics,RU,1
3475,53134,16.02,8,0.0595,0.1459,purchase,retail,US,0
3476,56316,18.85,13,0.3301,0.2562,purchase,retail,DE,0
3477,63418,20.6,11,0.2238,0.0463,purchase,travel,NL,0
3478,82760,126.02,18,0.1059,0.2175,purchase,travel,CN,0
3479,38860,170.2,11,0.1317,0.2491,purchase,grocery,US,0
3480,96700,50.22,21,0.0629,0.3838,transfer,retail,US,0
3481,59058,34.91,21,0.4918,0.6881,purchase,grocery,US,1
3482,76114,32.86,15,0.566,0.8435,purchase,retail,GB,0
3483,70700,158.6,13,0.2881,0.5329,purchase,crypto,DE,0
3484,10963,18.51,9,0.1962,0.2186,withdrawal,retail,DE,0
3485,84859,160.28,14,0.1074,0.195,purchase,electronics,DE,0
3486,81953,63.02,7,0.0857,0.1018,purchase,travel,DE,0
3487,89642,20.42,11,0.1167,0.3693,purchase,retail,DE,0
3488,19714,24.77,9,0.1424,0.1138,transfer,grocery,NL,0
3489,28506,23.18,15,0.2427,0.0918,purchase,electronics,DE,0
3490,94986,141.77,17,0.1214,0.3625,purchase,travel,DE,0
3491,84794,706.8,20,0.1594,0.4383,withdrawal,gaming,DE,0
3492,88758,151.64,19,0.5027,0.1624,purchase,crypto,GB,1
3493,50874,46.88,8,0.0716,0.1717,purchase,crypto,NL,0
3494,39030,33.85,19,0.0114,0.1161,purchase,electronics,US,0
3495,29489,25.54,18,0.1025,0.5609,purchase,electronics,FR,0
3496,67102,42.58,19,0.3914,0.1335,purchase,retail,DE,0
3497,33356,26.64,16,0.044,0.1482,purchase,electronics,FR,0
3498,97305,39.15,9,0.2105,0.2667,purchase,travel,NL,0
3499,97156,60.42,19,0.0553,0.0985,transfer,grocery,DE,0
3500,39492,56.42,1,0.7298,0.5671,purchase,retail,DE,1
3501,15582,21.53,22,0.7635,0.2697,transfer,retail,RU,1
3502,77697,235.91,14,0.1872,0.1768,purchase,electronics,NL,0
3503,75829,308.98,22,0.4644,0.4459,transfer,gaming,CN,1
3504,39411,36.19,16,0.0278,0.0879,purchase,grocery,FR,0
3505,15272,36.32,8,0.1725,0.1832,purchase,travel,DE,0
3506,55865,32.46,7,0.4262,0.3782,purchase,travel,US,0
3507,96434,29.22,9,0.075,0.1296,purchase,electronics,DE,0
3508,94490,81.28,12,0.1821,0.0765,purchase,grocery,GB,0
3509,35705,9.44,11,0.2152,0.0848,purchase,retail,NL,0
3510,51556,814.32,19,0.0794,0.1255,withdrawal,electronics,GB,0
3511,43666,47.71,0,0.0507,0.042,purchase,grocery,DE,0
3512,11724,71.42,5,0.0535,0.218,purchase,crypto,DE,0
3513,68302,78.75,10,0.1629,0.1476,purchase,crypto,FR,0
3514,55624,23.29,8,0.0203,0.1687,purchase,gaming,US,0
3515,32736,19.55,11,0.5263,0.1336,purchase,grocery,DE,0
3516,38934,17.68,16,0.2826,0.0058,purchase,gaming,NL,0
3517,32313,34.47,23,0.4447,0.3479,purchase,retail,US,0
3518,86975,77.04,8,0.2911,0.087,purchase,travel,DE,0
3519,53787,25.89,9,0.0541,0.3132,purchase,crypto,DE,0
3520,82446,71.29,17,0.2201,0.2905,purchase,retail,FR,0
3521,29662,5.68,9,0.1765,0.0238,purchase,electronics,DE,0
3522,79583,30.64,16,0.2668,0.1658,purchase,travel,DE,0
3523,77091,114.67,13,0.2182,0.4116,purchase,retail,DE,0
3524,72774,36.77,19,0.3083,0.0588,transfer,retail,FR,0
3525,76814,21.01,2,0.5117,0.1458,purchase,retail,DE,0
3526,98802,153.02,22,0.422,0.1356,purchase,electronics,RU,0
3527,80226,3.24,22,0.0387,0.3197,transfer,electronics,FR,0
3528,35726,17.99,1,0.1273,0.3571,purchase,crypto,NL,0
3529,39606,104.44,12,0.3002,0.0152,purchase,electronics,DE,0
3530,17653,25.91,11,0.1201,0.2298,purchase,electronics,DE,0
3531,72842,30.13,5,0.4769,0.1134,transfer,crypto,NL,1
3532,72391,70.85,20,0.8931,0.7352,purchase,retail,US,1
3533,34498,28.65,9,0.082,0.4371,purchase,grocery,FR,0
3534,67230,5.86,22,0.3265,0.039,purchase,retail,FR,0
3535,97395,10.63,8,0.3767,0.288,purchase,grocery,CN,0
3536,43068,116.93,9,0.4057,0.1935,purchase,retail,US,0
3537,97182,71.86,0,0.1342,0.1883,refund,electronics,DE,0
3538,11734,14.11,13,0.3043,0.1085,purchase,grocery,DE,0
3539,16446,24.88,19,0.153,0.1236,purchase,electronics,NL,0
3540,43295,41.48,14,0.1133,0.1895,purchase,crypto,GB,0
3541,76299,15.38,15,0.6716,0.0887,purchase,grocery,FR,0
3542,25082,47.53,3,0.3425,0.8619,refund,retail,FR,1
3543,34071,7.74,5,0.2427,0.1171,transfer,retail,GB,0
3544,23594,135.02,16,0.0064,0.1812,withdrawal,retail,GB,0
3545,20050,69.18,11,0.0999,0.0158,purchase,electronics,GB,0
3546,89312,70.32,12,0.1934,0.2893,purchase,retail,DE,0
3547,27322,89.47,13,0.5773,0.5228,purchase,grocery,DE,0
3548,55290,11.35,22,0.0933,0.0763,withdrawal,travel,DE,0
3549,76093,44.67,16,0.3754,0.9592,purchase,grocery,DE,0
3550,56267,33.85,15,0.3217,0.3989,refund,retail,FR,0
3551,42231,161.91,11,0.3765,0.0745,transfer,grocery,DE,0
3552,22922,35.52,2,0.4823,0.5996,purchase,grocery,GB,0
3553,92570,24.25,13,0.0981,0.1788,purchase,travel,DE,0
3554,94136,3.27,15,0.1447,0.17,refund,grocery,DE,0
3555,50968,114.15,16,0.136,0.1237,purchase,electronics,DE,0
3556,43399,56.29,14,0.3384,0.19,withdrawal,retail,NL,0
3557,66819,12.04,9,0.2478,0.2054,purchase,grocery,GB,0
3558,62876,336.92,8,0.0838,0.1283,refund,electronics,DE,0
3559,13968,29.07,6,0.1195,0.1211,purchase,retail,US,0
3560,17084,29.78,16,0.681,0.1991,purchase,retail,DE,0
3561,19444,22.13,22,0.092,0.2667,purchase,grocery,GB,0
3562,58296,67.11,12,0.0498,0.1873,purchase,grocery,DE,0
3563,80124,21.55,15,0.1446,0.0521,purchase,crypto,DE,0
3564,17390,16.74,15,0.0967,0.3939,purchase,electronics,NL,0
3565,62955,111.27,7,0.1229,0.1633,transfer,retail,FR,0
3566,49853,36.52,8,0.3207,0.1347,withdrawal,retail,DE,0
3567,25602,37.51,8,0.0472,0.1586,purchase,retail,DE,0
3568,88154,76.6,21,0.2531,0.2679,transfer,grocery,FR,0
3569,37391,24.11,0,0.4433,0.4776,purchase,retail,DE,0
3570,14201,28.56,13,0.4912,0.1227,purchase,retail,FR,0
3571,41145,55.14,10,0.3502,0.1934,purchase,electronics,DE,0
3572,45801,11.47,15,0.1554,0.2681,transfer,grocery,FR,0
3573,15731,51.31,8,0.1095,0.1963,purchase,retail,RU,0
3574,32808,22.37,22,0.262,0.0198,withdrawal,retail,FR,0
3575,26146,87.98,10,0.2817,0.1134,withdrawal,grocery,NL,0
3576,27319,67.67,20,0.0533,0.3474,purchase,retail,FR,0
3577,94309,64.53,0,0.6893,0.6649,transfer,electronics,RU,1
3578,45922,60.48,13,0.6555,0.0961,transfer,retail,DE,0
3579,54819,10.85,11,0.7682,0.6251,withdrawal,retail,DE,0
3580,92967,36.95,2,0.3142,0.6288,purchase,electronics,GB,1
3581,23103,248.3,16,0.0344,0.0127,purchase,grocery,DE,0
3582,51768,15.63,13,0.3746,0.1305,transfer,grocery,FR,0
3583,29836,41.21,7,0.178,0.08,purchase,travel,GB,0
3584,65504,168.77,10,0.4791,0.8275,purchase,grocery,RU,1
3585,10579,5.94,16,0.1533,0.2575,purchase,grocery,NL,0
3586,85345,11.48,13,0.3782,0.0408,purchase,travel,FR,0
3587,64367,116.83,13,0.0862,0.5289,purchase,travel,DE,0
3588,20560,58.19,16,0.1071,0.0838,withdrawal,grocery,DE,0
3589,14334,31.48,15,0.1431,0.5621,purchase,retail,GB,0
3590,40752,19.64,10,0.3402,0.2291,purchase,travel,US,0
3591,59926,16.92,10,0.0939,0.1271,withdrawal,retail,NL,0
3592,13621,50.41,9,0.0866,0.1897,transfer,retail,DE,0
3593,81975,31.75,13,0.0247,0.1038,purchase,retail,GB,0
3594,18463,158.33,9,0.2478,0.1393,transfer,grocery,NL,0
3595,19963,95.13,0,0.8176,0.3774,withdrawal,retail,CN,1
3596,34598,36.34,7,0.0797,0.279,purchase,crypto,NL,0
3597,58854,44.7,17,0.1741,0.1273,purchase,grocery,GB,0
3598,64754,13.06,8,0.033,0.1861,refund,retail,FR,0
3599,11651,31.29,8,0.0825,0.3297,purchase,travel,FR,0
3600,49447,49.42,18,0.6785,0.6235,purchase,retail,DE,0
3601,93778,30.97,16,0.2406,0.0263,withdrawal,electronics,NL,0
3602,27309,28.14,17,0.1958,0.5324,purchase,crypto,FR,0
3603,96602,56.14,10,0.0521,0.223,purchase,travel,DE,0
3604,14588,688.25,14,0.4668,0.0235,purchase,retail,DE,0
3605,67909,48.1,21,0.303,0.0394,transfer,gaming,NL,0
3606,53770,217.99,2,0.7531,0.4673,purchase,crypto,US,1
3607,56476,112.46,9,0.2029,0.0358,purchase,retail,FR,0
3608,13370,535.38,5,0.2189,0.3604,transfer,retail,DE,0
3609,53688,106.88,8,0.0401,0.0019,purchase,electronics,GB,0
3610,26748,174.88,20,0.0796,0.2532,purchase,electronics,FR,0
3611,31461,35.66,9,0.0076,0.2934,transfer,retail,NL,0
3612,15262,35.79,12,0.1267,0.0835,purchase,travel,NL,0
3613,27083,67.65,13,0.3572,0.4797,refund,gaming,NL,0
3614,61555,83.39,21,0.4831,0.1466,withdrawal,electronics,DE,0
3615,18232,47.29,9,0.0397,0.1556,purchase,retail,DE,0
3616,23943,89.59,12,0.0752,0.3685,purchase,grocery,GB,0
3617,17869,26.34,21,0.162,0.0656,purchase,crypto,GB,0
3618,43611,90.25,8,0.2814,0.3015,transfer,grocery,DE,0
3619,55735,100.83,14,0.2561,0.0603,purchase,electronics,GB,0
3620,29873,75.63,5,0.0826,0.3863,purchase,retail,DE,0
3621,61173,47.66,9,0.2099,0.3773,purchase,retail,US,0
3622,90863,448.94,5,0.373,0.0478,transfer,retail,FR,0
3623,69217,19.89,10,0.4632,0.0585,purchase,retail,DE,0
3624,67245,50.33,8,0.5334,0.1588,purchase,gaming,DE,0
3625,32668,54.9,17,0.0826,0.3849,withdrawal,retail,NL,0
3626,47759,13.73,12,0.2536,0.3993,refund,electronics,NL,0
3627,59683,63.65,11,0.0592,0.0111,purchase,travel,NL,0
3628,83288,14.71,15,0.1571,0.2386,purchase,grocery,CN,0
3629,33390,29.56,21,0.0272,0.2592,purchase,grocery,DE,0
3630,83672,232.93,9,0.1034,0.0762,withdrawal,travel,NL,0
3631,21557,22.85,5,0.6925,0.246,withdrawal,retail,FR,0
3632,74076,45.61,6,0.2261,0.2758,purchase,electronics,NL,0
3633,83953,48.0,23,0.6329,0.5418,purchase,retail,RU,1
3634,55853,45.0,19,0.1975,0.0689,transfer,retail,DE,0
3635,54821,21.18,18,0.2052,0.4217,purchase,retail,CN,0
3636,56780,649.61,11,0.4177,0.4642,withdrawal,gaming,DE,1
3637,57149,68.91,12,0.3259,0.1727,purchase,travel,US,0
3638,82780,22.21,7,0.1711,0.2593,purchase,retail,CN,0
3639,81917,297.31,12,0.0383,0.1402,withdrawal,retail,GB,0
3640,23292,14.02,20,0.3919,0.4422,refund,crypto,DE,1
3641,16573,38.74,15,0.0797,0.1244,purchase,travel,GB,0
3642,60253,18.99,2,0.6559,0.3258,transfer,retail,CN,1
3643,45824,15.71,10,0.0744,0.1655,transfer,electronics,DE,0
3644,93060,18.42,6,0.1256,0.2332,purchase,travel,FR,0
3645,29481,452.79,1,0.7359,0.3508,purchase,gaming,RU,1
3646,84426,112.78,10,0.2057,0.468,purchase,grocery,DE,0
3647,81176,183.12,15,0.031,0.0134,purchase,travel,CN,0
3648,49437,13.34,22,0.1979,0.1857,purchase,grocery,NL,0
3649,85712,87.85,8,0.1364,0.0437,purchase,travel,DE,0
3650,79551,29.87,20,0.078,0.2816,purchase,grocery,NL,0
3651,20741,74.1,11,0.195,0.158,transfer,electronics,NL,0
3652,23451,627.09,15,0.091,0.0378,withdrawal,crypto,RU,0
3653,41578,53.69,19,0.138,0.391,transfer,electronics,NL,0
3654,91813,325.88,13,0.1034,0.2061,withdrawal,travel,GB,0
3655,51666,9.82,5,0.1711,0.6449,purchase,retail,GB,0
3656,56157,77.96,9,0.114,0.1568,purchase,retail,GB,0
3657,62049,34.21,17,0.3465,0.1502,purchase,retail,DE,0
3658,81434,290.61,13,0.0623,0.0805,purchase,grocery,DE,0
3659,74313,196.04,10,0.2172,0.0372,purchase,retail,GB,0
3660,57522,134.34,19,0.5167,0.7582,transfer,gaming,DE,1
3661,48080,127.15,13,0.1804,0.0053,purchase,retail,US,0
3662,65177,21.65,9,0.2301,0.0172,purchase,retail,DE,0
3663,41594,23.91,9,0.2887,0.2754,purchase,crypto,DE,0
3664,45019,21.03,18,0.0542,0.3651,transfer,retail,US,0
3665,62269,21.85,11,0.0493,0.0402,purchase,grocery,DE,0
3666,24896,151.23,9,0.1106,0.0498,purchase,crypto,FR,0
3667,51388,34.56,11,0.0908,0.2371,refund,retail,RU,0
3668,56797,38.68,20,0.1884,0.1724,transfer,retail,GB,0
3669,97780,82.12,8,0.0632,0.2371,transfer,travel,DE,0
3670,98777,75.1,8,0.1122,0.1367,purchase,electronics,CN,0
3671,21938,44.47,10,0.2178,0.17,purchase,electronics,DE,0
3672,12709,16.74,4,0.166,0.3196,transfer,travel,US,0
3673,83746,33.11,5,0.0249,0.3655,purchase,retail,DE,0
3674,41563,25.83,0,0.1037,0.6146,purchase,retail,DE,0
3675,31527,24.72,7,0.1911,0.1094,purchase,grocery,DE,0
3676,18745,280.57,14,0.0255,0.0239,purchase,retail,FR,0
3677,10543,51.32,8,0.268,0.0079,purchase,retail,NL,0
3678,71908,35.27,10,0.0106,0.0733,purchase,electronics,GB,0
3679,42853,58.27,16,0.0764,0.0321,purchase,electronics,DE,0
3680,39529,118.43,5,0.5414,0.1464,purchase,electronics,FR,1
3681,58695,20.32,2,0.137,0.1257,purchase,retail,CN,0
3682,98360,75.89,8,0.1366,0.0664,purchase,grocery,DE,0
3683,17379,35.69,23,0.6507,0.5414,purchase,crypto,DE,0
3684,25427,28.19,14,0.1683,0.7091,purchase,travel,DE,0
3685,27315,21.64,15,0.2388,0.1102,transfer,electronics,DE,0
3686,51930,34.63,12,0.0914,0.1993,purchase,travel,CN,0
3687,77144,208.52,22,0.7172,0.5786,purchase,grocery,DE,0
3688,98751,40.29,7,0.0672,0.165,purchase,electronics,DE,0
3689,70866,16.07,5,0.6725,0.5337,purchase,retail,DE,0
3690,27853,92.85,18,0.1997,0.3026,purchase,travel,US,0
3691,75985,128.99,10,0.487,0.6647,refund,retail,GB,1
3692,20450,28.47,0,0.1739,0.2597,purchase,grocery,NL,0
3693,67263,147.33,23,0.7693,0.2171,withdrawal,crypto,RU,1
3694,69019,54.12,13,0.5774,0.2372,purchase,gaming,FR,0
3695,31783,25.41,0,0.0211,0.1885,withdrawal,travel,DE,0
3696,16918,126.3,10,0.2064,0.8165,purchase,retail,NL,0
3697,31377,25.74,15,0.0322,0.4027,purchase,electronics,RU,0
3698,46177,113.84,4,0.5257,0.6065,withdrawal,crypto,RU,1
3699,51952,34.21,10,0.629,0.6589,purchase,travel,RU,1
3700,35683,139.52,13,0.4313,0.5297,transfer,grocery,FR,0
3701,89364,17.43,13,0.9186,0.2107,purchase,electronics,DE,0
3702,53882,33.15,7,0.1557,0.273,purchase,retail,FR,0
3703,41849,139.77,9,0.252,0.0783,transfer,grocery,DE,0
3704,18282,49.06,16,0.2883,0.281,purchase,grocery,NL,0
3705,62566,186.29,15,0.3272,0.2234,withdrawal,travel,CN,1
3706,89761,293.17,1,0.067,0.1339,purchase,retail,DE,0
3707,70784,259.67,14,0.0316,0.3909,purchase,grocery,FR,0
3708,17093,52.9,12,0.029,0.3459,purchase,gaming,DE,0
3709,14820,214.73,10,0.6234,0.9414,purchase,retail,DE,0
3710,92851,11.74,10,0.1453,0.1069,purchase,grocery,DE,0
3711,27229,10.57,17,0.3031,0.2013,purchase,electronics,GB,0
3712,81895,21.62,10,0.1604,0.329,withdrawal,retail,NL,0
3713,12791,84.89,5,0.1377,0.0032,purchase,retail,US,0
3714,85868,10.82,22,0.4002,0.0458,purchase,grocery,FR,0
3715,15722,160.4,1,0.6333,0.394,transfer,electronics,NL,1
3716,74701,332.62,18,0.7096,0.7672,purchase,crypto,DE,1
3717,86859,70.63,7,0.2862,0.2021,purchase,gaming,DE,0
3718,97806,66.53,17,0.226,0.1155,transfer,travel,DE,0
3719,29955,235.62,0,0.2218,0.4865,withdrawal,electronics,DE,0
3720,82082,103.41,10,0.0261,0.2392,purchase,gaming,FR,0
3721,21986,57.94,12,0.3524,0.2011,withdrawal,grocery,DE,0
3722,47933,135.0,2,0.3195,0.1916,transfer,retail,GB,0
3723,54298,67.23,16,0.2699,0.3984,purchase,retail,NL,0
3724,84040,28.76,9,0.3765,0.0079,purchase,electronics,FR,0
3725,29702,16.07,13,0.3857,0.0492,refund,travel,GB,0
3726,94750,26.21,17,0.3429,0.0794,transfer,retail,FR,0
3727,42854,41.1,14,0.4268,0.7744,purchase,electronics,DE,0
3728,87757,49.34,11,0.2688,0.0512,purchase,retail,GB,0
3729,86640,6.92,10,0.1994,0.0984,purchase,grocery,NL,0
3730,66858,35.28,3,0.1119,0.0915,purchase,grocery,FR,0
3731,47338,43.57,20,0.1865,0.0233,purchase,travel,DE,0
3732,92590,67.72,14,0.569,0.1229,purchase,travel,FR,0
3733,98712,169.49,14,0.02,0.4046,purchase,electronics,DE,0
3734,60078,49.79,11,0.2729,0.0343,purchase,retail,RU,0
3735,28329,19.63,10,0.3993,0.1379,purchase,grocery,FR,0
3736,29300,9.07,3,0.0791,0.1044,refund,retail,GB,0
3737,55477,76.25,8,0.0437,0.2923,transfer,grocery,NL,0
3738,25791,20.31,11,0.0919,0.248,refund,retail,US,0
3739,44045,88.84,9,0.5995,0.2321,purchase,gaming,FR,0
3740,72909,1084.71,3,0.5268,0.3011,withdrawal,grocery,NL,0
3741,92252,457.62,9,0.0867,0.3221,transfer,crypto,CN,1
3742,41603,11.44,13,0.2658,0.2861,transfer,retail,FR,0
3743,79326,214.72,12,0.3542,0.2229,purchase,grocery,CN,0
3744,18250,127.58,11,0.3694,0.1802,purchase,retail,DE,0
3745,30040,497.69,17,0.0828,0.1674,purchase,travel,DE,0
3746,16163,40.3,14,0.4878,0.5219,purchase,gaming,FR,0
3747,45906,20.58,0,0.1754,0.3558,purchase,grocery,DE,0
3748,21476,14.32,17,0.1155,0.044,purchase,electronics,US,0
3749,87482,66.35,12,0.1344,0.1083,transfer,retail,US,0
3750,79584,60.42,12,0.1684,0.0033,purchase,grocery,DE,0
3751,85847,4.29,19,0.479,0.1552,purchase,gaming,CN,0
3752,14026,32.93,6,0.215,0.241,purchase,retail,NL,0
3753,18972,83.98,14,0.726,0.8807,refund,grocery,NL,0
3754,79434,48.22,9,0.3785,0.2993,purchase,electronics,DE,0
3755,87384,48.15,2,0.2735,0.3519,purchase,travel,NL,0
3756,10366,31.18,11,0.2863,0.5478,purchase,retail,DE,0
3757,64464,17.29,9,0.4234,0.4519,purchase,retail,DE,0
3758,16855,41.91,0,0.2074,0.0119,purchase,gaming,GB,0
3759,17193,253.25,12,0.0371,0.0243,withdrawal,grocery,CN,0
3760,88496,71.73,10,0.3369,0.134,purchase,grocery,DE,0
3761,61707,76.86,11,0.3906,0.1355,purchase,retail,NL,0
3762,84299,45.74,0,0.0738,0.2503,purchase,grocery,DE,0
3763,98316,107.84,11,0.4875,0.1439,refund,grocery,DE,0
3764,62587,30.92,12,0.0474,0.2359,purchase,electronics,DE,0
3765,10392,117.21,2,0.7284,0.5318,withdrawal,travel,RU,1
3766,30295,12.46,12,0.1416,0.2536,purchase,retail,DE,0
3767,83909,63.78,16,0.0005,0.2165,withdrawal,travel,RU,0
3768,14269,47.34,23,0.1279,0.1889,refund,crypto,NL,0
3769,67325,64.87,1,0.3753,0.2334,refund,retail,NL,0
3770,44764,14.52,11,0.0993,0.105,purchase,electronics,NL,0
3771,77131,194.84,19,0.259,0.7487,purchase,retail,DE,0
3772,80603,77.78,14,0.1904,0.105,purchase,grocery,FR,0
3773,45762,33.29,22,0.1226,0.2762,transfer,grocery,CN,0
3774,58932,19.2,16,0.1169,0.2859,purchase,electronics,FR,0
3775,50793,755.48,16,0.1502,0.4334,purchase,crypto,FR,0
3776,83458,16.67,5,0.1178,0.4682,purchase,electronics,DE,0
3777,85978,290.66,9,0.0023,0.3408,purchase,retail,DE,0
3778,70960,26.68,9,0.6146,0.8892,purchase,electronics,GB,1
3779,21414,25.25,13,0.1981,0.2021,purchase,electronics,GB,0
3780,90891,183.54,12,0.0127,0.2049,refund,retail,NL,0
3781,71186,36.35,17,0.1588,0.1946,purchase,travel,DE,0
3782,78460,162.98,23,0.1017,0.4257,withdrawal,retail,US,0
3783,27013,22.77,8,0.0178,0.1874,refund,electronics,DE,0
3784,25816,43.21,11,0.0774,0.3299,purchase,gaming,GB,0
3785,78166,84.27,19,0.2135,0.3128,purchase,travel,FR,0
3786,29840,74.65,18,0.1294,0.2249,refund,retail,US,0
3787,83358,401.61,18,0.4744,0.0902,purchase,retail,US,0
3788,36699,28.1,14,0.2139,0.3467,purchase,retail,DE,0
3789,97317,45.7,23,0.662,0.7054,purchase,retail,DE,0
3790,33940,122.87,10,0.1468,0.1844,purchase,grocery,US,0
3791,51580,23.35,7,0.0888,0.2937,purchase,retail,US,0
3792,22067,69.18,7,0.1562,0.0894,withdrawal,electronics,DE,0
3793,43443,461.23,10,0.1298,0.4153,transfer,travel,GB,1
3794,81438,35.29,11,0.108,0.419,purchase,grocery,FR,0
3795,90281,50.65,18,0.1981,0.7839,purchase,grocery,DE,0
3796,36866,45.69,11,0.3783,0.0619,withdrawal,travel,GB,0
3797,69930,21.76,14,0.2834,0.0628,withdrawal,retail,US,0
3798,55533,34.07,10,0.775,0.8217,purchase,travel,NL,0
3799,22080,48.1,16,0.9597,0.8957,purchase,grocery,CN,0
3800,95087,38.97,7,0.2244,0.0874,purchase,grocery,DE,0
3801,22767,32.55,15,0.823,0.699,purchase,grocery,RU,1
3802,36599,161.88,12,0.0889,0.3998,purchase,travel,FR,0
3803,24005,100.33,8,0.0269,0.1637,purchase,retail,DE,0
3804,64480,54.41,12,0.2815,0.1536,purchase,retail,DE,0
3805,95957,118.05,22,0.589,0.5604,transfer,retail,GB,1
3806,55977,22.23,11,0.2001,0.1145,purchase,grocery,DE,0
3807,38751,67.09,19,0.4854,0.3605,transfer,travel,CN,1
3808,90639,21.11,14,0.0725,0.1073,purchase,retail,DE,0
3809,93344,227.63,12,0.0789,0.1173,purchase,retail,FR,0
3810,95380,18.02,22,0.7987,0.6031,purchase,electronics,DE,0
3811,58458,46.84,20,0.0018,0.5745,purchase,travel,NL,0
3812,98612,57.79,9,0.1537,0.1553,purchase,retail,FR,0
3813,17276,32.63,7,0.3296,0.1629,purchase,grocery,DE,0
3814,31255,56.88,6,0.6296,0.1672,purchase,travel,FR,1
3815,93372,18.14,5,0.0706,0.322,purchase,gaming,FR,0
3816,93930,21.82,8,0.2574,0.2114,purchase,gaming,FR,0
3817,96085,26.72,8,0.4818,0.0317,purchase,grocery,US,0
3818,86429,23.26,19,0.1722,0.0105,transfer,gaming,DE,0
3819,35449,131.44,20,0.3831,0.1345,purchase,electronics,GB,0
3820,55702,42.19,8,0.157,0.2522,purchase,retail,US,0
3821,13435,27.24,17,0.0488,0.0259,transfer,retail,GB,0
3822,63809,284.64,18,0.0784,0.0634,purchase,retail,DE,0
3823,69363,75.02,10,0.1041,0.0196,refund,retail,FR,0
3824,10932,176.99,23,0.7488,0.2493,purchase,gaming,CN,1
3825,77735,31.72,19,0.2067,0.2129,purchase,grocery,FR,0
3826,88653,705.98,23,0.1484,0.327,purchase,travel,DE,0
3827,46253,14.43,22,0.3463,0.375,transfer,retail,DE,0
3828,31233,115.08,16,0.3275,0.1985,purchase,travel,GB,0
3829,41666,42.2,10,0.1618,0.1956,purchase,retail,DE,0
3830,55823,40.82,8,0.1563,0.1331,purchase,retail,DE,0
3831,12635,23.59,23,0.0437,0.3018,purchase,retail,GB,0
3832,70861,14.97,9,0.479,0.3566,withdrawal,retail,FR,0
3833,65782,10.31,11,0.0505,0.269,purchase,travel,FR,0
3834,82398,22.23,9,0.4239,0.3192,purchase,retail,DE,0
3835,85692,70.07,12,0.1677,0.1894,purchase,crypto,GB,0
3836,81617,18.78,6,0.0456,0.0994,purchase,gaming,DE,0
3837,67201,11.4,18,0.2437,0.498,purchase,retail,NL,0
3838,67476,108.01,19,0.2268,0.2413,withdrawal,gaming,US,1
3839,37289,19.63,12,0.0686,0.0491,purchase,electronics,GB,0
3840,37866,30.66,11,0.3763,0.2417,purchase,travel,DE,0
3841,76449,31.7,10,0.0188,0.0265,purchase,grocery,DE,0
3842,85772,38.11,13,0.3296,0.7906,purchase,retail,RU,0
3843,63849,102.28,17,0.2459,0.0042,withdrawal,grocery,FR,0
3844,36391,122.96,20,0.0491,0.0503,purchase,gaming,NL,0
3845,48076,233.84,18,0.0111,0.0324,purchase,retail,US,0
3846,85262,10.68,11,0.1289,0.3871,purchase,gaming,US,0
3847,73099,20.54,18,0.1465,0.082,purchase,travel,DE,0
3848,34552,76.99,13,0.2927,0.0679,purchase,retail,US,0
3849,49836,28.91,14,0.0257,0.015,refund,grocery,DE,0
3850,46570,88.38,15,0.0091,0.2262,purchase,retail,GB,0
3851,10081,404.81,11,0.64,0.5337,purchase,travel,GB,0
3852,44265,496.51,12,0.2854,0.1713,purchase,retail,NL,0
3853,62518,103.16,15,0.4563,0.4306,purchase,grocery,NL,0
3854,72544,104.78,9,0.2971,0.0292,purchase,retail,NL,0
3855,74917,235.58,16,0.0505,0.1363,purchase,crypto,DE,0
3856,68718,39.14,10,0.2338,0.4579,purchase,retail,FR,0
3857,81416,32.8,13,0.4264,0.4277,purchase,grocery,DE,0
3858,31056,11.82,18,0.4537,0.2691,purchase,retail,DE,0
3859,11237,148.56,1,0.0331,0.3131,purchase,grocery,FR,0
3860,37881,80.12,9,0.2225,0.1116,transfer,retail,DE,0
3861,63196,31.71,13,0.5779,0.8281,purchase,travel,DE,0
3862,76336,139.43,0,0.6769,0.5762,purchase,crypto,GB,1
3863,35787,128.88,6,0.0077,0.5969,transfer,retail,NL,0
3864,16735,24.88,8,0.2494,0.1513,purchase,crypto,FR,0
3865,16515,8.91,16,0.0875,0.1823,purchase,travel,NL,0
3866,91175,100.11,1,0.5833,0.1951,purchase,gaming,NL,0
3867,56343,14.34,14,0.1594,0.0049,purchase,retail,NL,0
3868,89552,36.0,2,0.2806,0.1861,purchase,retail,NL,0
3869,28025,182.95,7,0.2383,0.0489,purchase,grocery,FR,0
3870,11617,59.01,11,0.0328,0.3346,purchase,travel,GB,0
3871,68190,87.46,22,0.2283,0.2645,transfer,electronics,DE,0
3872,79073,69.67,13,0.426,0.0206,purchase,retail,GB,0
3873,52715,39.45,1,0.1956,0.2884,purchase,gaming,NL,1
3874,10327,67.86,10,0.295,0.2547,purchase,travel,GB,0
3875,74544,72.58,3,0.6237,0.6788,withdrawal,grocery,CN,1
3876,37673,21.71,11,0.0443,0.1503,purchase,grocery,US,0
3877,24316,41.22,1,0.7586,0.8192,withdrawal,electronics,RU,1
3878,33957,54.6,13,0.3372,0.3707,purchase,crypto,CN,0
3879,10742,70.87,10,0.7094,0.1544,transfer,grocery,NL,1
3880,80985,11.83,14,0.2641,0.3771,purchase,electronics,FR,0
3881,51748,160.42,9,0.5549,0.5649,purchase,retail,FR,0
3882,22829,12.91,8,0.0984,0.0355,refund,retail,DE,0
3883,86648,31.67,12,0.8868,0.7683,purchase,grocery,GB,0
3884,36653,76.49,5,0.4394,0.6296,purchase,grocery,DE,1
3885,53719,13.86,14,0.0676,0.2054,purchase,grocery,DE,0
3886,75760,493.78,23,0.9018,0.5771,purchase,crypto,RU,1
3887,63783,22.86,18,0.4912,0.2127,purchase,gaming,NL,0
3888,12753,43.01,14,0.2928,0.1005,purchase,retail,NL,0
3889,54655,27.13,15,0.0166,0.0225,purchase,travel,DE,0
3890,34977,112.46,12,0.2326,0.3618,purchase,crypto,DE,0
3891,89027,51.57,13,0.2123,0.1888,purchase,retail,DE,0
3892,99952,28.69,14,0.1745,0.2598,refund,retail,GB,0
3893,63459,37.96,9,0.1535,0.3817,purchase,retail,US,0
3894,87040,119.91,21,0.3569,0.4487,transfer,retail,DE,0
3895,62662,92.07,10,0.0913,0.1566,withdrawal,retail,US,0
3896,68861,16.15,14,0.1439,0.1396,purchase,travel,DE,0
3897,35037,135.54,13,0.4081,0.2051,purchase,grocery,DE,0
3898,48791,63.66,19,0.2371,0.2185,refund,retail,US,0
3899,30101,57.42,7,0.171,0.3053,purchase,grocery,CN,0
3900,76659,17.41,19,0.251,0.0133,purchase,grocery,DE,0
3901,79796,80.38,7,0.0454,0.1537,refund,travel,DE,0
3902,47309,19.94,7,0.0925,0.3207,purchase,retail,DE,0
3903,38401,128.8,19,0.2265,0.3482,purchase,retail,DE,0
3904,16566,66.69,9,0.034,0.4273,purchase,retail,FR,0
3905,33465,16.25,14,0.5319,0.5681,purchase,retail,GB,0
3906,55323,27.12,12,0.0216,0.2826,purchase,electronics,DE,0
3907,89348,26.72,21,0.1013,0.1849,purchase,retail,DE,0
3908,68572,48.71,17,0.1369,0.1595,purchase,retail,DE,0
3909,56732,35.75,10,0.1306,0.5337,purchase,grocery,CN,0
3910,62019,16.06,18,0.1104,0.0271,purchase,electronics,GB,0
3911,43720,13.0,8,0.4276,0.2858,purchase,electronics,DE,0
3912,56674,67.81,14,0.327,0.301,transfer,electronics,DE,0
3913,90997,54.23,16,0.198,0.0768,purchase,travel,US,0
3914,98422,46.51,16,0.1063,0.0355,purchase,travel,DE,0
3915,35193,53.52,15,0.1391,0.0091,withdrawal,crypto,NL,0
3916,10366,25.13,18,0.1304,0.1805,purchase,retail,GB,0
3917,34717,49.72,13,0.007,0.1286,refund,grocery,GB,0
3918,45377,367.87,20,0.1263,0.0411,purchase,travel,NL,0
3919,99335,115.4,7,0.0036,0.3871,refund,travel,FR,0
3920,23674,33.28,10,0.1242,0.4035,purchase,crypto,DE,0
3921,89314,27.25,17,0.142,0.0183,purchase,electronics,DE,0
3922,44441,3.74,9,0.4042,0.06,purchase,travel,NL,0
3923,79044,66.93,10,0.5605,0.5662,purchase,grocery,DE,1
3924,41831,105.47,11,0.2557,0.4645,withdrawal,retail,FR,0
3925,77378,82.98,17,0.0899,0.1859,purchase,gaming,FR,0
3926,14147,26.78,13,0.2202,0.1002,purchase,retail,FR,0
3927,30785,12.59,8,0.0188,0.1857,purchase,electronics,US,0
3928,22810,15.93,8,0.294,0.1647,purchase,grocery,DE,0
3929,80007,62.04,9,0.0797,0.4176,purchase,travel,DE,0
3930,79034,39.41,9,0.3306,0.0028,purchase,grocery,DE,0
3931,18536,76.54,7,0.4437,0.3138,purchase,grocery,DE,0
3932,46480,45.76,18,0.0327,0.4167,purchase,grocery,DE,0
3933,65155,96.71,9,0.0956,0.146,purchase,electronics,DE,0
3934,91873,11.37,3,0.439,0.6392,refund,electronics,DE,1
3935,56308,58.21,17,0.2875,0.6983,purchase,travel,DE,0
3936,99601,86.01,22,0.1261,0.3339,purchase,grocery,DE,0
3937,78168,7.2,10,0.1315,0.0848,purchase,grocery,FR,0
3938,89503,322.25,23,0.8397,0.6725,transfer,crypto,DE,1
3939,97496,14.89,22,0.2915,0.3719,purchase,grocery,CN,0
3940,68361,31.2,8,0.2891,0.2513,purchase,electronics,NL,0
3941,72617,131.21,11,0.6966,0.3081,purchase,electronics,CN,1
3942,60249,106.45,14,0.7043,0.5728,purchase,grocery,US,0
3943,86407,210.28,23,0.3716,0.0284,purchase,grocery,NL,0
3944,76295,156.5,18,0.3437,0.4433,purchase,retail,FR,0
3945,46193,25.28,8,0.011,0.3168,purchase,retail,US,0
3946,10728,8.07,9,0.0598,0.2561,purchase,electronics,GB,0
3947,91286,534.38,9,0.2715,0.2416,purchase,electronics,DE,0
3948,20522,26.64,21,0.0794,0.3074,purchase,grocery,DE,0
3949,83771,525.62,9,0.1221,0.1736,purchase,retail,RU,0
3950,13781,22.68,12,0.3371,0.0024,purchase,electronics,GB,0
3951,72665,254.55,10,0.1541,0.2132,purchase,gaming,FR,0
3952,83050,80.33,10,0.0699,0.212,transfer,travel,NL,0
3953,31207,17.74,11,0.3281,0.3244,purchase,grocery,GB,0
3954,23482,51.8,10,0.0404,0.0575,transfer,grocery,FR,0
3955,72083,75.61,1,0.4931,0.6584,refund,electronics,DE,1
3956,92695,81.91,14,0.0851,0.0161,transfer,gaming,DE,0
3957,31604,35.11,11,0.1651,0.4686,purchase,retail,NL,0
3958,64127,86.69,11,0.0325,0.2896,purchase,retail,DE,0
3959,99571,56.52,1,0.5058,0.6926,transfer,travel,US,1
3960,99656,85.08,12,0.1184,0.1809,purchase,gaming,DE,0
3961,67507,224.84,10,0.2312,0.2751,purchase,grocery,FR,0
3962,75150,41.93,17,0.0277,0.042,transfer,travel,GB,0
3963,52715,15.66,12,0.0552,0.1372,transfer,retail,DE,0
3964,17874,39.83,12,0.325,0.5934,purchase,electronics,DE,0
3965,65659,49.39,8,0.2867,0.3352,purchase,grocery,FR,0
3966,53875,8.63,2,0.5025,0.1816,transfer,grocery,DE,0
3967,31643,205.81,18,0.0768,0.0847,purchase,travel,DE,0
3968,25485,39.16,19,0.7684,0.4852,purchase,gaming,DE,0
3969,85584,63.6,9,0.1492,0.2703,purchase,gaming,GB,0
3970,17239,32.04,10,0.439,0.2601,purchase,retail,NL,0
3971,77785,32.62,10,0.47,0.1816,purchase,retail,DE,0
3972,63779,219.33,15,0.6629,0.6158,purchase,grocery,CN,0
3973,27674,388.52,8,0.4893,0.651,purchase,travel,DE,0
3974,42188,102.58,22,0.0872,0.2418,withdrawal,gaming,FR,0
3975,18751,34.83,17,0.6025,0.2142,purchase,retail,DE,1
3976,50656,38.47,5,0.115,0.1666,purchase,travel,NL,0
3977,63744,539.77,11,0.8581,0.3015,purchase,crypto,US,1
3978,50605,8.65,22,0.1299,0.0064,purchase,electronics,CN,0
3979,59733,75.3,5,0.283,0.211,purchase,travel,US,0
3980,19807,24.3,10,0.1126,0.3602,purchase,grocery,DE,0
3981,48636,31.97,9,0.0632,0.1358,purchase,grocery,FR,0
3982,10477,17.37,9,0.1049,0.1563,purchase,travel,FR,0
3983,78266,45.23,23,0.3212,0.1318,purchase,travel,DE,0
3984,92778,622.3,11,0.1994,0.2613,purchase,grocery,FR,0
3985,12499,93.96,7,0.377,0.2131,transfer,retail,DE,0
3986,41706,89.95,15,0.4571,0.3275,purchase,crypto,US,1
3987,52309,163.74,22,0.4907,0.2705,refund,retail,DE,0
3988,15998,184.71,9,0.3646,0.1562,purchase,retail,DE,0
3989,81235,7.47,5,0.5072,0.5714,purchase,retail,DE,0
3990,43374,15.42,1,0.2517,0.2456,purchase,travel,DE,0
3991,66431,9.14,12,0.3562,0.1001,withdrawal,grocery,NL,0
3992,71090,475.91,20,0.0942,0.4351,transfer,gaming,US,0
3993,52471,23.59,1,0.371,0.4077,transfer,retail,GB,0
3994,59930,28.06,16,0.7115,0.7865,withdrawal,crypto,DE,0
3995,14424,35.37,9,0.4677,0.1491,purchase,grocery,DE,0
3996,35823,16.43,21,0.7872,0.4692,transfer,crypto,NL,1
3997,39772,58.86,8,0.1483,0.365,withdrawal,electronics,DE,0
3998,34491,12.03,16,0.4918,0.2787,withdrawal,retail,GB,0
3999,60104,14.58,16,0.1185,0.3271,purchase,retail,US,0
4000,66715,42.57,13,0.1863,0.1647,purchase,retail,CN,0
4001,64336,117.79,8,0.4697,0.0093,withdrawal,grocery,RU,0
4002,44528,41.61,0,0.0834,0.0594,purchase,grocery,US,0
4003,38780,21.7,16,0.2337,0.1915,purchase,retail,DE,0
4004,64462,116.9,17,0.664,0.1875,purchase,crypto,US,1
4005,88021,269.31,21,0.3181,0.5448,purchase,electronics,NL,1
4006,31657,6.85,14,0.5373,0.362,purchase,gaming,FR,0
4007,19814,609.69,11,0.2499,0.3493,purchase,electronics,US,0
4008,41542,22.75,8,0.4351,0.3854,transfer,retail,US,0
4009,31894,16.03,17,0.15,0.0365,purchase,grocery,DE,0
4010,84936,9.89,5,0.4282,0.5899,purchase,retail,NL,0
4011,86276,12.51,14,0.2753,0.0367,purchase,gaming,DE,0
4012,59921,18.78,15,0.1047,0.2011,purchase,travel,DE,0
4013,45876,34.71,8,0.3079,0.0427,purchase,gaming,DE,0
4014,45386,99.35,18,0.4817,0.8248,refund,grocery,RU,1
4015,33739,15.22,12,0.3524,0.6426,purchase,grocery,CN,0
4016,28763,49.79,12,0.0246,0.6209,transfer,travel,NL,0
4017,58689,34.48,14,0.3657,0.2459,purchase,retail,US,0
4018,64477,281.1,20,0.0848,0.1217,purchase,retail,DE,0
4019,61951,9.99,13,0.5538,0.1975,purchase,travel,DE,0
4020,46357,48.78,5,0.5198,0.1439,purchase,grocery,DE,0
4021,81213,49.3,10,0.0317,0.144,purchase,gaming,FR,0
4022,38967,17.71,14,0.0184,0.1104,purchase,travel,NL,0
4023,74673,46.11,10,0.0377,0.1626,purchase,retail,RU,0
4024,67639,81.79,17,0.183,0.0725,purchase,grocery,DE,0
4025,42507,46.16,8,0.0439,0.249,purchase,retail,GB,0
4026,62953,137.94,7,0.1057,0.1734,purchase,travel,US,0
4027,29355,6.68,8,0.228,0.1547,purchase,retail,DE,0
4028,29179,20.78,19,0.1002,0.1299,purchase,grocery,GB,0
4029,43491,36.36,17,0.4954,0.6616,transfer,crypto,RU,1
4030,79061,148.98,15,0.0696,0.1605,refund,retail,CN,0
4031,80241,92.32,12,0.3239,0.4405,withdrawal,travel,GB,0
4032,79950,67.32,9,0.1347,0.5214,purchase,travel,FR,0
4033,44767,121.3,20,0.2531,0.1426,purchase,retail,NL,0
4034,64862,8.34,19,0.151,0.1961,withdrawal,retail,GB,0
4035,98066,83.62,11,0.2705,0.3612,purchase,retail,GB,0
4036,64754,105.08,16,0.0177,0.0578,purchase,crypto,GB,0
4037,79751,24.29,20,0.5029,0.1754,purchase,gaming,RU,0
4038,36287,397.36,10,0.1083,0.477,withdrawal,grocery,US,0
4039,66608,50.24,10,0.1622,0.0082,purchase,electronics,DE,0
4040,45802,6.59,13,0.1863,0.186,purchase,retail,RU,0
4041,89896,58.8,11,0.0188,0.0699,purchase,retail,GB,0
4042,87270,23.06,17,0.3092,0.1227,purchase,electronics,CN,0
4043,82572,114.46,13,0.2139,0.2285,purchase,gaming,FR,0
4044,85352,67.75,8,0.3118,0.0712,purchase,retail,US,0
4045,58572,25.58,10,0.4628,0.1423,purchase,electronics,RU,0
4046,87470,152.49,15,0.005,0.0501,purchase,retail,US,0
4047,13736,94.49,4,0.136,0.0805,purchase,grocery,GB,0
4048,86986,21.04,10,0.8988,0.4418,purchase,electronics,DE,0
4049,63092,37.37,1,0.0289,0.1793,purchase,grocery,DE,0
4050,85743,65.98,18,0.0002,0.2746,purchase,electronics,GB,0
4051,75898,31.2,7,0.4061,0.1587,purchase,retail,GB,0
4052,52715,32.0,5,0.5785,0.0089,purchase,travel,NL,0
4053,82561,43.87,17,0.0551,0.1953,purchase,electronics,FR,0
4054,41445,17.19,6,0.2239,0.198,purchase,retail,DE,0
4055,51443,6.37,15,0.3323,0.2606,purchase,retail,NL,0
4056,96213,52.11,10,0.225,0.5766,withdrawal,retail,FR,0
4057,59823,7.84,18,0.0957,0.079,purchase,grocery,GB,0
4058,78598,18.28,8,0.8216,0.4501,purchase,retail,DE,0
4059,47733,9.43,6,0.1604,0.2238,purchase,grocery,FR,0
4060,11278,10.47,8,0.0461,0.1477,refund,retail,FR,0
4061,99374,61.09,21,0.0927,0.0032,refund,crypto,FR,0
4062,24077,35.2,18,0.3799,0.1015,purchase,gaming,DE,0
4063,61226,34.14,9,0.3835,0.1562,purchase,grocery,NL,0
4064,71573,13.89,8,0.2269,0.1452,purchase,gaming,DE,0
4065,86858,24.35,7,0.1251,0.2085,transfer,crypto,CN,0
4066,78745,58.56,8,0.0188,0.4874,purchase,travel,NL,0
4067,83256,40.68,8,0.0621,0.083,purchase,grocery,US,0
4068,19856,85.56,19,0.2935,0.3707,purchase,gaming,FR,0
4069,41226,96.58,1,0.4409,0.1732,purchase,retail,DE,0
4070,60680,34.32,19,0.0306,0.2197,purchase,retail,DE,0
4071,85194,8.81,3,0.3233,0.0047,purchase,travel,FR,0
4072,60807,22.35,18,0.04,0.0214,transfer,retail,CN,0
4073,93924,39.13,11,0.2709,0.2409,purchase,retail,CN,0
4074,46624,21.98,5,0.3637,0.2036,purchase,grocery,CN,0
4075,43291,33.4,2,0.5288,0.1677,withdrawal,grocery,US,1
4076,59484,17.35,17,0.2636,0.148,purchase,retail,GB,0
4077,20064,45.12,9,0.2674,0.2599,purchase,electronics,DE,0
4078,14621,335.55,19,0.1491,0.1075,purchase,gaming,GB,0
4079,36895,28.08,16,0.8816,0.0933,purchase,grocery,DE,0
4080,47135,42.42,22,0.0077,0.0588,withdrawal,retail,FR,0
4081,44473,13.94,18,0.775,0.3234,purchase,retail,FR,0
4082,25510,122.35,9,0.1575,0.059,purchase,travel,DE,0
4083,85751,89.44,11,0.3407,0.5146,purchase,retail,DE,0
4084,65350,84.34,15,0.476,0.4093,purchase,grocery,DE,0
4085,49881,35.82,10,0.3667,0.1537,purchase,electronics,DE,1
4086,59629,135.07,10,0.6057,0.3507,purchase,retail,FR,0
4087,70105,29.57,13,0.0867,0.3048,withdrawal,grocery,NL,0
4088,10296,32.88,9,0.4604,0.1132,refund,gaming,US,0
4089,92012,363.43,9,0.4498,0.8268,refund,gaming,NL,1
4090,96467,902.43,15,0.2149,0.1497,purchase,gaming,DE,0
4091,21462,72.81,10,0.1155,0.0373,purchase,retail,DE,0
4092,46146,6.45,4,0.4473,0.0201,purchase,retail,GB,0
4093,85456,62.59,22,0.0836,0.1862,purchase,electronics,GB,0
4094,29997,25.93,18,0.2242,0.2435,purchase,retail,DE,0
4095,56901,280.1,9,0.0472,0.5123,refund,grocery,GB,0
4096,54643,60.16,7,0.1098,0.0211,purchase,travel,FR,0
4097,74703,9.68,16,0.2229,0.1819,purchase,grocery,DE,0
4098,65009,53.44,8,0.0543,0.0458,purchase,grocery,NL,0
4099,15894,50.86,14,0.1455,0.1136,transfer,grocery,DE,0
4100,95341,57.91,17,0.1528,0.1739,transfer,retail,FR,0
4101,85516,69.35,9,0.1206,0.2101,purchase,grocery,FR,0
4102,95279,151.65,9,0.0269,0.0714,purchase,electronics,DE,0
4103,15434,60.45,5,0.6914,0.4101,purchase,electronics,DE,0
4104,74910,153.27,10,0.1135,0.2046,purchase,travel,US,0
4105,52155,112.82,14,0.1372,0.1435,purchase,retail,FR,0
4106,77641,286.1,7,0.1528,0.0755,transfer,grocery,DE,0
4107,43747,92.56,21,0.1823,0.0899,purchase,travel,FR,0
4108,41814,50.67,16,0.0276,0.1343,purchase,grocery,DE,0
4109,50724,61.41,8,0.4899,0.1302,purchase,retail,NL,0
4110,39030,52.86,13,0.1795,0.1476,purchase,travel,US,0
4111,92672,43.2,11,0.5288,0.1756,transfer,retail,FR,0
4112,42153,267.84,10,0.1279,0.0728,purchase,crypto,DE,0
4113,36607,22.5,13,0.0674,0.2022,purchase,retail,US,0
4114,44245,113.48,6,0.4189,0.1441,withdrawal,retail,GB,0
4115,35770,202.27,8,0.4485,0.1511,withdrawal,travel,RU,0
4116,63709,12.08,7,0.0946,0.0778,purchase,electronics,GB,0
4117,12823,36.23,8,0.1785,0.0814,purchase,electronics,US,0
4118,56683,26.72,15,0.3384,0.8756,purchase,retail,CN,0
4119,77622,69.47,23,0.1074,0.4273,purchase,grocery,DE,0
4120,41811,45.95,15,0.2412,0.0477,purchase,travel,RU,0
4121,36816,17.84,23,0.2311,0.0549,purchase,electronics,DE,0
4122,79022,148.47,13,0.0144,0.478,transfer,grocery,RU,0
4123,27003,107.41,9,0.2698,0.1019,purchase,retail,GB,0
4124,98263,1261.69,19,0.2539,0.2777,purchase,grocery,GB,0
4125,91546,52.01,5,0.0622,0.1224,purchase,travel,DE,0
4126,58690,41.25,6,0.0046,0.3114,purchase,retail,DE,0
4127,12692,77.33,21,0.3096,0.1316,purchase,gaming,DE,0
4128,41699,26.03,15,0.2392,0.1786,purchase,retail,DE,0
4129,77452,47.49,20,0.2185,0.1613,purchase,retail,CN,0
4130,77802,36.62,7,0.2379,0.5194,purchase,retail,FR,0
4131,12516,12.28,17,0.1873,0.401,purchase,retail,CN,0
4132,26960,47.39,9,0.1439,0.1448,purchase,electronics,NL,0
4133,66584,29.23,10,0.0808,0.0552,purchase,electronics,DE,0
4134,63860,34.6,20,0.1532,0.5785,purchase,retail,DE,0
4135,17130,79.99,12,0.4044,0.6744,transfer,crypto,RU,1
4136,35427,17.38,7,0.3016,0.4684,purchase,crypto,FR,1
4137,46933,57.93,11,0.6768,0.3728,purchase,gaming,DE,0
4138,27019,532.25,15,0.014,0.2526,purchase,travel,FR,0
4139,62186,134.16,19,0.04,0.1304,purchase,grocery,NL,0
4140,57938,227.84,19,0.384,0.1486,purchase,retail,DE,0
4141,68579,22.19,0,0.1985,0.0657,purchase,gaming,FR,0
4142,20662,21.0,7,0.0655,0.14,purchase,travel,RU,0
4143,63729,123.34,15,0.1329,0.7559,withdrawal,travel,DE,1
4144,58655,193.26,20,0.5015,0.2088,purchase,retail,DE,0
4145,68022,160.75,13,0.0177,0.2966,purchase,grocery,FR,0
4146,87741,69.96,12,0.6679,0.4001,purchase,retail,FR,0
4147,86435,97.9,7,0.9672,0.4774,purchase,retail,RU,1
4148,76350,55.83,5,0.1837,0.1017,purchase,retail,DE,0
4149,34101,17.32,1,0.2616,0.6259,purchase,retail,FR,0
4150,67166,127.75,21,0.2151,0.3024,purchase,grocery,DE,0
4151,21870,94.89,12,0.0087,0.1237,transfer,electronics,DE,0
4152,16549,19.77,17,0.4179,0.2447,purchase,travel,GB,0
4153,51831,120.36,8,0.4693,0.0138,refund,travel,GB,0
4154,17894,56.14,9,0.0615,0.1996,purchase,retail,DE,0
4155,64615,37.23,13,0.6235,0.4357,refund,retail,DE,0
4156,83998,55.9,13,0.2671,0.3105,withdrawal,electronics,US,1
4157,30358,57.65,19,0.2312,0.0366,purchase,grocery,RU,0
4158,80804,32.48,7,0.4487,0.2453,transfer,crypto,GB,1
4159,22497,318.51,9,0.2133,0.1089,withdrawal,gaming,CN,0
4160,22969,67.58,10,0.3215,0.3754,withdrawal,travel,DE,0
4161,23052,49.86,13,0.1456,0.0638,purchase,retail,NL,0
4162,53193,192.79,3,0.0706,0.0774,refund,retail,DE,0
4163,46400,7.6,10,0.186,0.1367,purchase,retail,DE,0
4164,96672,66.56,13,0.3583,0.0358,purchase,retail,FR,0
4165,63938,30.95,0,0.0766,0.3899,purchase,travel,DE,0
4166,82211,82.37,14,0.2809,0.076,purchase,retail,DE,0
4167,24785,31.17,22,0.0498,0.1642,transfer,travel,RU,1
4168,50083,64.03,4,0.1075,0.1978,purchase,retail,GB,0
4169,14635,31.64,16,0.187,0.0183,purchase,grocery,DE,0
4170,48049,101.45,17,0.3219,0.2158,purchase,retail,DE,0
4171,51523,50.61,18,0.0493,0.0653,purchase,retail,CN,0
4172,53209,48.87,15,0.0172,0.5712,purchase,crypto,NL,0
4173,98173,240.4,6,0.7297,0.2809,withdrawal,electronics,US,1
4174,12867,37.81,13,0.1781,0.0955,purchase,electronics,DE,0
4175,68995,177.86,9,0.1997,0.339,purchase,electronics,DE,0
4176,67918,23.19,11,0.1587,0.0848,purchase,retail,DE,0
4177,90573,32.32,6,0.1015,0.2992,purchase,crypto,US,0
4178,48860,14.85,16,0.1558,0.1859,transfer,grocery,GB,0
4179,92070,78.86,1,0.2779,0.5893,purchase,retail,FR,0
4180,19954,25.92,11,0.227,0.0779,refund,retail,DE,0
4181,89502,28.52,12,0.0147,0.052,purchase,retail,GB,0
4182,11201,27.4,15,0.0771,0.0939,purchase,retail,US,0
4183,20015,44.85,10,0.1693,0.1399,withdrawal,retail,FR,0
4184,65216,14.69,11,0.0762,0.2126,purchase,retail,DE,0
4185,52557,6.32,13,0.5371,0.596,purchase,retail,GB,0
4186,63507,62.74,20,0.202,0.4576,purchase,retail,DE,0
4187,45720,7.05,15,0.1406,0.1949,purchase,grocery,CN,0
4188,79275,87.88,9,0.4771,0.2788,purchase,gaming,US,0
4189,74883,108.33,18,0.4647,0.5645,purchase,grocery,US,1
4190,20998,159.93,18,0.1308,0.1138,purchase,retail,FR,0
4191,69958,36.98,4,0.0855,0.2308,purchase,electronics,DE,0
4192,15685,128.33,9,0.2273,0.2714,purchase,electronics,CN,0
4193,90794,41.65,6,0.0789,0.1691,purchase,grocery,CN,0
4194,85474,917.56,11,0.0601,0.2515,purchase,grocery,FR,0
4195,27008,28.85,14,0.0041,0.1469,purchase,grocery,DE,0
4196,20391,39.26,13,0.2175,0.0463,purchase,gaming,GB,0
4197,11523,39.73,18,0.223,0.1309,purchase,crypto,DE,0
4198,20829,181.59,13,0.5925,0.6299,purchase,travel,GB,0
4199,82096,67.0,9,0.1622,0.1973,purchase,electronics,DE,0
4200,94559,27.44,13,0.0108,0.0971,purchase,electronics,NL,0
4201,62464,56.24,16,0.299,0.4211,purchase,electronics,CN,0
4202,21081,97.07,12,0.0858,0.2128,purchase,retail,FR,0
4203,55961,39.54,11,0.0719,0.5941,purchase,grocery,CN,0
4204,51374,396.4,13,0.043,0.2653,purchase,retail,GB,0
4205,84879,134.92,15,0.1942,0.2859,transfer,gaming,NL,1
4206,89700,27.39,13,0.4891,0.0972,purchase,electronics,NL,0
4207,69636,99.7,10,0.0854,0.0427,purchase,retail,US,0
4208,33447,108.04,7,0.5305,0.6095,transfer,electronics,CN,1
4209,89711,81.26,19,0.4127,0.1091,purchase,travel,CN,0
4210,50315,23.46,8,0.0156,0.2005,purchase,grocery,US,0
4211,58906,29.64,2,0.4033,0.1532,purchase,retail,CN,0
4212,98038,101.03,16,0.598,0.074,purchase,gaming,DE,0
4213,70863,48.09,18,0.1899,0.2692,purchase,grocery,DE,0
4214,36462,56.68,14,0.1418,0.0434,withdrawal,retail,DE,0
4215,67153,116.9,20,0.5969,0.6495,purchase,gaming,CN,1
4216,78906,44.39,12,0.4312,0.3106,transfer,grocery,RU,0
4217,36006,74.26,22,0.0665,0.1026,withdrawal,retail,CN,0
4218,67228,54.87,22,0.5501,0.4556,purchase,travel,DE,1
4219,99461,54.28,10,0.0616,0.1044,transfer,retail,US,0
4220,74922,284.44,11,0.0223,0.5135,purchase,retail,GB,0
4221,42152,57.79,14,0.1768,0.0472,purchase,crypto,FR,0
4222,43721,70.42,19,0.2037,0.5835,purchase,gaming,CN,1
4223,32388,30.03,11,0.1518,0.1625,purchase,electronics,DE,0
4224,74459,160.68,13,0.2515,0.1441,refund,electronics,NL,0
4225,95779,34.62,22,0.2743,0.1412,purchase,grocery,FR,0
4226,61865,200.51,9,0.106,0.3922,purchase,grocery,FR,0
4227,28000,271.36,7,0.3785,0.0519,purchase,retail,DE,0
4228,88398,92.3,11,0.2425,0.2062,refund,grocery,DE,0
4229,12907,18.67,12,0.153,0.2529,purchase,travel,FR,0
4230,35476,240.05,16,0.1203,0.6671,withdrawal,electronics,CN,0
4231,54230,29.43,21,0.266,0.1076,purchase,electronics,DE,0
4232,17430,258.96,23,0.9361,0.24,purchase,grocery,GB,1
4233,89499,43.6,15,0.0455,0.0963,purchase,electronics,NL,0
4234,39330,91.18,23,0.505,0.2907,purchase,crypto,NL,0
4235,34979,328.28,9,0.2813,0.6401,transfer,electronics,GB,1
4236,77236,7.97,9,0.281,0.4642,purchase,gaming,FR,0
4237,78068,34.76,8,0.6296,0.0434,purchase,retail,DE,0
4238,56271,26.12,9,0.4227,0.1851,purchase,retail,DE,0
4239,53826,50.62,17,0.0539,0.1595,purchase,grocery,FR,0
4240,58037,58.24,8,0.7904,0.9155,purchase,retail,FR,0
4241,59211,39.82,8,0.0322,0.3106,purchase,electronics,DE,0
4242,23526,38.28,11,0.1782,0.2481,purchase,grocery,CN,0
4243,19560,26.82,22,0.62,0.3548,refund,crypto,RU,1
4244,23987,105.15,10,0.1103,0.168,purchase,retail,DE,0
4245,41426,54.94,14,0.0621,0.2858,withdrawal,grocery,DE,0
4246,23679,44.04,19,0.1549,0.6505,purchase,grocery,NL,0
4247,88160,48.22,7,0.1225,0.1526,purchase,grocery,GB,0
4248,50490,70.26,21,0.5741,0.3869,transfer,electronics,DE,1
4249,95551,1473.57,13,0.0747,0.1051,withdrawal,retail,FR,0
4250,58194,49.24,6,0.6423,0.1332,purchase,grocery,DE,0
4251,75639,27.46,8,0.2085,0.0048,purchase,retail,GB,0
4252,94955,8.39,9,0.304,0.2807,purchase,grocery,US,0
4253,12610,76.5,13,0.4541,0.6598,purchase,travel,DE,0
4254,38093,28.59,13,0.0671,0.0559,refund,gaming,NL,0
4255,63178,38.78,14,0.2913,0.5803,purchase,retail,US,0
4256,19145,190.06,19,0.3987,0.4942,transfer,crypto,US,1
4257,10407,511.82,20,0.4518,0.3882,transfer,crypto,GB,1
4258,51252,26.52,18,0.2099,0.312,purchase,crypto,NL,0
4259,25431,57.31,8,0.1895,0.0363,purchase,grocery,DE,0
4260,57873,26.23,16,0.0507,0.2776,purchase,electronics,DE,0
4261,50318,19.54,15,0.0605,0.2629,purchase,travel,GB,0
4262,63560,71.58,5,0.1118,0.228,purchase,electronics,FR,0
4263,61320,136.18,10,0.4291,0.0967,purchase,retail,DE,0
4264,88850,16.59,1,0.1571,0.1099,purchase,retail,DE,0
4265,30065,52.31,6,0.1518,0.0654,purchase,retail,DE,0
4266,48930,8.42,9,0.356,0.0277,purchase,retail,FR,0
4267,84591,12.14,9,0.0504,0.0821,purchase,travel,GB,0
4268,14347,25.78,20,0.0831,0.28,purchase,grocery,FR,0
4269,53693,111.57,20,0.5323,0.4036,purchase,travel,FR,0
4270,90296,21.94,13,0.2876,0.2872,purchase,crypto,DE,0
4271,95244,21.25,16,0.3328,0.2153,purchase,retail,DE,0
4272,46096,43.85,23,0.1082,0.0667,purchase,retail,DE,0
4273,78314,43.88,11,0.6348,0.8492,purchase,retail,FR,0
4274,12021,21.82,12,0.5547,0.1406,purchase,electronics,DE,0
4275,11373,230.05,15,0.2337,0.0716,purchase,retail,FR,0
4276,35846,465.38,18,0.3843,0.3789,purchase,electronics,CN,1
4277,26640,33.93,20,0.2907,0.1844,purchase,grocery,NL,0
4278,50983,46.83,17,0.1291,0.1899,purchase,grocery,US,0
4279,58467,30.22,5,0.0345,0.0558,withdrawal,retail,DE,0
4280,94328,61.8,16,0.1852,0.329,refund,gaming,NL,0
4281,10962,40.21,11,0.2781,0.3702,withdrawal,travel,FR,1
4282,13963,121.48,9,0.173,0.5289,purchase,crypto,US,0
4283,13836,174.88,9,0.2178,0.0471,withdrawal,electronics,CN,0
4284,88614,22.24,13,0.4265,0.2556,purchase,grocery,DE,0
4285,31499,108.38,15,0.3783,0.0993,purchase,travel,NL,0
4286,18150,67.85,7,0.09,0.1905,purchase,retail,DE,0
4287,36822,97.35,10,0.0042,0.1866,purchase,electronics,DE,0
4288,68929,39.33,16,0.049,0.0745,transfer,retail,GB,0
4289,38196,36.27,7,0.0303,0.2508,withdrawal,travel,US,0
4290,23562,94.19,18,0.1016,0.6063,withdrawal,retail,DE,0
4291,48546,95.73,11,0.0695,0.1109,purchase,electronics,GB,0
4292,40689,287.52,13,0.0093,0.4339,withdrawal,gaming,FR,1
4293,31722,90.53,8,0.3642,0.255,purchase,gaming,DE,1
4294,87432,160.91,13,0.4362,0.0847,transfer,grocery,NL,0
4295,54148,50.34,6,0.7038,0.4538,purchase,retail,DE,0
4296,63597,38.83,21,0.1855,0.1341,purchase,retail,DE,0
4297,32033,5.25,20,0.3977,0.1273,purchase,retail,GB,0
4298,85503,10.81,8,0.2293,0.2028,purchase,crypto,US,0
4299,90543,30.41,15,0.0179,0.3604,purchase,retail,DE,0
4300,32718,16.68,17,0.2066,0.072,purchase,grocery,FR,0
4301,72156,84.95,7,0.3273,0.1017,purchase,retail,DE,0
4302,53197,44.46,13,0.1139,0.2596,transfer,travel,DE,0
4303,67683,27.77,18,0.2578,0.0095,purchase,electronics,DE,0
4304,28477,28.71,12,0.4157,0.0853,withdrawal,gaming,US,0
4305,96834,118.4,20,0.1962,0.0498,purchase,grocery,NL,0
4306,86688,25.36,3,0.4325,0.0729,purchase,grocery,RU,0
4307,50897,62.46,20,0.4881,0.3024,purchase,retail,DE,0
4308,59856,50.22,22,0.2936,0.2621,purchase,electronics,CN,0
4309,52766,411.32,7,0.0153,0.281,purchase,crypto,DE,0
4310,57668,87.59,11,0.607,0.5502,refund,grocery,US,0
4311,38699,41.33,14,0.3231,0.0248,purchase,travel,DE,0
4312,35670,10.06,20,0.1005,0.4717,transfer,electronics,DE,0
4313,23189,34.92,7,0.0221,0.407,transfer,electronics,GB,0
4314,19546,41.81,10,0.4826,0.7456,transfer,travel,CN,0
4315,96472,230.95,16,0.6018,0.844,purchase,electronics,RU,1
4316,57418,54.22,17,0.2802,0.3524,purchase,grocery,NL,0
4317,59819,22.72,11,0.3376,0.0178,transfer,travel,US,0
4318,23775,112.14,14,0.0239,0.2487,purchase,retail,DE,0
4319,60150,43.02,13,0.0962,0.1316,withdrawal,crypto,US,0
4320,16565,143.7,22,0.1067,0.457,purchase,retail,DE,0
4321,63932,28.8,7,0.2064,0.2174,purchase,retail,CN,0
4322,74302,219.04,21,0.0499,0.5312,purchase,travel,FR,0
4323,67992,74.79,13,0.3236,0.1645,purchase,grocery,GB,0
4324,74038,181.07,5,0.8452,0.571,transfer,retail,DE,1
4325,26745,103.67,20,0.1206,0.3655,refund,retail,GB,0
4326,13598,17.54,7,0.075,0.0279,purchase,grocery,DE,0
4327,70268,25.77,18,0.2824,0.6586,withdrawal,travel,CN,1
4328,83713,23.68,14,0.1917,0.1895,purchase,travel,DE,0
4329,15707,23.83,18,0.264,0.1957,transfer,grocery,NL,0
4330,92236,49.74,17,0.1772,0.1253,purchase,grocery,DE,0
4331,68471,36.68,0,0.3966,0.0915,purchase,retail,GB,0
4332,88449,172.07,11,0.6599,0.2706,refund,gaming,US,0
4333,55627,144.38,11,0.6953,0.3934,purchase,electronics,DE,1
4334,29278,31.2,7,0.228,0.3461,purchase,crypto,DE,0
4335,56371,21.65,7,0.3072,0.8217,withdrawal,travel,NL,0
4336,78575,222.61,5,0.6538,0.3776,purchase,crypto,CN,1
4337,92012,84.0,2,0.5718,0.2294,purchase,crypto,FR,1
4338,71410,67.76,3,0.7061,0.6927,purchase,crypto,CN,1
4339,48129,36.49,16,0.1272,0.0848,purchase,grocery,RU,0
4340,70178,109.53,21,0.0287,0.0841,purchase,travel,FR,0
4341,45543,11.75,14,0.3204,0.0156,purchase,gaming,US,0
4342,18102,19.24,15,0.6698,0.7381,purchase,grocery,CN,1
4343,40445,57.08,6,0.0453,0.405,purchase,retail,DE,0
4344,48366,137.43,9,0.0177,0.3348,purchase,grocery,GB,0
4345,47414,36.39,10,0.1159,0.0693,purchase,grocery,DE,0
4346,10608,27.12,7,0.0952,0.0557,purchase,retail,DE,0
4347,33987,93.28,18,0.0325,0.3439,transfer,grocery,FR,0
4348,98233,18.42,8,0.191,0.1691,purchase,gaming,CN,0
4349,99560,41.71,7,0.1735,0.1562,purchase,retail,NL,0
4350,31626,163.93,6,0.4125,0.4831,transfer,grocery,RU,1
4351,41070,17.57,16,0.1523,0.2013,purchase,retail,CN,0
4352,96432,104.41,0,0.4102,0.5776,withdrawal,crypto,CN,1
4353,27710,8.67,7,0.1786,0.37,purchase,travel,GB,0
4354,79302,35.66,5,0.8204,0.7877,transfer,travel,RU,1
4355,58498,37.37,11,0.1016,0.1408,purchase,retail,GB,0
4356,29010,14.53,12,0.1455,0.0595,purchase,retail,US,0
4357,86865,42.1,6,0.0788,0.1545,transfer,gaming,DE,0
4358,48546,109.7,13,0.0478,0.2084,purchase,grocery,GB,0
4359,37092,205.64,12,0.2292,0.1144,purchase,retail,US,0
4360,63763,46.04,15,0.345,0.1431,purchase,grocery,GB,0
4361,56324,101.12,8,0.2038,0.1679,purchase,retail,NL,0
4362,13830,59.69,10,0.27,0.2425,transfer,retail,DE,0
4363,25834,30.7,15,0.0469,0.5125,purchase,grocery,CN,0
4364,59888,8.28,2,0.1094,0.1834,purchase,retail,DE,0
4365,77705,1262.4,7,0.1163,0.0405,withdrawal,gaming,FR,0
4366,41420,17.43,9,0.5025,0.5046,purchase,retail,DE,0
4367,92790,137.74,6,0.0992,0.048,purchase,retail,DE,0
4368,17384,67.11,3,0.1824,0.3531,purchase,travel,DE,0
4369,47379,18.55,23,0.2759,0.162,withdrawal,electronics,NL,0
4370,72526,272.88,11,0.1908,0.3037,purchase,retail,DE,0
4371,23273,260.6,13,0.0632,0.5499,purchase,grocery,US,0
4372,60968,156.85,9,0.1611,0.115,purchase,electronics,DE,0
4373,99796,27.5,0,0.0504,0.1352,transfer,electronics,DE,0
4374,83063,23.22,16,0.0021,0.1084,purchase,retail,DE,0
4375,43622,46.3,16,0.127,0.5991,purchase,crypto,DE,0
4376,91147,36.94,22,0.1097,0.2335,purchase,retail,DE,0
4377,81864,117.89,1,0.0748,0.0617,purchase,electronics,US,0
4378,27598,79.73,7,0.3807,0.1628,transfer,retail,US,0
4379,69912,10.09,16,0.5995,0.882,purchase,travel,DE,0
4380,69053,62.83,6,0.4666,0.6043,purchase,gaming,RU,1
4381,39876,62.79,10,0.022,0.0509,purchase,grocery,DE,0
4382,38770,36.52,5,0.1224,0.4586,purchase,grocery,NL,0
4383,30970,43.88,9,0.064,0.348,withdrawal,grocery,GB,0
4384,60472,52.54,6,0.2476,0.0156,purchase,electronics,CN,0
4385,20892,650.64,18,0.3339,0.1447,transfer,grocery,CN,0
4386,23793,97.62,19,0.0783,0.1143,purchase,gaming,DE,0
4387,83455,22.48,14,0.1397,0.0674,transfer,retail,US,0
4388,32428,40.45,10,0.1372,0.0736,transfer,retail,FR,0
4389,65484,29.04,17,0.633,0.0814,refund,retail,CN,0
4390,83057,99.16,3,0.4893,0.7913,purchase,gaming,NL,1
4391,11584,74.45,14,0.2051,0.0644,purchase,crypto,NL,0
4392,28769,38.75,17,0.1299,0.0409,purchase,travel,FR,0
4393,13618,203.98,12,0.1125,0.1243,withdrawal,travel,NL,0
4394,44993,9.92,21,0.1222,0.1008,purchase,crypto,DE,0
4395,36301,41.66,9,0.0599,0.2259,purchase,grocery,NL,0
4396,86928,40.54,14,0.0213,0.4062,transfer,retail,DE,0
4397,84615,54.3,18,0.1074,0.0616,purchase,retail,FR,0
4398,33717,18.76,20,0.5268,0.113,purchase,retail,DE,0
4399,38372,12.66,21,0.5656,0.3452,refund,grocery,FR,0
4400,57380,13.17,11,0.735,0.6201,purchase,retail,US,0
4401,59257,131.8,15,0.3356,0.2744,transfer,electronics,NL,0
4402,25898,18.44,9,0.2763,0.3879,purchase,grocery,DE,0
4403,71597,50.36,4,0.7932,0.8931,refund,electronics,GB,1
4404,28069,27.81,15,0.3989,0.251,purchase,gaming,GB,0
4405,91424,254.41,8,0.2181,0.0489,purchase,travel,NL,0
4406,31313,22.78,11,0.0711,0.5947,refund,travel,DE,0
4407,97442,387.4,20,0.0528,0.2946,purchase,electronics,DE,0
4408,35127,105.03,18,0.028,0.2233,purchase,electronics,DE,0
4409,38558,492.77,12,0.615,0.5194,purchase,grocery,FR,0
4410,19787,13.71,7,0.4875,0.2715,purchase,electronics,FR,0
4411,11677,23.19,11,0.1821,0.1146,purchase,electronics,US,0
4412,62653,85.84,17,0.9138,0.7999,purchase,retail,GB,1
4413,84156,54.98,7,0.8393,0.2114,purchase,electronics,FR,0
4414,49595,219.13,5,0.0609,0.0968,withdrawal,travel,DE,0
4415,17432,22.26,20,0.8999,0.9314,purchase,electronics,DE,0
4416,11737,27.95,12,0.186,0.282,transfer,retail,DE,0
4417,70178,60.74,6,0.3014,0.3436,withdrawal,retail,DE,0
4418,13100,16.24,18,0.1564,0.3468,withdrawal,travel,NL,1
4419,12453,308.57,23,0.2601,0.4259,transfer,crypto,CN,1
4420,77521,224.16,16,0.077,0.0238,refund,grocery,US,0
4421,71786,75.81,5,0.0933,0.0803,purchase,retail,FR,0
4422,84572,20.71,11,0.3296,0.0511,purchase,travel,DE,0
4423,54144,27.05,8,0.0594,0.2781,transfer,electronics,US,0
4424,98541,51.07,8,0.3471,0.0371,withdrawal,retail,FR,0
4425,14397,920.28,13,0.1662,0.2836,purchase,travel,GB,0
4426,14959,34.72,16,0.2989,0.201,purchase,retail,DE,0
4427,50366,41.72,12,0.0146,0.3345,purchase,retail,DE,0
4428,54431,123.23,18,0.1472,0.1322,purchase,retail,FR,0
4429,93574,1086.99,20,0.1251,0.0817,transfer,retail,FR,0
4430,17981,86.93,1,0.6604,0.6972,purchase,electronics,GB,1
4431,90281,277.84,18,0.0785,0.1843,withdrawal,electronics,GB,0
4432,60458,106.28,21,0.074,0.1987,purchase,grocery,NL,0
4433,74395,43.62,20,0.0287,0.2663,refund,retail,US,0
4434,67640,45.72,18,0.5396,0.0702,purchase,crypto,CN,0
4435,70445,11.88,9,0.1829,0.0482,purchase,grocery,FR,0
4436,58101,6.83,8,0.3903,0.5397,purchase,grocery,NL,0
4437,63090,123.24,16,0.2822,0.4106,purchase,travel,GB,0
4438,30494,45.44,18,0.2531,0.356,purchase,electronics,DE,0
4439,65017,50.68,18,0.2956,0.0603,purchase,travel,DE,0
4440,50341,14.71,14,0.8888,0.4563,withdrawal,travel,US,0
4441,84236,30.13,4,0.6973,0.2342,purchase,crypto,RU,1
4442,51351,19.74,18,0.3548,0.1591,purchase,retail,NL,0
4443,33031,104.89,16,0.3538,0.3113,withdrawal,retail,DE,0
4444,92824,186.63,15,0.1599,0.182,purchase,retail,NL,0
4445,51616,25.08,3,0.1724,0.3767,purchase,grocery,DE,0
4446,32271,75.25,12,0.1831,0.0207,purchase,gaming,FR,0
4447,41071,200.98,2,0.0886,0.0817,refund,retail,NL,0
4448,55038,38.38,6,0.059,0.4759,purchase,gaming,US,0
4449,45342,205.24,13,0.0117,0.2116,purchase,retail,FR,0
4450,88828,8.28,1,0.9728,0.3714,transfer,grocery,US,1
4451,29196,28.93,3,0.2569,0.2711,purchase,electronics,DE,0
4452,44309,122.07,20,0.1448,0.3808,withdrawal,retail,GB,0
4453,18293,58.8,11,0.2008,0.1097,purchase,grocery,NL,0
4454,47254,41.92,15,0.2017,0.1069,purchase,travel,NL,0
4455,60624,136.48,7,0.1664,0.1051,purchase,gaming,DE,0
4456,31250,54.41,18,0.1304,0.3512,purchase,retail,DE,0
4457,61782,39.17,12,0.2139,0.0046,purchase,electronics,NL,0
4458,66759,137.35,13,0.1071,0.5261,purchase,crypto,GB,0
4459,80773,227.62,15,0.5058,0.5113,purchase,retail,NL,1
4460,45427,122.96,15,0.0496,0.3263,withdrawal,grocery,DE,0
4461,43689,118.12,13,0.2131,0.2255,purchase,retail,NL,0
4462,80881,145.5,0,0.4091,0.4584,withdrawal,gaming,RU,1
4463,50981,2.0,13,0.0905,0.1083,purchase,grocery,DE,0
4464,65604,61.82,16,0.1747,0.0174,transfer,retail,GB,0
4465,93448,50.92,18,0.5041,0.0129,purchase,retail,US,0
4466,62561,41.28,9,0.1386,0.008,purchase,travel,FR,0
4467,90168,71.4,20,0.1915,0.5582,withdrawal,grocery,DE,0
4468,72986,53.06,10,0.0485,0.4043,purchase,retail,FR,0
4469,35192,75.65,9,0.6488,0.6804,purchase,gaming,NL,0
4470,14138,33.86,10,0.189,0.2426,purchase,retail,DE,0
4471,98437,151.94,10,0.2099,0.1258,purchase,grocery,DE,0
4472,31335,82.44,10,0.057,0.0529,purchase,electronics,DE,0
4473,91443,104.6,2,0.8202,0.5407,purchase,travel,CN,1
4474,42874,194.51,14,0.8143,0.7618,purchase,electronics,NL,1
4475,19441,67.43,18,0.0396,0.2415,refund,travel,US,0
4476,82255,64.69,13,0.0374,0.0334,purchase,travel,DE,0
4477,67917,113.71,22,0.0769,0.0177,purchase,electronics,FR,0
4478,16040,101.34,6,0.3176,0.1745,purchase,grocery,GB,0
4479,33610,38.63,14,0.5166,0.2279,withdrawal,grocery,DE,0
4480,39210,98.67,6,0.4732,0.2038,transfer,retail,GB,0
4481,68102,49.3,11,0.1642,0.065,purchase,retail,DE,0
4482,72819,216.89,10,0.0471,0.1559,purchase,grocery,RU,0
4483,67508,108.1,15,0.1118,0.129,purchase,grocery,FR,0
4484,65342,24.98,16,0.3698,0.3654,purchase,grocery,FR,0
4485,94115,308.31,9,0.1945,0.0487,purchase,electronics,FR,0
4486,81757,7.12,8,0.1792,0.7101,transfer,grocery,DE,0
4487,78082,73.09,11,0.0689,0.3058,withdrawal,grocery,FR,0
4488,46978,23.53,9,0.0695,0.0526,withdrawal,grocery,DE,0
4489,55134,210.58,15,0.1801,0.299,purchase,retail,US,0
4490,31920,52.71,12,0.141,0.0103,purchase,grocery,CN,0
4491,62529,21.66,18,0.2631,0.041,purchase,electronics,DE,0
4492,51682,33.9,22,0.3729,0.0042,purchase,retail,US,0
4493,91335,117.29,10,0.1108,0.0389,purchase,grocery,NL,0
4494,41030,125.12,20,0.0209,0.4578,purchase,grocery,DE,0
4495,40327,32.16,17,0.4008,0.1028,purchase,travel,DE,0
4496,41919,22.46,7,0.5065,0.125,purchase,grocery,NL,0
4497,41657,53.49,18,0.3505,0.0324,purchase,retail,DE,0
4498,57937,59.3,12,0.0554,0.1786,transfer,grocery,NL,0
4499,16468,18.23,16,0.0504,0.0228,purchase,retail,DE,0
4500,41566,10.39,16,0.1983,0.0369,purchase,retail,US,0
4501,86632,194.0,6,0.4147,0.5116,purchase,travel,RU,1
4502,21892,55.39,19,0.319,0.5947,purchase,retail,US,0
4503,87546,66.83,17,0.3454,0.2405,withdrawal,retail,FR,0
4504,13419,79.1,18,0.2531,0.2045,purchase,retail,NL,0
4505,77505,67.93,10,0.1322,0.0316,purchase,retail,DE,0
4506,57708,161.87,22,0.3823,0.276,purchase,grocery,US,0
4507,97121,99.24,15,0.0517,0.0934,purchase,retail,US,0
4508,36043,414.82,17,0.3989,0.0461,purchase,grocery,NL,0
4509,87679,593.21,19,0.0853,0.054,withdrawal,retail,DE,0
4510,79046,9.54,7,0.3296,0.0592,purchase,electronics,FR,0
4511,12064,6.57,10,0.0655,0.0774,purchase,retail,NL,0
4512,65073,42.25,18,0.1625,0.3667,purchase,electronics,CN,0
4513,17618,264.55,20,0.1935,0.2,purchase,retail,CN,0
4514,82184,39.86,17,0.8375,0.2684,purchase,crypto,GB,0
4515,51147,77.33,12,0.1689,0.4995,withdrawal,electronics,DE,0
4516,38243,33.79,9,0.541,0.3104,purchase,electronics,FR,0
4517,46147,23.57,12,0.2843,0.1883,purchase,retail,CN,0
4518,63955,193.84,11,0.0249,0.1095,purchase,travel,DE,0
4519,11484,35.87,19,0.5932,0.2784,purchase,retail,NL,0
4520,96429,87.09,13,0.0872,0.3731,purchase,grocery,US,0
4521,50762,28.11,11,0.0363,0.2426,purchase,crypto,DE,0
4522,31477,33.26,12,0.3061,0.2252,transfer,grocery,DE,0
4523,94377,69.04,21,0.1387,0.1062,purchase,grocery,CN,0
4524,95343,35.91,14,0.0904,0.0866,purchase,grocery,US,0
4525,28409,109.86,8,0.1446,0.0901,purchase,retail,FR,0
4526,26116,19.46,12,0.1078,0.1204,withdrawal,retail,CN,0
4527,28782,16.19,12,0.217,0.1444,transfer,gaming,NL,0
4528,23657,55.09,10,0.0536,0.0803,purchase,travel,DE,0
4529,36460,59.96,16,0.4552,0.5968,purchase,crypto,DE,0
4530,76147,20.38,9,0.1688,0.205,purchase,travel,US,0
4531,84623,133.23,12,0.3299,0.3159,purchase,retail,FR,0
4532,98258,218.37,11,0.0773,0.1662,purchase,grocery,DE,0
4533,98407,24.94,12,0.1896,0.1324,purchase,retail,FR,0
4534,83125,150.54,13,0.1508,0.0399,purchase,gaming,DE,0
4535,16365,5.61,15,0.41,0.2917,purchase,retail,DE,0
4536,15502,106.13,7,0.113,0.0297,purchase,grocery,NL,0
4537,51195,20.51,9,0.4434,0.0324,purchase,gaming,NL,0
4538,26056,469.12,17,0.0088,0.0644,transfer,retail,FR,0
4539,36875,18.78,20,0.2275,0.3025,transfer,electronics,NL,0
4540,72330,40.12,3,0.3133,0.0591,purchase,travel,FR,0
4541,77951,103.0,12,0.5977,0.7208,transfer,travel,GB,1
4542,87722,67.26,15,0.586,0.7466,refund,retail,DE,1
4543,27711,21.36,5,0.2596,0.181,purchase,grocery,DE,0
4544,50743,35.45,21,0.088,0.0894,transfer,retail,NL,0
4545,98755,201.43,7,0.0414,0.1496,purchase,electronics,GB,0
4546,69447,38.79,22,0.1426,0.0728,transfer,retail,NL,0
4547,92023,255.64,18,0.3573,0.011,transfer,electronics,NL,0
4548,48764,30.63,7,0.1297,0.1168,purchase,travel,DE,0
4549,47524,151.11,6,0.3194,0.2121,purchase,retail,DE,0
4550,52892,10.68,22,0.1409,0.124,purchase,grocery,FR,0
4551,87272,57.61,20,0.5317,0.4872,refund,electronics,RU,1
4552,86034,33.33,9,0.1879,0.4763,purchase,travel,DE,0
4553,25526,127.73,7,0.4453,0.3529,purchase,retail,CN,1
4554,82579,190.7,13,0.1069,0.2096,transfer,grocery,DE,0
4555,86028,157.13,9,0.0198,0.0958,purchase,electronics,GB,0
4556,62964,322.85,4,0.3133,0.5695,transfer,gaming,DE,1
4557,51448,49.77,14,0.0675,0.1918,purchase,crypto,NL,0
4558,28702,7.21,18,0.0217,0.2513,transfer,electronics,DE,0
4559,40912,77.65,12,0.7764,0.3131,withdrawal,travel,DE,1
4560,50320,13.96,15,0.0902,0.0434,purchase,retail,US,0
4561,80549,17.98,3,0.1931,0.1865,purchase,grocery,FR,0
4562,72840,94.06,14,0.2362,0.1305,purchase,gaming,GB,0
4563,27476,84.29,15,0.0787,0.1448,purchase,grocery,FR,0
4564,13753,32.94,8,0.4458,0.3534,purchase,retail,FR,0
4565,71595,26.68,17,0.158,0.3209,purchase,retail,GB,0
4566,64825,419.75,14,0.0027,0.0774,purchase,electronics,FR,0
4567,48258,54.6,0,0.0921,0.6306,purchase,retail,NL,0
4568,65918,348.16,1,0.3992,0.5606,withdrawal,retail,RU,1
4569,64845,62.74,21,0.0333,0.2228,withdrawal,grocery,NL,0
4570,63152,58.36,11,0.1899,0.083,purchase,grocery,GB,0
4571,46664,33.67,9,0.3863,0.1454,withdrawal,crypto,GB,0
4572,54535,286.64,6,0.1017,0.2467,purchase,travel,GB,0
4573,13283,46.38,10,0.0782,0.4587,withdrawal,crypto,CN,0
4574,49925,64.9,9,0.4575,0.1155,transfer,retail,CN,0
4575,19820,13.68,9,0.2153,0.1961,purchase,electronics,DE,0
4576,69601,71.69,17,0.1199,0.1315,purchase,retail,NL,0
4577,10043,101.76,14,0.2644,0.2903,purchase,retail,NL,0
4578,42449,122.06,0,0.8049,0.8227,purchase,crypto,DE,1
4579,50735,55.86,7,0.1477,0.2037,purchase,crypto,DE,0
4580,91268,122.94,9,0.4668,0.3705,withdrawal,crypto,US,1
4581,44982,70.88,16,0.172,0.3334,purchase,grocery,FR,0
4582,13766,38.73,16,0.4184,0.4017,transfer,grocery,DE,0
4583,63970,90.71,12,0.2007,0.5881,purchase,travel,FR,0
4584,91093,44.95,23,0.4814,0.0855,purchase,electronics,GB,0
4585,49833,16.03,9,0.1765,0.4563,purchase,grocery,DE,0
4586,90670,85.39,4,0.4483,0.388,transfer,electronics,CN,0
4587,52130,10.6,2,0.0179,0.1265,purchase,travel,US,0
4588,71812,54.07,10,0.1561,0.1081,purchase,electronics,NL,0
4589,60064,30.67,12,0.0336,0.425,transfer,gaming,RU,0
4590,83321,29.05,5,0.0371,0.0674,purchase,travel,DE,0
4591,38122,49.21,13,0.2313,0.1443,purchase,electronics,DE,0
4592,51039,23.27,20,0.1896,0.1406,purchase,retail,DE,0
4593,69044,65.72,17,0.0706,0.0626,purchase,electronics,DE,0
4594,31872,44.62,15,0.2652,0.147,purchase,crypto,GB,0
4595,99474,25.16,15,0.0314,0.3166,purchase,grocery,FR,0
4596,49046,132.62,16,0.4749,0.3384,purchase,grocery,CN,0
4597,94631,191.86,12,0.0452,0.1636,refund,travel,FR,0
4598,85708,72.69,11,0.3255,0.1923,purchase,retail,CN,0
4599,54054,141.76,9,0.0291,0.368,purchase,retail,NL,0
4600,62813,139.79,6,0.224,0.1245,purchase,gaming,DE,0
4601,59196,69.6,13,0.3254,0.0942,purchase,retail,NL,0
4602,87516,32.88,12,0.0791,0.1962,purchase,travel,US,0
4603,72721,12.61,7,0.2214,0.1473,purchase,retail,DE,0
4604,80194,50.69,9,0.0619,0.1987,purchase,retail,FR,0
4605,45048,107.81,17,0.245,0.1558,purchase,retail,DE,0
4606,27220,57.46,9,0.375,0.7749,purchase,electronics,NL,0
4607,97157,2.28,11,0.2135,0.3706,purchase,retail,DE,0
4608,83700,89.08,7,0.304,0.042,transfer,retail,FR,0
4609,74400,93.86,8,0.1181,0.2655,transfer,electronics,DE,0
4610,10707,32.92,17,0.1747,0.2249,purchase,crypto,DE,0
4611,26049,98.51,5,0.1277,0.1061,purchase,travel,GB,0
4612,97745,72.51,9,0.1067,0.0715,purchase,grocery,DE,0
4613,17912,23.74,22,0.0543,0.398,transfer,grocery,DE,0
4614,33626,125.29,12,0.3144,0.3719,purchase,electronics,FR,0
4615,40027,14.48,14,0.249,0.4565,transfer,retail,FR,0
4616,36533,40.5,14,0.4634,0.6261,purchase,retail,DE,0
4617,93461,841.22,3,0.4241,0.532,transfer,retail,DE,1
4618,39481,37.21,8,0.0777,0.0112,purchase,travel,FR,0
4619,97692,136.35,10,0.2683,0.301,withdrawal,gaming,DE,0
4620,94877,55.05,11,0.1592,0.2423,transfer,gaming,DE,0
4621,13876,129.52,8,0.2285,0.1614,purchase,grocery,FR,0
4622,69426,122.8,9,0.6286,0.2448,purchase,gaming,DE,0
4623,80420,78.66,14,0.3688,0.2127,purchase,retail,DE,0
4624,35913,10.06,6,0.038,0.0369,purchase,retail,US,0
4625,96178,13.66,7,0.0021,0.21,purchase,grocery,NL,0
4626,38304,48.97,13,0.1896,0.249,purchase,travel,DE,0
4627,95325,41.3,11,0.1264,0.0879,withdrawal,retail,DE,0
4628,84884,27.84,14,0.0378,0.2609,transfer,travel,DE,0
4629,63935,214.76,1,0.3905,0.2547,purchase,retail,US,0
4630,17248,46.52,16,0.2022,0.079,transfer,gaming,RU,0
4631,39796,67.43,18,0.09,0.1526,purchase,grocery,DE,0
4632,81456,98.47,12,0.0838,0.1348,purchase,gaming,GB,0
4633,69720,44.55,18,0.0681,0.1288,purchase,travel,DE,0
4634,77298,384.68,11,0.1894,0.673,purchase,electronics,GB,0
4635,39216,19.12,5,0.1713,0.2684,purchase,crypto,CN,0
4636,41253,25.4,10,0.3324,0.1912,purchase,grocery,DE,0
4637,17874,19.08,11,0.2107,0.2106,refund,retail,DE,0
4638,65554,1212.85,19,0.3671,0.1049,refund,retail,GB,0
4639,32166,84.08,10,0.1879,0.2099,purchase,grocery,FR,0
4640,82124,182.48,10,0.194,0.0275,refund,retail,FR,0
4641,51878,20.4,19,0.132,0.0202,refund,gaming,FR,0
4642,22135,411.6,0,0.745,0.5506,purchase,crypto,RU,1
4643,67914,951.03,9,0.0679,0.4422,purchase,grocery,DE,0
4644,95484,421.86,17,0.5858,0.3842,purchase,electronics,DE,1
4645,87832,57.83,14,0.0241,0.1483,purchase,travel,FR,0
4646,30846,141.01,10,0.1908,0.1955,purchase,retail,DE,0
4647,95457,40.4,21,0.2459,0.3842,purchase,gaming,DE,0
4648,68864,65.68,8,0.3702,0.0107,purchase,retail,DE,0
4649,65062,54.88,16,0.186,0.1083,purchase,grocery,US,0
4650,70174,25.02,13,0.2662,0.097,transfer,electronics,DE,0
4651,10821,37.62,22,0.2785,0.3422,purchase,retail,NL,0
4652,28623,15.54,23,0.1333,0.2298,purchase,electronics,RU,0
4653,52445,64.71,17,0.3419,0.5158,purchase,electronics,RU,0
4654,20122,81.21,6,0.0888,0.0425,withdrawal,grocery,NL,0
4655,21117,98.66,12,0.0579,0.179,purchase,grocery,DE,0
4656,78895,74.93,19,0.2026,0.2599,purchase,electronics,FR,0
4657,18341,38.13,14,0.2574,0.4121,purchase,gaming,FR,0
4658,46990,159.04,19,0.1125,0.3634,transfer,retail,US,0
4659,68538,90.78,17,0.0286,0.2017,purchase,retail,GB,0
4660,70094,138.42,10,0.0227,0.3083,purchase,retail,US,0
4661,86545,146.0,8,0.2769,0.2426,purchase,crypto,DE,0
4662,14855,279.33,10,0.0803,0.0726,purchase,grocery,RU,0
4663,27361,59.13,15,0.1295,0.0872,transfer,grocery,NL,0
4664,79783,82.14,12,0.5544,0.0725,purchase,retail,CN,0
4665,15701,16.01,3,0.0211,0.0423,purchase,retail,GB,0
4666,80623,16.31,16,0.0781,0.0979,purchase,travel,GB,0
4667,91414,14.09,3,0.2224,0.233,transfer,retail,DE,0
4668,49728,38.79,11,0.1827,0.3104,withdrawal,grocery,DE,0
4669,77942,32.03,12,0.1532,0.0628,purchase,retail,DE,0
4670,34190,12.55,12,0.022,0.398,purchase,electronics,FR,0
4671,31164,48.28,7,0.4229,0.4429,purchase,retail,GB,0
4672,14186,39.2,16,0.3955,0.0908,refund,crypto,DE,0
4673,62300,40.14,20,0.5318,0.3477,withdrawal,retail,CN,1
4674,35316,116.15,18,0.22,0.1163,purchase,crypto,RU,0
4675,14503,235.34,15,0.033,0.2955,withdrawal,retail,NL,0
4676,45833,62.68,21,0.1162,0.0675,refund,grocery,GB,0
4677,68439,23.52,9,0.4757,0.0988,withdrawal,retail,US,0
4678,31768,73.68,7,0.5467,0.0731,purchase,grocery,FR,0
4679,28670,687.16,2,0.8716,0.4756,withdrawal,travel,RU,1
4680,13026,42.86,5,0.2488,0.1464,purchase,grocery,DE,0
4681,70725,34.67,16,0.5762,0.5105,purchase,electronics,FR,0
4682,20433,20.44,7,0.3192,0.3348,purchase,travel,FR,0
4683,91390,28.66,21,0.2786,0.4215,purchase,retail,RU,0
4684,66565,36.56,14,0.2592,0.0828,withdrawal,grocery,DE,0
4685,74395,84.22,17,0.103,0.0864,purchase,gaming,DE,0
4686,34558,79.19,13,0.2477,0.7511,withdrawal,electronics,CN,1
4687,16149,65.65,11,0.0662,0.0088,transfer,retail,GB,0
4688,85636,200.69,16,0.0266,0.0795,purchase,retail,GB,0
4689,29992,75.43,11,0.4109,0.1763,purchase,retail,US,0
4690,28024,60.99,13,0.1285,0.1179,purchase,electronics,CN,0
4691,92050,225.61,17,0.2497,0.1445,transfer,crypto,NL,0
4692,23948,17.6,9,0.2488,0.0449,purchase,retail,US,0
4693,19315,26.2,19,0.1785,0.2978,purchase,retail,RU,0
4694,44948,23.46,16,0.4408,0.0096,purchase,electronics,DE,0
4695,21215,4.82,16,0.5093,0.7349,purchase,travel,NL,0
4696,66754,18.04,9,0.257,0.58,purchase,retail,FR,0
4697,71967,165.98,6,0.2766,0.0933,withdrawal,travel,GB,0
4698,87321,58.17,5,0.2229,0.2848,purchase,retail,DE,0
4699,68110,30.88,14,0.3649,0.074,purchase,electronics,US,0
4700,76908,59.66,7,0.1009,0.3134,purchase,retail,FR,0
4701,71553,8.08,23,0.0485,0.2512,purchase,grocery,DE,0
4702,66469,54.04,22,0.2993,0.1932,transfer,grocery,GB,0
4703,54770,125.95,2,0.2478,0.3867,purchase,grocery,DE,0
4704,41460,38.36,16,0.8669,0.586,purchase,grocery,US,0
4705,50355,9.43,9,0.0724,0.1015,purchase,crypto,US,0
4706,99176,29.91,10,0.2145,0.161,purchase,grocery,DE,0
4707,54053,126.14,9,0.2713,0.0102,purchase,retail,DE,0
4708,33273,52.98,18,0.2817,0.096,transfer,retail,GB,0
4709,38633,12.74,20,0.0884,0.3556,refund,retail,FR,0
4710,29623,318.14,3,0.7857,0.2671,purchase,electronics,DE,0
4711,36831,14.65,9,0.2116,0.115,purchase,retail,FR,0
4712,63893,34.59,11,0.1358,0.539,purchase,retail,DE,0
4713,12532,17.61,12,0.3356,0.1086,purchase,crypto,DE,0
4714,81588,17.63,6,0.0342,0.2317,purchase,electronics,DE,0
4715,74900,68.98,23,0.5048,0.3162,purchase,travel,GB,1
4716,97748,28.95,18,0.1214,0.1913,transfer,grocery,US,0
4717,63612,73.02,21,0.3551,0.1856,purchase,travel,US,0
4718,44779,127.35,11,0.1639,0.1819,transfer,grocery,US,0
4719,73227,30.62,19,0.1206,0.107,purchase,travel,DE,0
4720,45215,11.01,3,0.5302,0.3584,purchase,crypto,GB,1
4721,27372,18.02,15,0.2433,0.3938,purchase,crypto,GB,0
4722,83590,63.87,14,0.1542,0.2877,refund,electronics,NL,0
4723,11594,65.48,18,0.1437,0.4219,purchase,grocery,NL,0
4724,91438,52.16,12,0.3035,0.0474,purchase,retail,DE,0
4725,86154,116.74,18,0.2036,0.4651,purchase,retail,RU,1
4726,62073,53.75,13,0.0805,0.3664,purchase,retail,DE,0
4727,52428,38.64,9,0.4692,0.5696,purchase,grocery,DE,0
4728,10683,46.22,16,0.0191,0.0954,purchase,retail,DE,0
4729,39190,212.9,7,0.0701,0.1466,transfer,crypto,NL,0
4730,55682,105.61,9,0.1839,0.3762,purchase,grocery,DE,0
4731,92393,282.64,12,0.1146,0.0956,transfer,retail,FR,0
4732,45700,49.54,10,0.3363,0.2145,purchase,retail,GB,0
4733,16423,42.28,9,0.598,0.0063,purchase,retail,FR,0
4734,52636,52.85,8,0.0201,0.0914,refund,grocery,FR,0
4735,33599,24.31,19,0.3935,0.7488,withdrawal,grocery,US,0
4736,26399,81.47,14,0.2144,0.0238,purchase,travel,NL,0
4737,44786,30.59,2,0.7417,0.2182,purchase,crypto,US,1
4738,70951,126.2,22,0.4759,0.2613,purchase,electronics,RU,1
4739,63629,61.87,10,0.0154,0.1736,purchase,grocery,NL,0
4740,99676,29.74,18,0.0245,0.0709,purchase,travel,DE,0
4741,43705,91.54,18,0.238,0.1701,purchase,grocery,NL,0
4742,69502,43.21,6,0.1244,0.2591,purchase,retail,FR,0
4743,66923,18.64,13,0.2959,0.1541,purchase,retail,CN,0
4744,34292,57.33,9,0.2879,0.2313,purchase,electronics,GB,0
4745,71734,28.4,0,0.5485,0.4863,transfer,crypto,DE,1
4746,48837,472.39,4,0.4744,0.3431,refund,electronics,RU,1
4747,98165,52.01,13,0.3169,0.2127,purchase,grocery,US,0
4748,66886,96.19,16,0.0495,0.3005,purchase,retail,NL,0
4749,79079,86.21,0,0.0691,0.1071,purchase,grocery,DE,0
4750,78294,38.75,12,0.0346,0.42,purchase,retail,NL,0
4751,59675,187.06,9,0.2267,0.0584,purchase,retail,RU,0
4752,88779,42.58,13,0.1368,0.0854,purchase,travel,DE,0
4753,55010,57.91,6,0.0637,0.0226,purchase,grocery,DE,0
4754,50829,144.6,23,0.813,0.7918,purchase,retail,FR,1
4755,89801,64.15,18,0.06,0.4269,purchase,grocery,DE,0
4756,93809,54.94,13,0.1971,0.1123,transfer,grocery,GB,0
4757,38034,39.36,8,0.4241,0.2154,refund,travel,DE,0
4758,92543,99.22,17,0.1299,0.336,withdrawal,electronics,CN,0
4759,73324,746.86,16,0.5301,0.4334,purchase,travel,NL,1
4760,76409,23.97,2,0.2539,0.1543,purchase,grocery,GB,0
4761,92035,349.85,14,0.1211,0.0907,withdrawal,grocery,NL,0
4762,89557,81.34,12,0.4146,0.0043,withdrawal,travel,DE,0
4763,46800,16.31,3,0.5339,0.0236,purchase,retail,FR,0
4764,62267,49.77,9,0.2259,0.329,refund,electronics,DE,0
4765,62611,82.01,5,0.1318,0.2774,refund,retail,NL,0
4766,10017,31.6,16,0.2015,0.5251,transfer,retail,DE,0
4767,17334,60.61,16,0.3716,0.1324,purchase,crypto,FR,0
4768,54723,17.58,6,0.0866,0.2293,refund,travel,DE,0
4769,59476,67.41,6,0.1248,0.1236,purchase,grocery,FR,0
4770,54448,9.57,19,0.2493,0.0424,transfer,electronics,FR,0
4771,94693,12.4,8,0.2257,0.652,withdrawal,grocery,CN,0
4772,16547,67.11,9,0.3615,0.2583,purchase,grocery,RU,0
4773,95805,32.4,3,0.7971,0.3349,purchase,travel,CN,1
4774,38357,35.19,15,0.3611,0.0019,purchase,electronics,NL,0
4775,46516,373.05,19,0.4083,0.2343,transfer,travel,RU,1
4776,45527,15.45,22,0.1138,0.3208,transfer,gaming,US,1
4777,27340,23.54,4,0.3415,0.3144,purchase,grocery,DE,0
4778,69773,27.92,21,0.653,0.0306,refund,grocery,DE,0
4779,86317,40.85,1,0.1756,0.4207,transfer,retail,RU,0
4780,56144,64.19,18,0.0181,0.2056,purchase,electronics,NL,0
4781,70456,21.42,10,0.0174,0.0362,purchase,grocery,NL,0
4782,11624,26.97,7,0.5805,0.2583,purchase,grocery,DE,0
4783,23062,57.1,10,0.1672,0.4333,purchase,grocery,CN,0
4784,98178,34.19,22,0.1469,0.2458,refund,travel,DE,0
4785,87888,152.49,13,0.4781,0.0732,purchase,grocery,FR,0
4786,39783,7.84,4,0.1763,0.0816,purchase,crypto,DE,0
4787,70006,384.0,21,0.0962,0.496,refund,crypto,FR,0
4788,47325,45.47,7,0.3398,0.1145,transfer,retail,DE,0
4789,51724,112.81,4,0.3987,0.0019,purchase,gaming,DE,0
4790,64024,17.61,3,0.3128,0.3362,purchase,grocery,DE,0
4791,90853,42.98,18,0.2187,0.1336,withdrawal,grocery,DE,0
4792,96576,104.34,11,0.3945,0.7952,transfer,electronics,DE,1
4793,43811,497.02,7,0.216,0.0611,withdrawal,electronics,DE,0
4794,42114,46.21,8,0.1589,0.6608,purchase,grocery,FR,0
4795,95626,171.12,21,0.2336,0.1017,purchase,electronics,DE,0
4796,44579,77.41,14,0.3438,0.1552,transfer,grocery,DE,0
4797,15141,46.99,2,0.777,0.4983,withdrawal,crypto,DE,1
4798,59219,38.82,9,0.1992,0.1756,purchase,electronics,DE,0
4799,92452,79.64,13,0.1263,0.1239,purchase,grocery,FR,0
4800,29662,44.32,9,0.2499,0.1455,purchase,retail,NL,0
4801,14978,44.19,12,0.1644,0.0399,transfer,travel,FR,0
4802,20872,127.98,10,0.2484,0.1374,purchase,travel,FR,0
4803,47729,55.95,3,0.5175,0.8277,purchase,gaming,RU,1
4804,56155,19.82,14,0.5408,0.7924,purchase,retail,RU,0
4805,57612,43.37,17,0.1233,0.4795,refund,travel,FR,0
4806,96149,116.89,10,0.2062,0.2219,purchase,crypto,FR,0
4807,88213,55.29,7,0.474,0.6031,transfer,grocery,NL,0
4808,53224,31.07,10,0.0467,0.3816,purchase,retail,DE,0
4809,48233,9.97,17,0.1449,0.0166,purchase,retail,FR,0
4810,44809,6.17,17,0.3244,0.2402,purchase,retail,DE,0
4811,89427,248.33,17,0.3563,0.3497,transfer,retail,DE,0
4812,17855,55.27,22,0.1732,0.4347,purchase,grocery,GB,0
4813,83370,84.44,18,0.0967,0.1359,transfer,retail,DE,0
4814,60722,57.23,22,0.1338,0.0837,purchase,grocery,FR,0
4815,15255,19.0,14,0.0585,0.3257,purchase,gaming,GB,0
4816,55031,52.42,22,0.3103,0.5472,transfer,electronics,FR,1
4817,44017,35.91,2,0.5218,0.7215,transfer,travel,CN,1
4818,46966,25.88,4,0.3808,0.262,withdrawal,gaming,CN,1
4819,15927,32.09,8,0.4222,0.1926,purchase,grocery,RU,0
4820,77785,19.11,14,0.7917,0.2616,purchase,grocery,NL,0
4821,72576,12.79,8,0.0381,0.6116,purchase,grocery,US,0
4822,30632,7.1,6,0.3698,0.2965,refund,crypto,DE,0
4823,45690,10.94,9,0.1641,0.1561,purchase,retail,DE,0
4824,83342,101.3,10,0.2081,0.0937,purchase,crypto,FR,0
4825,51821,122.76,16,0.1275,0.2153,purchase,electronics,NL,0
4826,81171,67.0,10,0.501,0.1075,purchase,grocery,DE,0
4827,63655,751.97,0,0.6366,0.5657,purchase,electronics,GB,0
4828,17736,43.12,20,0.0657,0.1648,purchase,crypto,FR,0
4829,82647,32.99,13,0.266,0.1108,purchase,gaming,NL,0
4830,97469,47.61,8,0.0991,0.3762,refund,grocery,US,0
4831,70112,29.84,9,0.0915,0.1006,purchase,gaming,DE,0
4832,29945,118.31,7,0.1256,0.0102,purchase,travel,DE,0
4833,14257,209.57,20,0.3705,0.1698,purchase,retail,GB,0
4834,55452,145.82,8,0.2362,0.0386,purchase,retail,FR,0
4835,32771,6.83,21,0.0491,0.3424,purchase,grocery,US,0
4836,42469,56.24,2,0.6065,0.7154,purchase,gaming,CN,1
4837,87913,95.61,1,0.5272,0.7605,purchase,retail,DE,1
4838,63440,258.66,12,0.669,0.7222,transfer,retail,CN,1
4839,29507,29.33,9,0.2707,0.1315,purchase,travel,DE,0
4840,58669,42.67,17,0.2381,0.3957,purchase,gaming,FR,0
4841,90518,63.03,0,0.0093,0.3588,purchase,retail,GB,0
4842,99131,9.79,12,0.0656,0.4001,withdrawal,retail,NL,0
4843,87430,9.66,10,0.1372,0.2522,purchase,electronics,DE,0
4844,92805,129.12,10,0.0831,0.0209,transfer,grocery,GB,0
4845,24567,26.44,23,0.131,0.1252,purchase,travel,FR,0
4846,33666,12.01,16,0.195,0.0713,purchase,grocery,RU,0
4847,48000,16.64,9,0.2475,0.5297,purchase,retail,NL,0
4848,41417,59.26,16,0.1544,0.159,purchase,retail,DE,0
4849,84054,21.13,7,0.0816,0.0524,transfer,grocery,FR,0
4850,89407,52.22,20,0.3029,0.0704,purchase,retail,DE,0
4851,84960,18.51,11,0.2057,0.2588,purchase,retail,GB,0
4852,66727,9.65,8,0.1657,0.4436,transfer,retail,US,0
4853,10032,142.7,9,0.2329,0.1732,purchase,gaming,NL,0
4854,80301,59.65,7,0.0324,0.0798,purchase,grocery,NL,0
4855,76683,32.02,21,0.4599,0.3745,purchase,retail,DE,0
4856,61600,27.3,9,0.0408,0.3506,purchase,travel,DE,0
4857,28091,147.7,7,0.5695,0.0695,purchase,electronics,CN,0
4858,95481,70.3,18,0.0556,0.1583,withdrawal,electronics,FR,0
4859,35383,113.36,7,0.7593,0.6032,transfer,grocery,RU,1
4860,56951,512.34,8,0.3139,0.0163,purchase,crypto,GB,0
4861,63537,25.89,6,0.3344,0.0689,withdrawal,travel,US,0
4862,56913,44.39,15,0.2517,0.0521,purchase,grocery,DE,0
4863,33180,59.85,0,0.2128,0.0109,withdrawal,travel,US,0
4864,26125,26.64,18,0.1154,0.1011,purchase,retail,DE,0
4865,64497,39.2,13,0.1834,0.3094,purchase,electronics,GB,0
4866,33970,25.89,9,0.5725,0.5772,purchase,retail,DE,0
4867,47021,259.36,0,0.0324,0.1069,purchase,electronics,RU,1
4868,95856,59.69,12,0.0989,0.0302,purchase,travel,US,0
4869,87076,13.83,9,0.4355,0.1473,purchase,grocery,FR,0
4870,67028,69.14,13,0.2909,0.2715,withdrawal,retail,FR,0
4871,38900,418.75,13,0.2506,0.0801,purchase,electronics,NL,0
4872,52821,35.77,17,0.0477,0.2063,purchase,gaming,US,0
4873,63520,62.31,12,0.0484,0.1206,purchase,grocery,DE,0
4874,81801,31.18,17,0.0358,0.019,withdrawal,electronics,RU,0
4875,76311,24.06,5,0.2954,0.0057,purchase,electronics,US,0
4876,91382,67.5,20,0.1968,0.1329,purchase,retail,FR,0
4877,89866,70.03,8,0.0934,0.0285,purchase,travel,DE,0
4878,60842,197.05,18,0.1281,0.085,purchase,crypto,DE,0
4879,25363,25.68,12,0.2266,0.4154,purchase,retail,FR,0
4880,82431,36.4,6,0.2206,0.2887,transfer,travel,US,0
4881,83477,26.6,10,0.0657,0.1112,purchase,grocery,CN,0
4882,31008,155.45,20,0.4222,0.4172,withdrawal,grocery,FR,0
4883,87693,373.97,18,0.4662,0.3801,purchase,retail,DE,0
4884,29429,43.05,16,0.1158,0.0727,purchase,retail,GB,0
4885,74669,19.24,10,0.0556,0.0619,purchase,electronics,DE,0
4886,11822,79.69,13,0.189,0.5175,purchase,retail,NL,0
4887,68559,25.28,9,0.1418,0.0607,purchase,retail,FR,0
4888,28550,24.41,14,0.2685,0.1509,transfer,crypto,NL,0
4889,62882,82.0,9,0.3106,0.4349,purchase,retail,DE,0
4890,80412,59.1,18,0.114,0.4892,purchase,electronics,DE,0
4891,50680,5.06,16,0.1497,0.3367,withdrawal,crypto,DE,0
4892,64607,288.89,10,0.1304,0.1485,purchase,gaming,CN,0
4893,69289,21.03,2,0.1105,0.6592,transfer,gaming,US,1
4894,81167,47.31,15,0.3818,0.095,purchase,electronics,US,0
4895,12056,31.86,10,0.111,0.0243,purchase,crypto,US,0
4896,55160,48.73,7,0.1923,0.4404,transfer,retail,NL,0
4897,57022,9.13,9,0.4168,0.1378,purchase,crypto,FR,0
4898,42285,3.83,9,0.2939,0.1518,transfer,grocery,DE,0
4899,95236,18.56,8,0.2162,0.3915,purchase,retail,NL,0
4900,20224,54.05,15,0.362,0.0344,purchase,electronics,DE,0
4901,60887,2.74,16,0.1127,0.2985,purchase,retail,NL,0
4902,45208,20.76,11,0.116,0.1028,purchase,retail,DE,0
4903,69840,8.3,23,0.1996,0.0613,purchase,retail,DE,0
4904,88801,34.6,19,0.4232,0.0071,purchase,grocery,NL,0
4905,81749,224.58,6,0.482,0.218,transfer,grocery,RU,0
4906,46400,35.35,12,0.2662,0.2506,purchase,retail,FR,0
4907,14797,38.81,20,0.1691,0.1169,withdrawal,electronics,DE,0
4908,60817,86.78,8,0.231,0.2735,withdrawal,gaming,GB,0
4909,35189,43.3,10,0.1602,0.5999,withdrawal,retail,FR,0
4910,91803,35.42,21,0.1052,0.1456,transfer,grocery,GB,0
4911,73042,93.47,17,0.1423,0.127,purchase,gaming,US,0
4912,67873,63.5,18,0.1739,0.4493,purchase,retail,DE,0
4913,37550,54.34,19,0.1846,0.0303,purchase,retail,DE,0
4914,63301,37.79,8,0.5275,0.8398,withdrawal,grocery,FR,0
4915,42505,31.69,15,0.1078,0.2109,purchase,retail,DE,0
4916,93891,92.72,17,0.5201,0.1365,purchase,retail,DE,0
4917,64500,31.94,8,0.102,0.2911,purchase,gaming,FR,0
4918,38688,121.09,3,0.0378,0.311,purchase,retail,FR,0
4919,69897,17.46,8,0.192,0.6316,transfer,grocery,FR,0
4920,97795,143.84,16,0.2564,0.1559,withdrawal,retail,NL,0
4921,46134,63.51,15,0.0506,0.048,purchase,grocery,CN,0
4922,87826,117.05,19,0.1285,0.0016,transfer,retail,CN,0
4923,84267,65.54,10,0.1946,0.1992,purchase,retail,FR,0
4924,60531,133.93,14,0.0782,0.2196,purchase,travel,NL,0
4925,40638,43.75,1,0.1048,0.0636,purchase,grocery,FR,0
4926,45406,28.12,21,0.0872,0.2608,purchase,retail,GB,0
4927,73649,37.98,13,0.0522,0.2069,purchase,crypto,FR,0
4928,20630,94.65,16,0.0614,0.4153,purchase,crypto,DE,0
4929,91502,66.07,9,0.0784,0.4008,purchase,travel,FR,0
4930,45195,104.2,6,0.2071,0.2263,withdrawal,retail,RU,0
4931,62425,86.77,5,0.1527,0.241,transfer,gaming,DE,0
4932,44004,247.53,18,0.3107,0.2053,purchase,grocery,GB,0
4933,96536,56.92,7,0.195,0.3122,purchase,grocery,DE,0
4934,33759,23.97,18,0.3371,0.1902,purchase,electronics,GB,0
4935,52050,164.45,9,0.0372,0.3697,refund,electronics,FR,0
4936,53558,84.9,13,0.1402,0.005,purchase,grocery,GB,0
4937,75411,24.98,9,0.0142,0.1047,withdrawal,grocery,US,0
4938,97907,78.5,4,0.1672,0.1117,transfer,crypto,DE,0
4939,95174,35.04,13,0.2772,0.1176,transfer,grocery,NL,0
4940,43874,32.07,10,0.5272,0.0423,purchase,travel,DE,0
4941,47122,123.68,11,0.3155,0.4091,purchase,retail,CN,0
4942,38258,56.75,0,0.4635,0.6526,purchase,travel,FR,1
4943,98635,98.18,14,0.2164,0.0057,purchase,travel,FR,0
4944,35180,43.81,10,0.5194,0.3734,purchase,retail,DE,0
4945,50621,75.66,13,0.1683,0.2592,purchase,grocery,NL,0
4946,12808,85.59,15,0.0114,0.1974,transfer,grocery,NL,0
4947,19268,218.49,6,0.2873,0.1079,purchase,travel,FR,0
4948,23382,420.07,10,0.6158,0.2666,purchase,retail,US,0
4949,59965,70.46,6,0.0068,0.4334,purchase,retail,RU,0
4950,30625,64.36,0,0.0676,0.1941,purchase,retail,FR,0
4951,60855,168.25,0,0.6593,0.7314,purchase,travel,CN,1
4952,87066,21.93,4,0.5129,0.1352,purchase,grocery,GB,0
4953,49787,23.9,14,0.4784,0.4696,purchase,retail,DE,0
4954,79270,33.27,6,0.072,0.0901,purchase,electronics,DE,0
4955,62418,23.32,19,0.3554,0.1271,purchase,electronics,US,0
4956,75628,12.16,17,0.2598,0.0934,purchase,retail,DE,0
4957,62013,75.53,0,0.1328,0.2907,purchase,travel,DE,0
4958,25235,57.08,13,0.2371,0.3149,purchase,grocery,NL,0
4959,27207,13.62,0,0.1546,0.0094,refund,retail,DE,0
4960,98142,34.65,6,0.1991,0.3719,purchase,travel,US,0
4961,16810,36.36,23,0.0938,0.2009,purchase,electronics,RU,0
4962,96187,383.52,11,0.2116,0.4011,purchase,electronics,DE,0
4963,41060,16.95,1,0.3725,0.0756,purchase,retail,RU,0
4964,69090,105.94,18,0.0538,0.0266,transfer,retail,GB,0
4965,83611,118.63,2,0.5048,0.7337,refund,grocery,CN,1
4966,95369,66.14,20,0.5643,0.3945,purchase,gaming,FR,0
4967,27576,11.54,13,0.0175,0.4258,purchase,gaming,FR,0
4968,80322,34.89,16,0.1409,0.4405,withdrawal,retail,US,0
4969,39698,37.78,18,0.4508,0.7094,purchase,travel,FR,1
4970,21428,32.23,17,0.0766,0.0283,purchase,retail,DE,0
4971,48561,38.29,16,0.0174,0.4931,purchase,travel,DE,0
4972,61327,207.96,0,0.5356,0.5795,purchase,electronics,CN,1
4973,94177,52.71,12,0.0789,0.103,purchase,grocery,FR,0
4974,37207,165.47,18,0.3404,0.3809,purchase,electronics,FR,0
4975,89724,10.92,12,0.4451,0.0041,purchase,retail,NL,0
4976,38813,89.58,9,0.4224,0.1841,purchase,grocery,DE,0
4977,54982,5.03,0,0.4008,0.0496,purchase,grocery,NL,0
4978,75645,560.64,10,0.1285,0.2989,transfer,travel,CN,0
4979,40455,7.49,6,0.1399,0.1295,withdrawal,travel,FR,0
4980,66419,337.29,5,0.4644,0.3228,refund,gaming,FR,0
4981,54350,30.53,12,0.2615,0.064,withdrawal,grocery,DE,0
4982,60306,51.69,4,0.7136,0.3608,purchase,electronics,RU,1
4983,30122,127.34,21,0.0837,0.1239,purchase,retail,GB,0
4984,99465,106.86,6,0.5603,0.4141,purchase,crypto,GB,0
4985,93971,29.34,9,0.0821,0.106,purchase,grocery,NL,0
4986,33540,183.44,18,0.4425,0.2725,refund,gaming,CN,0
4987,84247,20.87,11,0.3221,0.5166,purchase,electronics,FR,0
4988,88675,83.04,17,0.3417,0.3298,transfer,grocery,NL,0
4989,50721,29.67,13,0.0935,0.2615,purchase,retail,US,0
4990,72045,21.2,14,0.1379,0.229,refund,retail,GB,0
4991,63622,40.92,13,0.7894,0.2831,transfer,crypto,GB,1
4992,12511,67.13,7,0.0856,0.0354,purchase,travel,NL,0
4993,32527,19.83,10,0.2089,0.0779,purchase,electronics,NL,0
4994,52446,32.15,14,0.1195,0.1223,transfer,retail,DE,0
4995,37222,46.57,1,0.053,0.3107,purchase,travel,DE,0
4996,23756,24.63,8,0.0828,0.0561,purchase,retail,DE,0
4997,21945,164.6,10,0.1509,0.6535,refund,retail,NL,0
4998,20715,156.76,15,0.0903,0.0791,purchase,retail,FR,0
4999,73365,35.74,12,0.3785,0.0255,purchase,retail,US,0
5000,72369,31.32,16,0.399,0.2129,withdrawal,retail,DE,0
